Portefeuille;Programme;Nom_programme;Element;Nom_element;Repartition;Supercategorie;Type_de_credits;Montant
Assemblée nationale;01;Secrétariat général et affaires juridiques et parlementaires;01;Secrétariat général et affaires juridiques;Dépenses;Rémunération;Permanents;3 368 000
Assemblée nationale;01;Secrétariat général et affaires juridiques et parlementaires;01;Secrétariat général et affaires juridiques;Dépenses;Fonctionnement;Permanents;560 000
Assemblée nationale;01;Secrétariat général et affaires juridiques et parlementaires;02;Affaires parlementaires;Dépenses;Rémunération;Permanents;8 280 000
Assemblée nationale;01;Secrétariat général et affaires juridiques et parlementaires;02;Affaires parlementaires;Dépenses;Fonctionnement;Permanents;2 277 000
Assemblée nationale;01;Secrétariat général et affaires juridiques et parlementaires;02;Affaires parlementaires;Investissements;Prêts, placements, avances et autres coûts;Permanents;5 000
Assemblée nationale;02;Secrétariat général adjoint à l'administration, affaires institutionnelles et Bibliothèque de l'Assemblée nationale;01;Affaires institutionnelles et de la Bibliothèque de l'Assemblée nationale;Dépenses;Rémunération;Permanents;19 953 000
Assemblée nationale;02;Secrétariat général adjoint à l'administration, affaires institutionnelles et Bibliothèque de l'Assemblée nationale;01;Affaires institutionnelles et de la Bibliothèque de l'Assemblée nationale;Dépenses;Fonctionnement;Permanents;4 389 000
Assemblée nationale;02;Secrétariat général adjoint à l'administration, affaires institutionnelles et Bibliothèque de l'Assemblée nationale;01;Affaires institutionnelles et de la Bibliothèque de l'Assemblée nationale;Investissements;Prêts, placements, avances et autres coûts;Permanents;3 000
Assemblée nationale;02;Secrétariat général adjoint à l'administration, affaires institutionnelles et Bibliothèque de l'Assemblée nationale;01;Affaires institutionnelles et de la Bibliothèque de l'Assemblée nationale;Investissements;Immobilisations autres qu'en ressources informationnelles;Permanents;511 000
Assemblée nationale;02;Secrétariat général adjoint à l'administration, affaires institutionnelles et Bibliothèque de l'Assemblée nationale;01;Affaires institutionnelles et de la Bibliothèque de l'Assemblée nationale;Investissements;Immobilisations en ressources informationnelles;Permanents;3 000
Assemblée nationale;02;Secrétariat général adjoint à l'administration, affaires institutionnelles et Bibliothèque de l'Assemblée nationale;02;Affaires administratives et sécurité;Dépenses;Rémunération;Permanents;36 973 000
Assemblée nationale;02;Secrétariat général adjoint à l'administration, affaires institutionnelles et Bibliothèque de l'Assemblée nationale;02;Affaires administratives et sécurité;Dépenses;Fonctionnement;Permanents;15 200 000
Assemblée nationale;02;Secrétariat général adjoint à l'administration, affaires institutionnelles et Bibliothèque de l'Assemblée nationale;02;Affaires administratives et sécurité;Investissements;Immobilisations autres qu'en ressources informationnelles;Permanents;8 222 000
Assemblée nationale;02;Secrétariat général adjoint à l'administration, affaires institutionnelles et Bibliothèque de l'Assemblée nationale;02;Affaires administratives et sécurité;Investissements;Immobilisations en ressources informationnelles;Permanents;7 426 000
Assemblée nationale;02;Secrétariat général adjoint à l'administration, affaires institutionnelles et Bibliothèque de l'Assemblée nationale;02;Affaires administratives et sécurité;Dépenses;;Ne nécessitant pas de crédits;8 151 000
Assemblée nationale;03;Services statutaires aux parlementaires;01;Indemnités et allocations aux parlementaires;Dépenses;Rémunération;Permanents;24 153 000
Assemblée nationale;03;Services statutaires aux parlementaires;01;Indemnités et allocations aux parlementaires;Dépenses;Fonctionnement;Permanents;15 848 000
Assemblée nationale;03;Services statutaires aux parlementaires;01;Indemnités et allocations aux parlementaires;Investissements;Prêts, placements, avances et autres coûts;Permanents;6 000
Assemblée nationale;03;Services statutaires aux parlementaires;02;Dépenses du personnel des cabinets et des députés;Dépenses;Rémunération;Permanents;34 166 000
Assemblée nationale;03;Services statutaires aux parlementaires;02;Dépenses du personnel des cabinets et des députés;Dépenses;Fonctionnement;Permanents;2 804 000
Assemblée nationale;03;Services statutaires aux parlementaires;02;Dépenses du personnel des cabinets et des députés;Dépenses;Transferts;Permanents;31 000
Assemblée nationale;03;Services statutaires aux parlementaires;03;Services de recherche des partis politiques;Dépenses;Rémunération;Permanents;2 523 000
Assemblée nationale;03;Services statutaires aux parlementaires;03;Services de recherche des partis politiques;Dépenses;Fonctionnement;Permanents;214 000
Assemblée nationale;03;Services statutaires aux parlementaires;04;Régime de retraite des membres de l'Assemblée nationale;Dépenses;Rémunération;Permanents;11 155 000
Personnes désignées par l'Assemblée nationale;01;Le Protecteur du citoyen;01;Le Protecteur du citoyen;Dépenses;Rémunération;Annuels;23 148 000
Personnes désignées par l'Assemblée nationale;01;Le Protecteur du citoyen;01;Le Protecteur du citoyen;Dépenses;Rémunération;Permanents;505 000
Personnes désignées par l'Assemblée nationale;01;Le Protecteur du citoyen;01;Le Protecteur du citoyen;Dépenses;Fonctionnement;Annuels;3 801 000
Personnes désignées par l'Assemblée nationale;01;Le Protecteur du citoyen;01;Le Protecteur du citoyen;Investissements;Immobilisations autres qu'en ressources informationnelles;Annuels;75 000
Personnes désignées par l'Assemblée nationale;01;Le Protecteur du citoyen;01;Le Protecteur du citoyen;Investissements;Immobilisations en ressources informationnelles;Annuels;523 000
Personnes désignées par l'Assemblée nationale;01;Le Protecteur du citoyen;01;Le Protecteur du citoyen;Dépenses;;Ne nécessitant pas de crédits;196 000
Personnes désignées par l'Assemblée nationale;02;Le Vérificateur général;01;Le Vérificateur général;Dépenses;Rémunération;Annuels;38 727 000
Personnes désignées par l'Assemblée nationale;02;Le Vérificateur général;01;Le Vérificateur général;Dépenses;Fonctionnement;Annuels;7 015 000
Personnes désignées par l'Assemblée nationale;02;Le Vérificateur général;01;Le Vérificateur général;Investissements;Prêts, placements, avances et autres coûts;Annuels;167 000
Personnes désignées par l'Assemblée nationale;02;Le Vérificateur général;01;Le Vérificateur général;Investissements;Immobilisations autres qu'en ressources informationnelles;Annuels;15 000
Personnes désignées par l'Assemblée nationale;02;Le Vérificateur général;01;Le Vérificateur général;Investissements;Immobilisations en ressources informationnelles;Annuels;663 000
Personnes désignées par l'Assemblée nationale;02;Le Vérificateur général;01;Le Vérificateur général;Dépenses;;Ne nécessitant pas de crédits;894 000
Personnes désignées par l'Assemblée nationale;03;Administration du système électoral;01;Gestion interne et soutien;Dépenses;Rémunération;Permanents;33 544 000
Personnes désignées par l'Assemblée nationale;03;Administration du système électoral;01;Gestion interne et soutien;Dépenses;Fonctionnement;Permanents;11 585 000
Personnes désignées par l'Assemblée nationale;03;Administration du système électoral;01;Gestion interne et soutien;Investissements;Immobilisations autres qu'en ressources informationnelles;Permanents;23 000
Personnes désignées par l'Assemblée nationale;03;Administration du système électoral;01;Gestion interne et soutien;Investissements;Immobilisations en ressources informationnelles;Permanents;1 357 000
Personnes désignées par l'Assemblée nationale;03;Administration du système électoral;01;Gestion interne et soutien;Dépenses;;Ne nécessitant pas de crédits;1 325 000
Personnes désignées par l'Assemblée nationale;03;Administration du système électoral;02;Commission de la représentation électorale;Dépenses;Rémunération;Permanents;18 000
Personnes désignées par l'Assemblée nationale;03;Administration du système électoral;02;Commission de la représentation électorale;Dépenses;Fonctionnement;Permanents;50 000
Personnes désignées par l'Assemblée nationale;03;Administration du système électoral;03;Activités électorales;Dépenses;Rémunération;Permanents;1 499 000
Personnes désignées par l'Assemblée nationale;03;Administration du système électoral;03;Activités électorales;Dépenses;Fonctionnement;Permanents;1 450 000
Personnes désignées par l'Assemblée nationale;03;Administration du système électoral;03;Activités électorales;Dépenses;Transferts;Permanents;13 353 000
Personnes désignées par l'Assemblée nationale;03;Administration du système électoral;03;Activités électorales;Investissements;Immobilisations en ressources informationnelles;Permanents;2 328 000
Personnes désignées par l'Assemblée nationale;03;Administration du système électoral;03;Activités électorales;Dépenses;;Ne nécessitant pas de crédits;1 309 000
Personnes désignées par l'Assemblée nationale;04;Le Commissaire au lobbyisme;01;Le Commissaire au lobbyisme;Dépenses;Rémunération;Annuels;4 719 000
Personnes désignées par l'Assemblée nationale;04;Le Commissaire au lobbyisme;01;Le Commissaire au lobbyisme;Dépenses;Fonctionnement;Annuels;1 788 000
Personnes désignées par l'Assemblée nationale;04;Le Commissaire au lobbyisme;01;Le Commissaire au lobbyisme;Investissements;Immobilisations en ressources informationnelles;Annuels;45 000
Personnes désignées par l'Assemblée nationale;04;Le Commissaire au lobbyisme;01;Le Commissaire au lobbyisme;Dépenses;;Ne nécessitant pas de crédits;473 000
Personnes désignées par l'Assemblée nationale;05;Le Commissaire à l'éthique et à la déontologie;01;Le Commissaire à l'éthique et à la déontologie;Dépenses;Rémunération;Permanents;2 259 000
Personnes désignées par l'Assemblée nationale;05;Le Commissaire à l'éthique et à la déontologie;01;Le Commissaire à l'éthique et à la déontologie;Dépenses;Fonctionnement;Permanents;312 000
Personnes désignées par l'Assemblée nationale;05;Le Commissaire à l'éthique et à la déontologie;01;Le Commissaire à l'éthique et à la déontologie;Investissements;Immobilisations autres qu'en ressources informationnelles;Permanents;5 000
Personnes désignées par l'Assemblée nationale;05;Le Commissaire à l'éthique et à la déontologie;01;Le Commissaire à l'éthique et à la déontologie;Investissements;Immobilisations en ressources informationnelles;Permanents;3 000
Personnes désignées par l'Assemblée nationale;05;Le Commissaire à l'éthique et à la déontologie;01;Le Commissaire à l'éthique et à la déontologie;Dépenses;;Ne nécessitant pas de crédits;50 000
Personnes désignées par l'Assemblée nationale;06;Le Commissaire à la langue française;01;Le Commissaire à la langue française;Dépenses;Rémunération;Annuels;2 074 000
Personnes désignées par l'Assemblée nationale;06;Le Commissaire à la langue française;01;Le Commissaire à la langue française;Dépenses;Fonctionnement;Annuels;294 000
Affaires municipales et Habitation;01;Soutien aux activités ministérielles;01;Direction et administration;Dépenses;Rémunération;Annuels;18 206 000
Affaires municipales et Habitation;01;Soutien aux activités ministérielles;01;Direction et administration;Dépenses;Fonctionnement;Annuels;15 706 000
Affaires municipales et Habitation;01;Soutien aux activités ministérielles;01;Direction et administration;Dépenses;Fonctionnement;Permanents;19 000
Affaires municipales et Habitation;01;Soutien aux activités ministérielles;01;Direction et administration;Dépenses;Transferts;Annuels;715 000
Affaires municipales et Habitation;01;Soutien aux activités ministérielles;01;Direction et administration;Investissements;Immobilisations autres qu'en ressources informationnelles;Annuels;55 000
Affaires municipales et Habitation;01;Soutien aux activités ministérielles;01;Direction et administration;Investissements;Immobilisations en ressources informationnelles;Annuels;840 000
Affaires municipales et Habitation;01;Soutien aux activités ministérielles;01;Direction et administration;Dépenses;;Ne nécessitant pas de crédits;3 263 000
Affaires municipales et Habitation;01;Soutien aux activités ministérielles;02;Politiques et programmes;Dépenses;Rémunération;Annuels;42 840 000
Affaires municipales et Habitation;01;Soutien aux activités ministérielles;02;Politiques et programmes;Dépenses;Fonctionnement;Annuels;1 988 000
Affaires municipales et Habitation;01;Soutien aux activités ministérielles;02;Politiques et programmes;Dépenses;;Ne nécessitant pas de crédits;-2 000
Affaires municipales et Habitation;02;Modernisation des infrastructures municipales;01;Programmes en lien avec le Plan québécois des infrastructures;Dépenses;Rémunération;Annuels;135 000
Affaires municipales et Habitation;02;Modernisation des infrastructures municipales;01;Programmes en lien avec le Plan québécois des infrastructures;Dépenses;Fonctionnement;Annuels;28 000
Affaires municipales et Habitation;02;Modernisation des infrastructures municipales;01;Programmes en lien avec le Plan québécois des infrastructures;Dépenses;Transferts;Annuels;893 427 000
Affaires municipales et Habitation;02;Modernisation des infrastructures municipales;01;Programmes en lien avec le Plan québécois des infrastructures;Investissements;Immobilisations en ressources informationnelles;Annuels;268 000
Affaires municipales et Habitation;02;Modernisation des infrastructures municipales;01;Programmes en lien avec le Plan québécois des infrastructures;Dépenses;;Ne nécessitant pas de crédits;-5 682 000
Affaires municipales et Habitation;02;Modernisation des infrastructures municipales;02;Autres programmes d'infrastructures municipales;Dépenses;Transferts;Annuels;50 442 000
Affaires municipales et Habitation;02;Modernisation des infrastructures municipales;02;Autres programmes d'infrastructures municipales;Investissements;Immobilisations en ressources informationnelles;Annuels;36 000
Affaires municipales et Habitation;02;Modernisation des infrastructures municipales;02;Autres programmes d'infrastructures municipales;Dépenses;;Ne nécessitant pas de crédits;-1 000
Affaires municipales et Habitation;03;Compensations tenant lieu de taxes et soutien aux municipalités;01;Compensations tenant lieu de taxes;Dépenses;Transferts;Annuels;618 026 000
Affaires municipales et Habitation;03;Compensations tenant lieu de taxes et soutien aux municipalités;02;Aide financière aux municipalités;Dépenses;Transferts;Annuels;40 831 000
Affaires municipales et Habitation;03;Compensations tenant lieu de taxes et soutien aux municipalités;02;Aide financière aux municipalités;Dépenses;;Ne nécessitant pas de crédits;-153 000
Affaires municipales et Habitation;03;Compensations tenant lieu de taxes et soutien aux municipalités;03;Mesures financières de la Déclaration de réciprocité;Dépenses;Transferts;Annuels;777 618 000
Affaires municipales et Habitation;04;Développement des régions et des territoires;01;Soutien au développement des régions et à la ruralité;Dépenses;Affectation à un fonds spécial;Annuels;277 500 000
Affaires municipales et Habitation;04;Développement des régions et des territoires;02;Autres programmes d'aide financière aux territoires;Dépenses;Transferts;Annuels;9 000
Affaires municipales et Habitation;05;Promotion et développement de la région métropolitaine;01;Soutien à la région métropolitaine;Dépenses;Transferts;Annuels;147 609 000
Affaires municipales et Habitation;06;Commission municipale du Québec;01;Commission municipale du Québec;Dépenses;Rémunération;Annuels;11 633 000
Affaires municipales et Habitation;06;Commission municipale du Québec;01;Commission municipale du Québec;Dépenses;Fonctionnement;Annuels;1 799 000
Affaires municipales et Habitation;06;Commission municipale du Québec;01;Commission municipale du Québec;Dépenses;;Ne nécessitant pas de crédits;-36 000
Affaires municipales et Habitation;07;Habitation;01;Société d'habitation du Québec;Dépenses;Transferts;Annuels;922 139 000
Affaires municipales et Habitation;07;Habitation;01;Société d'habitation du Québec;Dépenses;Transferts;Permanents;49 830 000
Affaires municipales et Habitation;07;Habitation;02;Tribunal administratif du logement;Dépenses;Rémunération;Annuels;29 905 000
Affaires municipales et Habitation;07;Habitation;02;Tribunal administratif du logement;Dépenses;Fonctionnement;Annuels;7 422 000
Affaires municipales et Habitation;07;Habitation;02;Tribunal administratif du logement;Investissements;Immobilisations autres qu'en ressources informationnelles;Annuels;150 000
Affaires municipales et Habitation;07;Habitation;02;Tribunal administratif du logement;Investissements;Immobilisations en ressources informationnelles;Annuels;460 000
Affaires municipales et Habitation;07;Habitation;02;Tribunal administratif du logement;Dépenses;;Ne nécessitant pas de crédits;344 000
Affaires municipales et Habitation;07;Habitation;03;Soutien à l'habitation;Dépenses;Transferts;Annuels;43 750 000
Agriculture, Pêcheries et Alimentation;01;Développement des entreprises bioalimentaires et qualité des aliments;01;Direction et administration;Dépenses;Rémunération;Annuels;33 748 000
Agriculture, Pêcheries et Alimentation;01;Développement des entreprises bioalimentaires et qualité des aliments;01;Direction et administration;Dépenses;Fonctionnement;Annuels;24 319 000
Agriculture, Pêcheries et Alimentation;01;Développement des entreprises bioalimentaires et qualité des aliments;01;Direction et administration;Dépenses;Fonctionnement;Permanents;21 000
Agriculture, Pêcheries et Alimentation;01;Développement des entreprises bioalimentaires et qualité des aliments;01;Direction et administration;Dépenses;Créances douteuses et autres provisions;Permanents;1 350 000
Agriculture, Pêcheries et Alimentation;01;Développement des entreprises bioalimentaires et qualité des aliments;01;Direction et administration;Investissements;Immobilisations autres qu'en ressources informationnelles;Annuels;82 000
Agriculture, Pêcheries et Alimentation;01;Développement des entreprises bioalimentaires et qualité des aliments;01;Direction et administration;Investissements;Immobilisations en ressources informationnelles;Annuels;3 626 000
Agriculture, Pêcheries et Alimentation;01;Développement des entreprises bioalimentaires et qualité des aliments;01;Direction et administration;Dépenses;;Ne nécessitant pas de crédits;8 410 000
Agriculture, Pêcheries et Alimentation;01;Développement des entreprises bioalimentaires et qualité des aliments;02;Développement durable, territorial et sectoriel;Dépenses;Rémunération;Annuels;37 285 000
Agriculture, Pêcheries et Alimentation;01;Développement des entreprises bioalimentaires et qualité des aliments;02;Développement durable, territorial et sectoriel;Dépenses;Fonctionnement;Annuels;4 577 000
Agriculture, Pêcheries et Alimentation;01;Développement des entreprises bioalimentaires et qualité des aliments;02;Développement durable, territorial et sectoriel;Dépenses;Transferts;Annuels;140 584 000
Agriculture, Pêcheries et Alimentation;01;Développement des entreprises bioalimentaires et qualité des aliments;02;Développement durable, territorial et sectoriel;Investissements;Immobilisations autres qu'en ressources informationnelles;Annuels;113 000
Agriculture, Pêcheries et Alimentation;01;Développement des entreprises bioalimentaires et qualité des aliments;03;Transformation, marchés, main d'œuvre et politiques intergouvernementales;Dépenses;Rémunération;Annuels;5 820 000
Agriculture, Pêcheries et Alimentation;01;Développement des entreprises bioalimentaires et qualité des aliments;03;Transformation, marchés, main d'œuvre et politiques intergouvernementales;Dépenses;Fonctionnement;Annuels;1 009 000
Agriculture, Pêcheries et Alimentation;01;Développement des entreprises bioalimentaires et qualité des aliments;03;Transformation, marchés, main d'œuvre et politiques intergouvernementales;Dépenses;Transferts;Annuels;38 320 000
Agriculture, Pêcheries et Alimentation;01;Développement des entreprises bioalimentaires et qualité des aliments;04;Pêches et aquaculture commerciales;Dépenses;Rémunération;Annuels;4 123 000
Agriculture, Pêcheries et Alimentation;01;Développement des entreprises bioalimentaires et qualité des aliments;04;Pêches et aquaculture commerciales;Dépenses;Fonctionnement;Annuels;300 000
Agriculture, Pêcheries et Alimentation;01;Développement des entreprises bioalimentaires et qualité des aliments;04;Pêches et aquaculture commerciales;Dépenses;Transferts;Annuels;19 077 000
Agriculture, Pêcheries et Alimentation;01;Développement des entreprises bioalimentaires et qualité des aliments;04;Pêches et aquaculture commerciales;Investissements;Immobilisations autres qu'en ressources informationnelles;Annuels;1 935 000
Agriculture, Pêcheries et Alimentation;01;Développement des entreprises bioalimentaires et qualité des aliments;04;Pêches et aquaculture commerciales;Dépenses;;Ne nécessitant pas de crédits;-1 582 000
Agriculture, Pêcheries et Alimentation;01;Développement des entreprises bioalimentaires et qualité des aliments;05;Remboursement des taxes foncières et de compensations aux exploitations agricoles;Dépenses;Rémunération;Annuels;2 357 000
Agriculture, Pêcheries et Alimentation;01;Développement des entreprises bioalimentaires et qualité des aliments;05;Remboursement des taxes foncières et de compensations aux exploitations agricoles;Dépenses;Fonctionnement;Annuels;299 000
Agriculture, Pêcheries et Alimentation;01;Développement des entreprises bioalimentaires et qualité des aliments;05;Remboursement des taxes foncières et de compensations aux exploitations agricoles;Dépenses;Transferts;Annuels;256 800 000
Agriculture, Pêcheries et Alimentation;01;Développement des entreprises bioalimentaires et qualité des aliments;06;Salubrité alimentaire, inspection et santé animale;Dépenses;Rémunération;Annuels;40 820 000
Agriculture, Pêcheries et Alimentation;01;Développement des entreprises bioalimentaires et qualité des aliments;06;Salubrité alimentaire, inspection et santé animale;Dépenses;Fonctionnement;Annuels;20 401 000
Agriculture, Pêcheries et Alimentation;01;Développement des entreprises bioalimentaires et qualité des aliments;06;Salubrité alimentaire, inspection et santé animale;Dépenses;Transferts;Annuels;23 034 000
Agriculture, Pêcheries et Alimentation;01;Développement des entreprises bioalimentaires et qualité des aliments;06;Salubrité alimentaire, inspection et santé animale;Investissements;Immobilisations autres qu'en ressources informationnelles;Annuels;1 365 000
Agriculture, Pêcheries et Alimentation;01;Développement des entreprises bioalimentaires et qualité des aliments;07;Politiques bioalimentaires, programmes et innovation;Dépenses;Rémunération;Annuels;13 320 000
Agriculture, Pêcheries et Alimentation;01;Développement des entreprises bioalimentaires et qualité des aliments;07;Politiques bioalimentaires, programmes et innovation;Dépenses;Fonctionnement;Annuels;21 290 000
Agriculture, Pêcheries et Alimentation;01;Développement des entreprises bioalimentaires et qualité des aliments;07;Politiques bioalimentaires, programmes et innovation;Dépenses;Transferts;Annuels;101 147 000
Agriculture, Pêcheries et Alimentation;01;Développement des entreprises bioalimentaires et qualité des aliments;07;Politiques bioalimentaires, programmes et innovation;Investissements;Immobilisations autres qu'en ressources informationnelles;Annuels;7 582 000
Agriculture, Pêcheries et Alimentation;02;Organismes d'État;01;La Financière agricole du Québec;Dépenses;Transferts;Annuels;425 049 000
Agriculture, Pêcheries et Alimentation;02;Organismes d'État;02;Commission de protection du territoire agricole du Québec;Dépenses;Rémunération;Annuels;12 290 000
Agriculture, Pêcheries et Alimentation;02;Organismes d'État;02;Commission de protection du territoire agricole du Québec;Dépenses;Fonctionnement;Annuels;2 687 000
Agriculture, Pêcheries et Alimentation;02;Organismes d'État;02;Commission de protection du territoire agricole du Québec;Investissements;Immobilisations autres qu'en ressources informationnelles;Annuels;570 000
Agriculture, Pêcheries et Alimentation;02;Organismes d'État;02;Commission de protection du territoire agricole du Québec;Investissements;Immobilisations en ressources informationnelles;Annuels;4 000
Agriculture, Pêcheries et Alimentation;02;Organismes d'État;02;Commission de protection du territoire agricole du Québec;Dépenses;;Ne nécessitant pas de crédits;354 000
Agriculture, Pêcheries et Alimentation;02;Organismes d'État;03;Régie des marchés agricoles et alimentaires du Québec;Dépenses;Rémunération;Annuels;4 947 000
Agriculture, Pêcheries et Alimentation;02;Organismes d'État;03;Régie des marchés agricoles et alimentaires du Québec;Dépenses;Fonctionnement;Annuels;1 042 000
Agriculture, Pêcheries et Alimentation;02;Organismes d'État;03;Régie des marchés agricoles et alimentaires du Québec;Dépenses;Créances douteuses et autres provisions;Permanents;2 000
Agriculture, Pêcheries et Alimentation;02;Organismes d'État;03;Régie des marchés agricoles et alimentaires du Québec;Dépenses;;Ne nécessitant pas de crédits;2 000
Agriculture, Pêcheries et Alimentation;02;Organismes d'État;04;Institut de technologie agroalimentaire du Québec;Dépenses;Transferts;Annuels;43 391 000
Conseil du trésor et Administration gouvernementale;01;Soutien au Conseil du trésor;01;Direction et administration;Dépenses;Rémunération;Annuels;21 879 000
Conseil du trésor et Administration gouvernementale;01;Soutien au Conseil du trésor;01;Direction et administration;Dépenses;Fonctionnement;Annuels;13 927 000
Conseil du trésor et Administration gouvernementale;01;Soutien au Conseil du trésor;01;Direction et administration;Dépenses;Fonctionnement;Permanents;10 000
Conseil du trésor et Administration gouvernementale;01;Soutien au Conseil du trésor;01;Direction et administration;Dépenses;Transferts;Annuels;120 000
Conseil du trésor et Administration gouvernementale;01;Soutien au Conseil du trésor;01;Direction et administration;Investissements;Immobilisations autres qu'en ressources informationnelles;Annuels;67 000
Conseil du trésor et Administration gouvernementale;01;Soutien au Conseil du trésor;01;Direction et administration;Investissements;Immobilisations en ressources informationnelles;Annuels;2 047 000
Conseil du trésor et Administration gouvernementale;01;Soutien au Conseil du trésor;01;Direction et administration;Dépenses;;Ne nécessitant pas de crédits;2 389 000
Conseil du trésor et Administration gouvernementale;01;Soutien au Conseil du trésor;02;Gouvernance en gestion des ressources humaines;Dépenses;Rémunération;Annuels;40 422 000
Conseil du trésor et Administration gouvernementale;01;Soutien au Conseil du trésor;02;Gouvernance en gestion des ressources humaines;Dépenses;Fonctionnement;Annuels;2 141 000
Conseil du trésor et Administration gouvernementale;01;Soutien au Conseil du trésor;02;Gouvernance en gestion des ressources humaines;Dépenses;;Ne nécessitant pas de crédits;-12 000
Conseil du trésor et Administration gouvernementale;01;Soutien au Conseil du trésor;03;Gouvernance en gestion des ressources budgétaires et de la performance;Dépenses;Rémunération;Annuels;14 885 000
Conseil du trésor et Administration gouvernementale;01;Soutien au Conseil du trésor;03;Gouvernance en gestion des ressources budgétaires et de la performance;Dépenses;Fonctionnement;Annuels;976 000
Conseil du trésor et Administration gouvernementale;01;Soutien au Conseil du trésor;03;Gouvernance en gestion des ressources budgétaires et de la performance;Dépenses;Transferts;Annuels;200 000
Conseil du trésor et Administration gouvernementale;01;Soutien au Conseil du trésor;04;Gouvernance en gestion des marchés publics;Dépenses;Rémunération;Annuels;7 717 000
Conseil du trésor et Administration gouvernementale;01;Soutien au Conseil du trésor;04;Gouvernance en gestion des marchés publics;Dépenses;Fonctionnement;Annuels;314 000
Conseil du trésor et Administration gouvernementale;02;Soutien aux fonctions gouvernementales;01;Financement de fonctions gouvernementales;Dépenses;Fonctionnement;Annuels;15 688 000
Conseil du trésor et Administration gouvernementale;02;Soutien aux fonctions gouvernementales;01;Financement de fonctions gouvernementales;Dépenses;Transferts;Annuels;1 668 000
Conseil du trésor et Administration gouvernementale;02;Soutien aux fonctions gouvernementales;01;Financement de fonctions gouvernementales;Dépenses;;Ne nécessitant pas de crédits;-37 000
Conseil du trésor et Administration gouvernementale;02;Soutien aux fonctions gouvernementales;02;Financement des conditions de travail;Dépenses;Rémunération;Annuels;1 025 700 000
Conseil du trésor et Administration gouvernementale;02;Soutien aux fonctions gouvernementales;03;Financement d'activités rendues par le Fonds de la cybersécurité et du numérique;Dépenses;Fonctionnement;Annuels;117 333 000
Conseil du trésor et Administration gouvernementale;02;Soutien aux fonctions gouvernementales;04;Financement du Centre d'acquisitions gouvernementales;Dépenses;Fonctionnement;Annuels;3 123 000
Conseil du trésor et Administration gouvernementale;02;Soutien aux fonctions gouvernementales;04;Financement du Centre d'acquisitions gouvernementales;Dépenses;Transferts;Annuels;32 763 000
Conseil du trésor et Administration gouvernementale;02;Soutien aux fonctions gouvernementales;05;Financement de l'Autorité des marchés publics;Dépenses;Transferts;Annuels;33 437 000
Conseil du trésor et Administration gouvernementale;02;Soutien aux fonctions gouvernementales;08;Financement du passif au titre des sites contaminés;Dépenses;Fonctionnement;Annuels;39 463 000
Conseil du trésor et Administration gouvernementale;02;Soutien aux fonctions gouvernementales;08;Financement du passif au titre des sites contaminés;Dépenses;Transferts;Annuels;32 748 000
Conseil du trésor et Administration gouvernementale;02;Soutien aux fonctions gouvernementales;08;Financement du passif au titre des sites contaminés;Dépenses;Affectation à un fonds spécial;Annuels;25 648 000
Conseil du trésor et Administration gouvernementale;03;Commission de la fonction publique;01;Commission de la fonction publique;Dépenses;Rémunération;Annuels;4 535 000
Conseil du trésor et Administration gouvernementale;03;Commission de la fonction publique;01;Commission de la fonction publique;Dépenses;Fonctionnement;Annuels;979 000
Conseil du trésor et Administration gouvernementale;03;Commission de la fonction publique;01;Commission de la fonction publique;Investissements;Immobilisations en ressources informationnelles;Annuels;67 000
Conseil du trésor et Administration gouvernementale;03;Commission de la fonction publique;01;Commission de la fonction publique;Dépenses;;Ne nécessitant pas de crédits;99 000
Conseil du trésor et Administration gouvernementale;04;Régimes de retraite et d'assurances;01;Régime de retraite des fonctionnaires;Dépenses;Rémunération;Permanents;26 508 000
Conseil du trésor et Administration gouvernementale;04;Régimes de retraite et d'assurances;02;Régime de retraite de certains enseignants;Dépenses;Transferts;Permanents;21 514 000
Conseil du trésor et Administration gouvernementale;04;Régimes de retraite et d'assurances;03;Régime de retraite des employés du gouvernement et des organismes publics;Dépenses;Rémunération;Permanents;365 649 000
Conseil du trésor et Administration gouvernementale;04;Régimes de retraite et d'assurances;04;Assurance collective sur la vie des employés publics;Dépenses;Rémunération;Annuels;663 000
Conseil du trésor et Administration gouvernementale;04;Régimes de retraite et d'assurances;04;Assurance collective sur la vie des employés publics;Dépenses;Transferts;Annuels;1 987 000
Conseil du trésor et Administration gouvernementale;04;Régimes de retraite et d'assurances;05;Régime de retraite des agents de la paix en services correctionnels;Dépenses;Rémunération;Permanents;27 768 000
Conseil du trésor et Administration gouvernementale;04;Régimes de retraite et d'assurances;06;Régime de retraite des juges;Dépenses;Rémunération;Permanents;42 639 000
Conseil du trésor et Administration gouvernementale;04;Régimes de retraite et d'assurances;07;Régime de retraite des membres de la Sûreté du Québec;Dépenses;Rémunération;Permanents;99 459 000
Conseil du trésor et Administration gouvernementale;04;Régimes de retraite et d'assurances;08;Régime de retraite du personnel d'encadrement;Dépenses;Rémunération;Permanents;133 178 000
Conseil du trésor et Administration gouvernementale;06;Soutien aux infrastructures gouvernementales;01;Gouvernance en gestion des infrastructures;Dépenses;Rémunération;Annuels;8 970 000
Conseil du trésor et Administration gouvernementale;06;Soutien aux infrastructures gouvernementales;01;Gouvernance en gestion des infrastructures;Dépenses;Fonctionnement;Annuels;162 000
Conseil du trésor et Administration gouvernementale;06;Soutien aux infrastructures gouvernementales;01;Gouvernance en gestion des infrastructures;Dépenses;Fonctionnement;Permanents;10 000
Conseil du trésor et Administration gouvernementale;06;Soutien aux infrastructures gouvernementales;01;Gouvernance en gestion des infrastructures;Dépenses;Transferts;Annuels;11 142 000
Conseil du trésor et Administration gouvernementale;06;Soutien aux infrastructures gouvernementales;01;Gouvernance en gestion des infrastructures;Dépenses;Transferts;Permanents;23 071 000
Conseil du trésor et Administration gouvernementale;07;Promotion et développement de la Capitale-Nationale;01;Secrétariat à la Capitale-Nationale;Dépenses;Rémunération;Annuels;1 481 000
Conseil du trésor et Administration gouvernementale;07;Promotion et développement de la Capitale-Nationale;01;Secrétariat à la Capitale-Nationale;Dépenses;Fonctionnement;Annuels;269 000
Conseil du trésor et Administration gouvernementale;07;Promotion et développement de la Capitale-Nationale;01;Secrétariat à la Capitale-Nationale;Dépenses;Transferts;Annuels;29 420 000
Conseil du trésor et Administration gouvernementale;07;Promotion et développement de la Capitale-Nationale;01;Secrétariat à la Capitale-Nationale;Dépenses;Affectation à un fonds spécial;Annuels;29 500 000
Conseil du trésor et Administration gouvernementale;07;Promotion et développement de la Capitale-Nationale;01;Secrétariat à la Capitale-Nationale;Dépenses;;Ne nécessitant pas de crédits;-488 000
Conseil du trésor et Administration gouvernementale;07;Promotion et développement de la Capitale-Nationale;02;Commission de la capitale nationale du Québec;Dépenses;Transferts;Annuels;27 062 000
Conseil exécutif;01;Cabinet du lieutenant-gouverneur;01;Cabinet du lieutenant-gouverneur;Dépenses;Rémunération;Annuels;1 014 000
Conseil exécutif;01;Cabinet du lieutenant-gouverneur;01;Cabinet du lieutenant-gouverneur;Dépenses;Fonctionnement;Annuels;80 000
Conseil exécutif;02;Services de soutien auprès du premier ministre et du Conseil exécutif;01;Cabinet du premier ministre;Dépenses;Rémunération;Annuels;4 277 000
Conseil exécutif;02;Services de soutien auprès du premier ministre et du Conseil exécutif;01;Cabinet du premier ministre;Dépenses;Fonctionnement;Annuels;1 005 000
Conseil exécutif;02;Services de soutien auprès du premier ministre et du Conseil exécutif;01;Cabinet du premier ministre;Dépenses;Fonctionnement;Permanents;34 000
Conseil exécutif;02;Services de soutien auprès du premier ministre et du Conseil exécutif;01;Cabinet du premier ministre;Dépenses;Transferts;Annuels;331 000
Conseil exécutif;02;Services de soutien auprès du premier ministre et du Conseil exécutif;02;Secrétariat général et greffe du Conseil exécutif;Dépenses;Rémunération;Annuels;16 468 000
Conseil exécutif;02;Services de soutien auprès du premier ministre et du Conseil exécutif;02;Secrétariat général et greffe du Conseil exécutif;Dépenses;Fonctionnement;Annuels;1 265 000
Conseil exécutif;02;Services de soutien auprès du premier ministre et du Conseil exécutif;02;Secrétariat général et greffe du Conseil exécutif;Dépenses;Transferts;Annuels;135 000
Conseil exécutif;02;Services de soutien auprès du premier ministre et du Conseil exécutif;03;Direction générale de la gouvernance et de l'administration;Dépenses;Rémunération;Annuels;26 005 000
Conseil exécutif;02;Services de soutien auprès du premier ministre et du Conseil exécutif;03;Direction générale de la gouvernance et de l'administration;Dépenses;Fonctionnement;Annuels;11 104 000
Conseil exécutif;02;Services de soutien auprès du premier ministre et du Conseil exécutif;03;Direction générale de la gouvernance et de l'administration;Dépenses;Créances douteuses et autres provisions;Permanents;2 000
Conseil exécutif;02;Services de soutien auprès du premier ministre et du Conseil exécutif;03;Direction générale de la gouvernance et de l'administration;Investissements;Immobilisations autres qu'en ressources informationnelles;Annuels;94 000
Conseil exécutif;02;Services de soutien auprès du premier ministre et du Conseil exécutif;03;Direction générale de la gouvernance et de l'administration;Investissements;Immobilisations en ressources informationnelles;Annuels;2 813 000
Conseil exécutif;02;Services de soutien auprès du premier ministre et du Conseil exécutif;03;Direction générale de la gouvernance et de l'administration;Dépenses;;Ne nécessitant pas de crédits;1 325 000
Conseil exécutif;02;Services de soutien auprès du premier ministre et du Conseil exécutif;04;Indemnités de l'exécutif;Dépenses;Rémunération;Permanents;3 042 000
Conseil exécutif;02;Services de soutien auprès du premier ministre et du Conseil exécutif;05;Secrétariat à la communication gouvernementale;Dépenses;Rémunération;Annuels;73 019 000
Conseil exécutif;02;Services de soutien auprès du premier ministre et du Conseil exécutif;05;Secrétariat à la communication gouvernementale;Dépenses;Fonctionnement;Annuels;4 094 000
Conseil exécutif;02;Services de soutien auprès du premier ministre et du Conseil exécutif;05;Secrétariat à la communication gouvernementale;Dépenses;;Ne nécessitant pas de crédits;-7 000
Conseil exécutif;03;Relations canadiennes;01;Cabinet du ministre responsable des Relations canadiennes et de la Francophonie canadienne;Dépenses;Rémunération;Annuels;986 000
Conseil exécutif;03;Relations canadiennes;01;Cabinet du ministre responsable des Relations canadiennes et de la Francophonie canadienne;Dépenses;Fonctionnement;Annuels;245 000
Conseil exécutif;03;Relations canadiennes;01;Cabinet du ministre responsable des Relations canadiennes et de la Francophonie canadienne;Dépenses;Fonctionnement;Permanents;14 000
Conseil exécutif;03;Relations canadiennes;01;Cabinet du ministre responsable des Relations canadiennes et de la Francophonie canadienne;Dépenses;Transferts;Annuels;55 000
Conseil exécutif;03;Relations canadiennes;02;Secrétariat du Québec aux relations canadiennes;Dépenses;Rémunération;Annuels;4 857 000
Conseil exécutif;03;Relations canadiennes;02;Secrétariat du Québec aux relations canadiennes;Dépenses;Fonctionnement;Annuels;804 000
Conseil exécutif;03;Relations canadiennes;02;Secrétariat du Québec aux relations canadiennes;Dépenses;Transferts;Annuels;3 689 000
Conseil exécutif;03;Relations canadiennes;02;Secrétariat du Québec aux relations canadiennes;Dépenses;;Ne nécessitant pas de crédits;-139 000
Conseil exécutif;03;Relations canadiennes;03;Représentation du Québec au Canada;Dépenses;Rémunération;Annuels;1 556 000
Conseil exécutif;03;Relations canadiennes;03;Représentation du Québec au Canada;Dépenses;Fonctionnement;Annuels;560 000
Conseil exécutif;03;Relations canadiennes;03;Représentation du Québec au Canada;Investissements;Prêts, placements, avances et autres coûts;Annuels;5 000
Conseil exécutif;04;Relations avec les Premières Nations et les Inuit;01;Cabinet du ministre responsable des Relations avec les Premières Nations et les Inuit;Dépenses;Rémunération;Annuels;950 000
Conseil exécutif;04;Relations avec les Premières Nations et les Inuit;01;Cabinet du ministre responsable des Relations avec les Premières Nations et les Inuit;Dépenses;Fonctionnement;Annuels;481 000
Conseil exécutif;04;Relations avec les Premières Nations et les Inuit;01;Cabinet du ministre responsable des Relations avec les Premières Nations et les Inuit;Dépenses;Fonctionnement;Permanents;45 000
Conseil exécutif;04;Relations avec les Premières Nations et les Inuit;01;Cabinet du ministre responsable des Relations avec les Premières Nations et les Inuit;Dépenses;Transferts;Annuels;55 000
Conseil exécutif;04;Relations avec les Premières Nations et les Inuit;02;Secrétariat aux relations avec les Premières Nations et les Inuit;Dépenses;Rémunération;Annuels;6 269 000
Conseil exécutif;04;Relations avec les Premières Nations et les Inuit;02;Secrétariat aux relations avec les Premières Nations et les Inuit;Dépenses;Fonctionnement;Annuels;4 358 000
Conseil exécutif;04;Relations avec les Premières Nations et les Inuit;02;Secrétariat aux relations avec les Premières Nations et les Inuit;Dépenses;Créances douteuses et autres provisions;Annuels;31 000
Conseil exécutif;04;Relations avec les Premières Nations et les Inuit;02;Secrétariat aux relations avec les Premières Nations et les Inuit;Dépenses;Créances douteuses et autres provisions;Permanents;6 000
Conseil exécutif;04;Relations avec les Premières Nations et les Inuit;02;Secrétariat aux relations avec les Premières Nations et les Inuit;Dépenses;Transferts;Annuels;434 173 000
Conseil exécutif;04;Relations avec les Premières Nations et les Inuit;02;Secrétariat aux relations avec les Premières Nations et les Inuit;Investissements;Prêts, placements, avances et autres coûts;Annuels;6 000
Conseil exécutif;04;Relations avec les Premières Nations et les Inuit;02;Secrétariat aux relations avec les Premières Nations et les Inuit;Dépenses;;Ne nécessitant pas de crédits;-1 245 000
Conseil exécutif;05;Institutions démocratiques, accès à l'information et laïcité;01;Cabinet du ministre responsable des Institutions démocratiques, cabinet du ministre responsable de l'Accès à l'information et de la Protection des renseignements personnels et cabinet du ministre responsable de la Laïcité;Dépenses;Transferts;Annuels;55 000
Conseil exécutif;05;Institutions démocratiques, accès à l'information et laïcité;02;Commission d'accès à l'information;Dépenses;Rémunération;Annuels;11 416 000
Conseil exécutif;05;Institutions démocratiques, accès à l'information et laïcité;02;Commission d'accès à l'information;Dépenses;Fonctionnement;Annuels;1 702 000
Conseil exécutif;05;Institutions démocratiques, accès à l'information et laïcité;02;Commission d'accès à l'information;Investissements;Immobilisations autres qu'en ressources informationnelles;Annuels;35 000
Conseil exécutif;05;Institutions démocratiques, accès à l'information et laïcité;02;Commission d'accès à l'information;Investissements;Immobilisations en ressources informationnelles;Annuels;304 000
Conseil exécutif;05;Institutions démocratiques, accès à l'information et laïcité;02;Commission d'accès à l'information;Dépenses;;Ne nécessitant pas de crédits;24 000
Conseil exécutif;05;Institutions démocratiques, accès à l'information et laïcité;03;Institutions démocratiques;Dépenses;Rémunération;Annuels;1 324 000
Conseil exécutif;05;Institutions démocratiques, accès à l'information et laïcité;03;Institutions démocratiques;Dépenses;Fonctionnement;Annuels;66 000
Conseil exécutif;05;Institutions démocratiques, accès à l'information et laïcité;04;Accès à l'information et protection des renseignements personnels;Dépenses;Rémunération;Annuels;971 000
Conseil exécutif;05;Institutions démocratiques, accès à l'information et laïcité;04;Accès à l'information et protection des renseignements personnels;Dépenses;Fonctionnement;Annuels;16 000
Conseil exécutif;05;Institutions démocratiques, accès à l'information et laïcité;05;Laïcité de l'État;Dépenses;Rémunération;Annuels;474 000
Conseil exécutif;05;Institutions démocratiques, accès à l'information et laïcité;05;Laïcité de l'État;Dépenses;Fonctionnement;Annuels;54 000
Conseil exécutif;05;Institutions démocratiques, accès à l'information et laïcité;05;Laïcité de l'État;Dépenses;Transferts;Annuels;49 000
Conseil exécutif;06;Internet haute vitesse et projets spéciaux de connectivité;01;Secrétariat à l'Internet haute vitesse et aux projets spéciaux de connectivité;Dépenses;Rémunération;Annuels;3 339 000
Conseil exécutif;06;Internet haute vitesse et projets spéciaux de connectivité;01;Secrétariat à l'Internet haute vitesse et aux projets spéciaux de connectivité;Dépenses;Fonctionnement;Annuels;11 926 000
Conseil exécutif;06;Internet haute vitesse et projets spéciaux de connectivité;01;Secrétariat à l'Internet haute vitesse et aux projets spéciaux de connectivité;Dépenses;Transferts;Annuels;96 927 000
Conseil exécutif;06;Internet haute vitesse et projets spéciaux de connectivité;01;Secrétariat à l'Internet haute vitesse et aux projets spéciaux de connectivité;Dépenses;;Ne nécessitant pas de crédits;-13 773 000
Culture et Communications;01;Direction, administration et soutien à la mission;01;Direction et administration;Dépenses;Rémunération;Annuels;14 870 000
Culture et Communications;01;Direction, administration et soutien à la mission;01;Direction et administration;Dépenses;Fonctionnement;Annuels;20 695 000
Culture et Communications;01;Direction, administration et soutien à la mission;01;Direction et administration;Dépenses;Fonctionnement;Permanents;10 000
Culture et Communications;01;Direction, administration et soutien à la mission;01;Direction et administration;Dépenses;Service de la dette;Annuels;3 536 000
Culture et Communications;01;Direction, administration et soutien à la mission;01;Direction et administration;Investissements;Immobilisations en ressources informationnelles;Annuels;3 425 000
Culture et Communications;01;Direction, administration et soutien à la mission;01;Direction et administration;Dépenses;;Ne nécessitant pas de crédits;4 085 000
Culture et Communications;01;Direction, administration et soutien à la mission;02;Soutien à la mission;Dépenses;Rémunération;Annuels;29 991 000
Culture et Communications;01;Direction, administration et soutien à la mission;02;Soutien à la mission;Dépenses;Fonctionnement;Annuels;8 055 000
Culture et Communications;01;Direction, administration et soutien à la mission;02;Soutien à la mission;Investissements;Immobilisations autres qu'en ressources informationnelles;Annuels;35 000
Culture et Communications;01;Direction, administration et soutien à la mission;02;Soutien à la mission;Dépenses;;Ne nécessitant pas de crédits;45 000
Culture et Communications;01;Direction, administration et soutien à la mission;03;Conseil du patrimoine culturel du Québec;Dépenses;Rémunération;Annuels;677 000
Culture et Communications;01;Direction, administration et soutien à la mission;03;Conseil du patrimoine culturel du Québec;Dépenses;Fonctionnement;Annuels;121 000
Culture et Communications;01;Direction, administration et soutien à la mission;04;Modification comptable – Paiements de transfert;Dépenses;Transferts;Annuels;152 567 000
Culture et Communications;01;Direction, administration et soutien à la mission;04;Modification comptable – Paiements de transfert;Dépenses;Transferts;Permanents;29 164 000
Culture et Communications;01;Direction, administration et soutien à la mission;04;Modification comptable – Paiements de transfert;Dépenses;Affectation à un fonds spécial;Annuels;635 000
Culture et Communications;02;Soutien et développement de la culture, des communications et du patrimoine;01;Actions en matière de développement culturel, de communications et de patrimoine;Dépenses;Transferts;Annuels;284 132 000
Culture et Communications;02;Soutien et développement de la culture, des communications et du patrimoine;01;Actions en matière de développement culturel, de communications et de patrimoine;Dépenses;Affectation à un fonds spécial;Annuels;21 533 000
Culture et Communications;02;Soutien et développement de la culture, des communications et du patrimoine;01;Actions en matière de développement culturel, de communications et de patrimoine;Dépenses;;Ne nécessitant pas de crédits;-619 000
Culture et Communications;02;Soutien et développement de la culture, des communications et du patrimoine;02;Musées nationaux;Dépenses;Transferts;Annuels;96 279 000
Culture et Communications;02;Soutien et développement de la culture, des communications et du patrimoine;02;Musées nationaux;Dépenses;Transferts;Permanents;29 000
Culture et Communications;02;Soutien et développement de la culture, des communications et du patrimoine;03;Société de la Place des Arts de Montréal et Société du Grand Théâtre de Québec;Dépenses;Transferts;Annuels;35 222 000
Culture et Communications;02;Soutien et développement de la culture, des communications et du patrimoine;03;Société de la Place des Arts de Montréal et Société du Grand Théâtre de Québec;Dépenses;;Ne nécessitant pas de crédits;-30 000
Culture et Communications;02;Soutien et développement de la culture, des communications et du patrimoine;04;Société de développement des entreprises culturelles;Dépenses;Transferts;Annuels;134 479 000
Culture et Communications;02;Soutien et développement de la culture, des communications et du patrimoine;05;Société de télédiffusion du Québec;Dépenses;Transferts;Annuels;118 488 000
Culture et Communications;02;Soutien et développement de la culture, des communications et du patrimoine;05;Société de télédiffusion du Québec;Dépenses;Transferts;Permanents;165 000
Culture et Communications;02;Soutien et développement de la culture, des communications et du patrimoine;06;Conseil des arts et des lettres du Québec;Dépenses;Transferts;Annuels;176 794 000
Culture et Communications;02;Soutien et développement de la culture, des communications et du patrimoine;07;Bibliothèque et Archives nationales du Québec;Dépenses;Transferts;Annuels;89 600 000
Culture et Communications;02;Soutien et développement de la culture, des communications et du patrimoine;07;Bibliothèque et Archives nationales du Québec;Dépenses;Transferts;Permanents;4 000
Culture et Communications;02;Soutien et développement de la culture, des communications et du patrimoine;08;Conservatoire de musique et d'art dramatique du Québec;Dépenses;Transferts;Annuels;36 911 000
Culture et Communications;03;Jeunesse;01;Secrétariat à la jeunesse;Dépenses;Rémunération;Annuels;2 379 000
Culture et Communications;03;Jeunesse;01;Secrétariat à la jeunesse;Dépenses;Fonctionnement;Annuels;422 000
Culture et Communications;03;Jeunesse;01;Secrétariat à la jeunesse;Dépenses;Transferts;Annuels;60 353 000
Culture et Communications;03;Jeunesse;01;Secrétariat à la jeunesse;Dépenses;;Ne nécessitant pas de crédits;-1 263 000
Cybersécurité et Numérique;01;Direction et administration;01;Direction et administration;Dépenses;Rémunération;Annuels;30 839 000
Cybersécurité et Numérique;01;Direction et administration;01;Direction et administration;Dépenses;Fonctionnement;Annuels;12 353 000
Cybersécurité et Numérique;01;Direction et administration;01;Direction et administration;Dépenses;Fonctionnement;Permanents;10 000
Cybersécurité et Numérique;01;Direction et administration;01;Direction et administration;Dépenses;Transferts;Annuels;120 000
Cybersécurité et Numérique;01;Direction et administration;01;Direction et administration;Investissements;Immobilisations autres qu'en ressources informationnelles;Annuels;15 000
Cybersécurité et Numérique;01;Direction et administration;01;Direction et administration;Investissements;Immobilisations en ressources informationnelles;Annuels;176 000
Cybersécurité et Numérique;01;Direction et administration;01;Direction et administration;Dépenses;;Ne nécessitant pas de crédits;263 000
Cybersécurité et Numérique;01;Direction et administration;02;Cybersécurité;Dépenses;Rémunération;Annuels;8 401 000
Cybersécurité et Numérique;01;Direction et administration;02;Cybersécurité;Dépenses;Fonctionnement;Annuels;2 477 000
Cybersécurité et Numérique;01;Direction et administration;02;Cybersécurité;Dépenses;Affectation à un fonds spécial;Annuels;30 912 000
Cybersécurité et Numérique;01;Direction et administration;02;Cybersécurité;Investissements;Immobilisations autres qu'en ressources informationnelles;Annuels;50 000
Cybersécurité et Numérique;01;Direction et administration;02;Cybersécurité;Dépenses;;Ne nécessitant pas de crédits;3 000
Cybersécurité et Numérique;01;Direction et administration;03;Transformation numérique;Dépenses;Rémunération;Annuels;9 896 000
Cybersécurité et Numérique;01;Direction et administration;03;Transformation numérique;Dépenses;Fonctionnement;Annuels;2 598 000
Cybersécurité et Numérique;01;Direction et administration;03;Transformation numérique;Dépenses;Affectation à un fonds spécial;Annuels;27 825 000
Cybersécurité et Numérique;01;Direction et administration;03;Transformation numérique;Investissements;Immobilisations autres qu'en ressources informationnelles;Annuels;17 000
Cybersécurité et Numérique;01;Direction et administration;04;Services à la clientèle des solutions communes;Dépenses;Rémunération;Annuels;1 621 000
Cybersécurité et Numérique;01;Direction et administration;04;Services à la clientèle des solutions communes;Dépenses;Fonctionnement;Annuels;230 000
Cybersécurité et Numérique;01;Direction et administration;04;Services à la clientèle des solutions communes;Dépenses;Affectation à un fonds spécial;Annuels;9 080 000
Cybersécurité et Numérique;02;Gestion des ressources informationnelles spécifiques;01;Projets majeurs visant l'accélération de la transformation numérique de l'État;Dépenses;Affectation à un fonds spécial;Annuels;68 945 000
Économie, Innovation et Énergie;01;Direction et administration;01;Direction et administration;Dépenses;Rémunération;Annuels;25 190 000
Économie, Innovation et Énergie;01;Direction et administration;01;Direction et administration;Dépenses;Fonctionnement;Annuels;15 937 000
Économie, Innovation et Énergie;01;Direction et administration;01;Direction et administration;Dépenses;Fonctionnement;Permanents;19 000
Économie, Innovation et Énergie;01;Direction et administration;01;Direction et administration;Dépenses;Transferts;Annuels;447 000
Économie, Innovation et Énergie;01;Direction et administration;01;Direction et administration;Investissements;Prêts, placements, avances et autres coûts;Annuels;1 000
Économie, Innovation et Énergie;01;Direction et administration;01;Direction et administration;Investissements;Immobilisations autres qu'en ressources informationnelles;Annuels;709 000
Économie, Innovation et Énergie;01;Direction et administration;01;Direction et administration;Investissements;Immobilisations en ressources informationnelles;Annuels;974 000
Économie, Innovation et Énergie;01;Direction et administration;01;Direction et administration;Dépenses;;Ne nécessitant pas de crédits;1 826 000
Économie, Innovation et Énergie;02;Développement de l'économie;01;Politiques économiques et affaires extérieures;Dépenses;Rémunération;Annuels;6 844 000
Économie, Innovation et Énergie;02;Développement de l'économie;01;Politiques économiques et affaires extérieures;Dépenses;Fonctionnement;Annuels;4 501 000
Économie, Innovation et Énergie;02;Développement de l'économie;01;Politiques économiques et affaires extérieures;Dépenses;Transferts;Annuels;29 217 000
Économie, Innovation et Énergie;02;Développement de l'économie;01;Politiques économiques et affaires extérieures;Dépenses;;Ne nécessitant pas de crédits;-2 636 000
Économie, Innovation et Énergie;02;Développement de l'économie;02;Industries stratégiques et projets économiques majeurs;Dépenses;Rémunération;Annuels;10 003 000
Économie, Innovation et Énergie;02;Développement de l'économie;02;Industries stratégiques et projets économiques majeurs;Dépenses;Fonctionnement;Annuels;3 382 000
Économie, Innovation et Énergie;02;Développement de l'économie;02;Industries stratégiques et projets économiques majeurs;Dépenses;Transferts;Annuels;34 521 000
Économie, Innovation et Énergie;02;Développement de l'économie;02;Industries stratégiques et projets économiques majeurs;Dépenses;;Ne nécessitant pas de crédits;-6 058 000
Économie, Innovation et Énergie;02;Développement de l'économie;03;Développement économique régional et entrepreneuriat;Dépenses;Rémunération;Annuels;10 994 000
Économie, Innovation et Énergie;02;Développement de l'économie;03;Développement économique régional et entrepreneuriat;Dépenses;Fonctionnement;Annuels;505 000
Économie, Innovation et Énergie;02;Développement de l'économie;03;Développement économique régional et entrepreneuriat;Dépenses;Créances douteuses et autres provisions;Permanents;942 000
Économie, Innovation et Énergie;02;Développement de l'économie;03;Développement économique régional et entrepreneuriat;Dépenses;Transferts;Annuels;162 393 000
Économie, Innovation et Énergie;02;Développement de l'économie;03;Développement économique régional et entrepreneuriat;Investissements;Prêts, placements, avances et autres coûts;Annuels;3 270 000
Économie, Innovation et Énergie;02;Développement de l'économie;03;Développement économique régional et entrepreneuriat;Dépenses;;Ne nécessitant pas de crédits;-305 000
Économie, Innovation et Énergie;03;Développement de la science, de la recherche et de l'innovation;01;Soutien administratif;Dépenses;Rémunération;Annuels;9 424 000
Économie, Innovation et Énergie;03;Développement de la science, de la recherche et de l'innovation;01;Soutien administratif;Dépenses;Fonctionnement;Annuels;477 000
Économie, Innovation et Énergie;03;Développement de la science, de la recherche et de l'innovation;02;Soutien aux organismes et aux projets;Dépenses;Transferts;Annuels;172 394 000
Économie, Innovation et Énergie;03;Développement de la science, de la recherche et de l'innovation;02;Soutien aux organismes et aux projets;Dépenses;;Ne nécessitant pas de crédits;-965 000
Économie, Innovation et Énergie;03;Développement de la science, de la recherche et de l'innovation;03;Soutien aux infrastructures de recherche;Dépenses;Transferts;Annuels;103 473 000
Économie, Innovation et Énergie;03;Développement de la science, de la recherche et de l'innovation;04;Soutien à l'entrepreneuriat technologique;Dépenses;Transferts;Annuels;25 471 000
Économie, Innovation et Énergie;03;Développement de la science, de la recherche et de l'innovation;04;Soutien à l'entrepreneuriat technologique;Dépenses;;Ne nécessitant pas de crédits;-125 000
Économie, Innovation et Énergie;03;Développement de la science, de la recherche et de l'innovation;05;Soutien à la relève et à la culture scientifique;Dépenses;Transferts;Annuels;26 147 000
Économie, Innovation et Énergie;03;Développement de la science, de la recherche et de l'innovation;05;Soutien à la relève et à la culture scientifique;Dépenses;;Ne nécessitant pas de crédits;-617 000
Économie, Innovation et Énergie;04;Interventions relatives au Fonds du développement économique;01;Mandats gouvernementaux;Dépenses;Créances douteuses et autres provisions;Annuels;424 154 000
Économie, Innovation et Énergie;04;Interventions relatives au Fonds du développement économique;01;Mandats gouvernementaux;Dépenses;Affectation à un fonds spécial;Annuels;806 861 000
Économie, Innovation et Énergie;04;Interventions relatives au Fonds du développement économique;01;Mandats gouvernementaux;Dépenses;;Ne nécessitant pas de crédits;-184 000
Économie, Innovation et Énergie;04;Interventions relatives au Fonds du développement économique;02;Programme ESSOR;Dépenses;Créances douteuses et autres provisions;Annuels;74 557 000
Économie, Innovation et Énergie;04;Interventions relatives au Fonds du développement économique;02;Programme ESSOR;Dépenses;Affectation à un fonds spécial;Annuels;31 233 000
Économie, Innovation et Énergie;04;Interventions relatives au Fonds du développement économique;03;Rétention d'entreprises stratégiques;Dépenses;Affectation à un fonds spécial;Annuels;16 079 000
Économie, Innovation et Énergie;04;Interventions relatives au Fonds du développement économique;03;Rétention d'entreprises stratégiques;Dépenses;;Ne nécessitant pas de crédits;-15 425 000
Économie, Innovation et Énergie;04;Interventions relatives au Fonds du développement économique;04;Soutien aux projets de commercialisation;Dépenses;Créances douteuses et autres provisions;Annuels;23 976 000
Économie, Innovation et Énergie;04;Interventions relatives au Fonds du développement économique;04;Soutien aux projets de commercialisation;Dépenses;Affectation à un fonds spécial;Annuels;85 694 000
Économie, Innovation et Énergie;04;Interventions relatives au Fonds du développement économique;05;Autres mesures de soutien aux entreprises;Dépenses;Affectation à un fonds spécial;Annuels;16 004 000
Économie, Innovation et Énergie;04;Interventions relatives au Fonds du développement économique;05;Autres mesures de soutien aux entreprises;Dépenses;;Ne nécessitant pas de crédits;-5 248 000
Économie, Innovation et Énergie;05;Organismes dédiés à la recherche et à l'innovation;01;Fonds de recherche du Québec – Santé;Dépenses;Transferts;Annuels;101 256 000
Économie, Innovation et Énergie;05;Organismes dédiés à la recherche et à l'innovation;02;Fonds de recherche du Québec – Société et culture;Dépenses;Transferts;Annuels;71 067 000
Économie, Innovation et Énergie;05;Organismes dédiés à la recherche et à l'innovation;03;Fonds de recherche du Québec – Nature et technologies;Dépenses;Transferts;Annuels;74 004 000
Économie, Innovation et Énergie;05;Organismes dédiés à la recherche et à l'innovation;04;Commission de l'éthique en science et en technologie;Dépenses;Rémunération;Annuels;764 000
Économie, Innovation et Énergie;05;Organismes dédiés à la recherche et à l'innovation;04;Commission de l'éthique en science et en technologie;Dépenses;Fonctionnement;Annuels;52 000
Économie, Innovation et Énergie;06;Énergie;01;Électricité et combustibles;Dépenses;Rémunération;Annuels;6 205 000
Économie, Innovation et Énergie;06;Énergie;01;Électricité et combustibles;Dépenses;Fonctionnement;Annuels;972 000
Économie, Innovation et Énergie;06;Énergie;01;Électricité et combustibles;Dépenses;Transferts;Annuels;12 819 000
Économie, Innovation et Énergie;06;Énergie;01;Électricité et combustibles;Dépenses;Affectation à un fonds spécial;Annuels;4 006 000
Économie, Innovation et Énergie;06;Énergie;01;Électricité et combustibles;Dépenses;;Ne nécessitant pas de crédits;-113 000
Éducation;01;Administration;01;Direction;Dépenses;Rémunération;Annuels;17 632 000
Éducation;01;Administration;01;Direction;Dépenses;Fonctionnement;Annuels;7 646 000
Éducation;01;Administration;01;Direction;Dépenses;Fonctionnement;Permanents;42 000
Éducation;01;Administration;01;Direction;Dépenses;Transferts;Annuels;274 000
Éducation;01;Administration;02;Financement et budget;Dépenses;Rémunération;Annuels;19 530 000
Éducation;01;Administration;02;Financement et budget;Dépenses;Fonctionnement;Annuels;32 573 000
Éducation;01;Administration;02;Financement et budget;Investissements;Immobilisations autres qu'en ressources informationnelles;Annuels;533 000
Éducation;01;Administration;02;Financement et budget;Dépenses;;Ne nécessitant pas de crédits;-1 367 000
Éducation;01;Administration;03;Numérique et information;Dépenses;Rémunération;Annuels;21 769 000
Éducation;01;Administration;03;Numérique et information;Dépenses;Fonctionnement;Annuels;99 041 000
Éducation;01;Administration;03;Numérique et information;Investissements;Immobilisations en ressources informationnelles;Annuels;4 990 000
Éducation;01;Administration;03;Numérique et information;Dépenses;;Ne nécessitant pas de crédits;21 627 000
Éducation;01;Administration;04;Réussite éducative et main-d'œuvre;Dépenses;Rémunération;Annuels;45 331 000
Éducation;01;Administration;04;Réussite éducative et main-d'œuvre;Dépenses;Fonctionnement;Annuels;94 648 000
Éducation;01;Administration;04;Réussite éducative et main-d'œuvre;Investissements;Prêts, placements, avances et autres coûts;Annuels;2 000
Éducation;01;Administration;04;Réussite éducative et main-d'œuvre;Dépenses;;Ne nécessitant pas de crédits;-111 000
Éducation;01;Administration;05;Soutien, gouvernance et performance des réseaux;Dépenses;Rémunération;Annuels;3 155 000
Éducation;01;Administration;05;Soutien, gouvernance et performance des réseaux;Dépenses;Fonctionnement;Annuels;925 000
Éducation;01;Administration;06;Diversité, relations extérieures, anglophones et Autochtones;Dépenses;Rémunération;Annuels;6 904 000
Éducation;01;Administration;06;Diversité, relations extérieures, anglophones et Autochtones;Dépenses;Fonctionnement;Annuels;5 448 000
Éducation;01;Administration;06;Diversité, relations extérieures, anglophones et Autochtones;Dépenses;Transferts;Annuels;3 908 000
Éducation;01;Administration;07;Sport, loisir et plein air;Dépenses;Rémunération;Annuels;6 194 000
Éducation;01;Administration;07;Sport, loisir et plein air;Dépenses;Fonctionnement;Annuels;6 502 000
Éducation;01;Administration;07;Sport, loisir et plein air;Dépenses;Transferts;Annuels;138 000
Éducation;01;Administration;08;Gouvernance des infrastructures;Dépenses;Rémunération;Annuels;5 558 000
Éducation;01;Administration;08;Gouvernance des infrastructures;Dépenses;Fonctionnement;Annuels;55 000
Éducation;01;Administration;08;Gouvernance des infrastructures;Dépenses;;Ne nécessitant pas de crédits;-400 000
Éducation;02;Soutien aux organismes;01;Institut national des mines;Dépenses;Transferts;Annuels;1 505 000
Éducation;02;Soutien aux organismes;02;Soutien à des partenaires en éducation;Dépenses;Transferts;Annuels;72 289 000
Éducation;02;Soutien aux organismes;02;Soutien à des partenaires en éducation;Dépenses;;Ne nécessitant pas de crédits;-75 000
Éducation;02;Soutien aux organismes;03;Action communautaire;Dépenses;Transferts;Annuels;46 723 000
Éducation;02;Soutien aux organismes;04;Instances régionales de concertation;Dépenses;Transferts;Annuels;23 655 000
Éducation;02;Soutien aux organismes;05;Conseil supérieur de l'éducation;Dépenses;Rémunération;Annuels;2 749 000
Éducation;02;Soutien aux organismes;05;Conseil supérieur de l'éducation;Dépenses;Fonctionnement;Annuels;474 000
Éducation;02;Soutien aux organismes;05;Conseil supérieur de l'éducation;Dépenses;;Ne nécessitant pas de crédits;4 000
Éducation;02;Soutien aux organismes;06;Commission consultative de l'enseignement privé;Dépenses;Rémunération;Annuels;179 000
Éducation;02;Soutien aux organismes;06;Commission consultative de l'enseignement privé;Dépenses;Fonctionnement;Annuels;16 000
Éducation;02;Soutien aux organismes;07;Protecteur national de l'élève;Dépenses;Rémunération;Annuels;4 629 000
Éducation;02;Soutien aux organismes;07;Protecteur national de l'élève;Dépenses;Fonctionnement;Annuels;268 000
Éducation;03;Taxe scolaire – Subvention d'équilibre fiscal;01;Subvention d'équilibre fiscal;Dépenses;Transferts;Annuels;1 485 612 000
Éducation;04;Éducation préscolaire et enseignement primaire et secondaire;01;Centres de services scolaires et commissions scolaires;Dépenses;Transferts;Annuels;13 686 907 000
Éducation;04;Éducation préscolaire et enseignement primaire et secondaire;02;Centre de services scolaire et commissions scolaires à statut particulier;Dépenses;Transferts;Annuels;650 805 000
Éducation;04;Éducation préscolaire et enseignement primaire et secondaire;03;Financement des infrastructures des centres de services scolaires et des commissions scolaires;Dépenses;Transferts;Annuels;3 710 694 000
Éducation;04;Éducation préscolaire et enseignement primaire et secondaire;03;Financement des infrastructures des centres de services scolaires et des commissions scolaires;Dépenses;Transferts;Permanents;234 188 000
Éducation;04;Éducation préscolaire et enseignement primaire et secondaire;04;Enseignement privé;Dépenses;Transferts;Annuels;714 023 000
Éducation;04;Éducation préscolaire et enseignement primaire et secondaire;05;Aide au transport scolaire;Dépenses;Transferts;Annuels;644 852 000
Éducation;05;Développement du sport, du loisir et du plein air;01;Développement du sport et du loisir;Dépenses;Transferts;Annuels;144 029 000
Éducation;05;Développement du sport, du loisir et du plein air;01;Développement du sport et du loisir;Dépenses;;Ne nécessitant pas de crédits;-5 801 000
Éducation;05;Développement du sport, du loisir et du plein air;02;Infrastructures de sports et de loisirs;Dépenses;Affectation à un fonds spécial;Annuels;62 217 000
Éducation;05;Développement du sport, du loisir et du plein air;03;Société des établissements de plein air du Québec;Dépenses;Fonctionnement;Annuels;20 800 000
Éducation;05;Développement du sport, du loisir et du plein air;03;Société des établissements de plein air du Québec;Dépenses;Transferts;Annuels;82 803 000
Éducation;06;Régimes de retraite;01;Régime de retraite des enseignants;Dépenses;Transferts;Permanents;111 775 000
Éducation;06;Régimes de retraite;02;Régime de retraite des employés du gouvernement et des organismes publics;Dépenses;Transferts;Permanents;1 278 746 000
Éducation;06;Régimes de retraite;03;Régime de retraite du personnel d'encadrement;Dépenses;Transferts;Permanents;145 968 000
Emploi et Solidarité sociale;01;Gouvernance, administration et services à la clientèle;01;Direction et administration;Dépenses;Rémunération;Annuels;64 462 000
Emploi et Solidarité sociale;01;Gouvernance, administration et services à la clientèle;01;Direction et administration;Dépenses;Fonctionnement;Annuels;64 565 000
Emploi et Solidarité sociale;01;Gouvernance, administration et services à la clientèle;01;Direction et administration;Dépenses;Fonctionnement;Permanents;19 000
Emploi et Solidarité sociale;01;Gouvernance, administration et services à la clientèle;01;Direction et administration;Dépenses;Créances douteuses et autres provisions;Permanents;106 000
Emploi et Solidarité sociale;01;Gouvernance, administration et services à la clientèle;01;Direction et administration;Dépenses;Transferts;Annuels;375 000
Emploi et Solidarité sociale;01;Gouvernance, administration et services à la clientèle;01;Direction et administration;Dépenses;Affectation à un fonds spécial;Annuels;7 145 000
Emploi et Solidarité sociale;01;Gouvernance, administration et services à la clientèle;01;Direction et administration;Dépenses;;Ne nécessitant pas de crédits;57 000
Emploi et Solidarité sociale;01;Gouvernance, administration et services à la clientèle;02;Solidarité sociale et analyse stratégique;Dépenses;Rémunération;Annuels;131 694 000
Emploi et Solidarité sociale;01;Gouvernance, administration et services à la clientèle;02;Solidarité sociale et analyse stratégique;Dépenses;Fonctionnement;Annuels;9 558 000
Emploi et Solidarité sociale;01;Gouvernance, administration et services à la clientèle;02;Solidarité sociale et analyse stratégique;Investissements;Prêts, placements, avances et autres coûts;Annuels;1 000
Emploi et Solidarité sociale;01;Gouvernance, administration et services à la clientèle;02;Solidarité sociale et analyse stratégique;Dépenses;;Ne nécessitant pas de crédits;-19 000
Emploi et Solidarité sociale;01;Gouvernance, administration et services à la clientèle;03;Services d'aide à l'emploi;Dépenses;Transferts;Annuels;1 351 000
Emploi et Solidarité sociale;01;Gouvernance, administration et services à la clientèle;03;Services d'aide à l'emploi;Dépenses;Affectation à un fonds spécial;Annuels;206 324 000
Emploi et Solidarité sociale;01;Gouvernance, administration et services à la clientèle;03;Services d'aide à l'emploi;Dépenses;;Ne nécessitant pas de crédits;-60 000
Emploi et Solidarité sociale;01;Gouvernance, administration et services à la clientèle;04;Services Québec;Dépenses;Affectation à un fonds spécial;Annuels;87 913 000
Emploi et Solidarité sociale;01;Gouvernance, administration et services à la clientèle;05;Recouvrement;Dépenses;Rémunération;Annuels;8 819 000
Emploi et Solidarité sociale;01;Gouvernance, administration et services à la clientèle;05;Recouvrement;Dépenses;Fonctionnement;Annuels;462 000
Emploi et Solidarité sociale;01;Gouvernance, administration et services à la clientèle;05;Recouvrement;Dépenses;Fonctionnement;Permanents;46 000
Emploi et Solidarité sociale;01;Gouvernance, administration et services à la clientèle;05;Recouvrement;Dépenses;;Ne nécessitant pas de crédits;-1 000
Emploi et Solidarité sociale;02;Solidarité sociale et Action communautaire;01;Aide aux personnes et aux familles;Dépenses;Créances douteuses et autres provisions;Permanents;25 286 000
Emploi et Solidarité sociale;02;Solidarité sociale et Action communautaire;01;Aide aux personnes et aux familles;Dépenses;Transferts;Annuels;3 621 709 000
Emploi et Solidarité sociale;02;Solidarité sociale et Action communautaire;01;Aide aux personnes et aux familles;Dépenses;Affectation à un fonds spécial;Annuels;70 095 000
Emploi et Solidarité sociale;02;Solidarité sociale et Action communautaire;02;Action communautaire;Dépenses;Transferts;Annuels;79 602 000
Emploi et Solidarité sociale;02;Solidarité sociale et Action communautaire;02;Action communautaire;Dépenses;Affectation à un fonds spécial;Annuels;57 874 000
Emploi et Solidarité sociale;02;Solidarité sociale et Action communautaire;03;Office de la sécurité économique des chasseurs cris;Dépenses;Transferts;Annuels;27 809 000
Emploi et Solidarité sociale;03;Emploi;01;Mesures d'aide à l'emploi;Dépenses;Transferts;Annuels;12 200 000
Emploi et Solidarité sociale;03;Emploi;01;Mesures d'aide à l'emploi;Dépenses;Affectation à un fonds spécial;Annuels;943 664 000
Enseignement supérieur;01;Administration;01;Direction;Dépenses;Rémunération;Annuels;5 715 000
Enseignement supérieur;01;Administration;01;Direction;Dépenses;Fonctionnement;Annuels;2 880 000
Enseignement supérieur;01;Administration;01;Direction;Dépenses;Fonctionnement;Permanents;10 000
Enseignement supérieur;01;Administration;01;Direction;Dépenses;Transferts;Annuels;247 000
Enseignement supérieur;01;Administration;02;Performance, financement, interventions régionales et soutien à la gestion;Dépenses;Rémunération;Annuels;17 197 000
Enseignement supérieur;01;Administration;02;Performance, financement, interventions régionales et soutien à la gestion;Dépenses;Fonctionnement;Annuels;6 226 000
Enseignement supérieur;01;Administration;03;Développement et soutien des réseaux;Dépenses;Rémunération;Annuels;17 375 000
Enseignement supérieur;01;Administration;03;Développement et soutien des réseaux;Dépenses;Fonctionnement;Annuels;20 331 000
Enseignement supérieur;01;Administration;03;Développement et soutien des réseaux;Dépenses;Transferts;Annuels;6 353 000
Enseignement supérieur;01;Administration;03;Développement et soutien des réseaux;Dépenses;;Ne nécessitant pas de crédits;-10 000
Enseignement supérieur;01;Administration;04;Accessibilité aux études, infrastructures et ressources informationnelles;Dépenses;Rémunération;Annuels;24 684 000
Enseignement supérieur;01;Administration;04;Accessibilité aux études, infrastructures et ressources informationnelles;Dépenses;Fonctionnement;Annuels;13 293 000
Enseignement supérieur;01;Administration;04;Accessibilité aux études, infrastructures et ressources informationnelles;Investissements;Immobilisations en ressources informationnelles;Annuels;4 212 000
Enseignement supérieur;01;Administration;04;Accessibilité aux études, infrastructures et ressources informationnelles;Dépenses;;Ne nécessitant pas de crédits;1 457 000
Enseignement supérieur;02;Soutien aux organismes;01;Institut de tourisme et d'hôtellerie du Québec;Dépenses;Transferts;Annuels;35 006 000
Enseignement supérieur;02;Soutien aux organismes;02;Soutien à des partenaires en enseignement supérieur;Dépenses;Transferts;Annuels;14 378 000
Enseignement supérieur;02;Soutien aux organismes;03;Comité consultatif sur l'accessibilité financière aux études;Dépenses;Rémunération;Annuels;65 000
Enseignement supérieur;02;Soutien aux organismes;03;Comité consultatif sur l'accessibilité financière aux études;Dépenses;Fonctionnement;Annuels;6 000
Enseignement supérieur;02;Soutien aux organismes;04;Commission d'évaluation de l'enseignement collégial;Dépenses;Rémunération;Annuels;2 359 000
Enseignement supérieur;02;Soutien aux organismes;04;Commission d'évaluation de l'enseignement collégial;Dépenses;Fonctionnement;Annuels;413 000
Enseignement supérieur;02;Soutien aux organismes;04;Commission d'évaluation de l'enseignement collégial;Investissements;Immobilisations en ressources informationnelles;Annuels;8 000
Enseignement supérieur;02;Soutien aux organismes;04;Commission d'évaluation de l'enseignement collégial;Dépenses;;Ne nécessitant pas de crédits;8 000
Enseignement supérieur;03;Aide financière aux études et bourses incitatives;01;Bourses consécutives aux prêts;Dépenses;Transferts;Annuels;682 881 000
Enseignement supérieur;03;Aide financière aux études et bourses incitatives;02;Intérêts et remboursements aux banques;Dépenses;Créances douteuses et autres provisions;Annuels;31 172 000
Enseignement supérieur;03;Aide financière aux études et bourses incitatives;02;Intérêts et remboursements aux banques;Dépenses;Créances douteuses et autres provisions;Permanents;54 442 000
Enseignement supérieur;03;Aide financière aux études et bourses incitatives;02;Intérêts et remboursements aux banques;Dépenses;Transferts;Annuels;98 853 000
Enseignement supérieur;03;Aide financière aux études et bourses incitatives;02;Intérêts et remboursements aux banques;Investissements;Prêts, placements, avances et autres coûts;Annuels;101 806 000
Enseignement supérieur;03;Aide financière aux études et bourses incitatives;03;Autres bourses;Dépenses;Transferts;Annuels;19 204 000
Enseignement supérieur;03;Aide financière aux études et bourses incitatives;04;Bourses incitatives;Dépenses;Transferts;Annuels;289 429 000
Enseignement supérieur;04;Enseignement supérieur;01;Cégeps;Dépenses;Transferts;Annuels;2 863 293 000
Enseignement supérieur;04;Enseignement supérieur;02;Universités;Dépenses;Transferts;Annuels;4 095 085 000
Enseignement supérieur;04;Enseignement supérieur;02;Universités;Dépenses;Affectation à un fonds spécial;Annuels;25 000 000
Enseignement supérieur;04;Enseignement supérieur;03;Enseignement privé au collégial;Dépenses;Transferts;Annuels;148 042 000
Enseignement supérieur;04;Enseignement supérieur;04;Financement des infrastructures des cégeps;Dépenses;Transferts;Annuels;580 829 000
Enseignement supérieur;04;Enseignement supérieur;04;Financement des infrastructures des cégeps;Dépenses;Transferts;Permanents;50 702 000
Enseignement supérieur;04;Enseignement supérieur;05;Financement des infrastructures des universités;Dépenses;Transferts;Annuels;1 006 152 000
Enseignement supérieur;05;Régimes de retraite;01;Régime de retraite des employés du gouvernement et des organismes publics;Dépenses;Transferts;Permanents;232 659 000
Enseignement supérieur;05;Régimes de retraite;02;Régime de retraite du personnel d'encadrement;Dépenses;Transferts;Permanents;27 289 000
Environnement, Lutte contre les changements climatiques, Faune ;01;Protection de l'environnement et de la faune;01;Direction du Ministère;Dépenses;Rémunération;Annuels;13 371 000
Environnement, Lutte contre les changements climatiques, Faune ;01;Protection de l'environnement et de la faune;01;Direction du Ministère;Dépenses;Fonctionnement;Annuels;48 911 000
Environnement, Lutte contre les changements climatiques, Faune ;01;Protection de l'environnement et de la faune;01;Direction du Ministère;Dépenses;Fonctionnement;Permanents;10 000
Environnement, Lutte contre les changements climatiques, Faune ;01;Protection de l'environnement et de la faune;01;Direction du Ministère;Dépenses;Transferts;Annuels;531 000
Environnement, Lutte contre les changements climatiques, Faune ;01;Protection de l'environnement et de la faune;01;Direction du Ministère;Dépenses;;Ne nécessitant pas de crédits;-3 000
Environnement, Lutte contre les changements climatiques, Faune ;01;Protection de l'environnement et de la faune;02;Soutien et transformation organisationnelle;Dépenses;Rémunération;Annuels;55 267 000
Environnement, Lutte contre les changements climatiques, Faune ;01;Protection de l'environnement et de la faune;02;Soutien et transformation organisationnelle;Dépenses;Fonctionnement;Annuels;50 404 000
Environnement, Lutte contre les changements climatiques, Faune ;01;Protection de l'environnement et de la faune;02;Soutien et transformation organisationnelle;Dépenses;Créances douteuses et autres provisions;Permanents;23 000
Environnement, Lutte contre les changements climatiques, Faune ;01;Protection de l'environnement et de la faune;02;Soutien et transformation organisationnelle;Dépenses;Transferts;Annuels;6 000
Environnement, Lutte contre les changements climatiques, Faune ;01;Protection de l'environnement et de la faune;02;Soutien et transformation organisationnelle;Investissements;Immobilisations autres qu'en ressources informationnelles;Annuels;624 000
Environnement, Lutte contre les changements climatiques, Faune ;01;Protection de l'environnement et de la faune;02;Soutien et transformation organisationnelle;Investissements;Immobilisations en ressources informationnelles;Annuels;9 333 000
Environnement, Lutte contre les changements climatiques, Faune ;01;Protection de l'environnement et de la faune;02;Soutien et transformation organisationnelle;Dépenses;;Ne nécessitant pas de crédits;26 224 000
Environnement, Lutte contre les changements climatiques, Faune ;01;Protection de l'environnement et de la faune;03;Autorisations environnementales et opérations régionales;Dépenses;Rémunération;Annuels;65 827 000
Environnement, Lutte contre les changements climatiques, Faune ;01;Protection de l'environnement et de la faune;03;Autorisations environnementales et opérations régionales;Dépenses;Fonctionnement;Annuels;3 589 000
Environnement, Lutte contre les changements climatiques, Faune ;01;Protection de l'environnement et de la faune;03;Autorisations environnementales et opérations régionales;Dépenses;Transferts;Annuels;16 744 000
Environnement, Lutte contre les changements climatiques, Faune ;01;Protection de l'environnement et de la faune;03;Autorisations environnementales et opérations régionales;Investissements;Immobilisations autres qu'en ressources informationnelles;Annuels;1 320 000
Environnement, Lutte contre les changements climatiques, Faune ;01;Protection de l'environnement et de la faune;03;Autorisations environnementales et opérations régionales;Dépenses;;Ne nécessitant pas de crédits;-2 077 000
Environnement, Lutte contre les changements climatiques, Faune ;01;Protection de l'environnement et de la faune;04;Contrôle environnemental, protection de la faune et sécurité des barrages;Dépenses;Rémunération;Annuels;54 177 000
Environnement, Lutte contre les changements climatiques, Faune ;01;Protection de l'environnement et de la faune;04;Contrôle environnemental, protection de la faune et sécurité des barrages;Dépenses;Fonctionnement;Annuels;6 694 000
Environnement, Lutte contre les changements climatiques, Faune ;01;Protection de l'environnement et de la faune;04;Contrôle environnemental, protection de la faune et sécurité des barrages;Dépenses;Transferts;Annuels;2 353 000
Environnement, Lutte contre les changements climatiques, Faune ;01;Protection de l'environnement et de la faune;04;Contrôle environnemental, protection de la faune et sécurité des barrages;Investissements;Immobilisations autres qu'en ressources informationnelles;Annuels;344 000
Environnement, Lutte contre les changements climatiques, Faune ;01;Protection de l'environnement et de la faune;04;Contrôle environnemental, protection de la faune et sécurité des barrages;Dépenses;;Ne nécessitant pas de crédits;-304 000
Environnement, Lutte contre les changements climatiques, Faune ;01;Protection de l'environnement et de la faune;05;Expertise et politiques de l'eau et de l'air;Dépenses;Rémunération;Annuels;33 874 000
Environnement, Lutte contre les changements climatiques, Faune ;01;Protection de l'environnement et de la faune;05;Expertise et politiques de l'eau et de l'air;Dépenses;Fonctionnement;Annuels;3 261 000
Environnement, Lutte contre les changements climatiques, Faune ;01;Protection de l'environnement et de la faune;05;Expertise et politiques de l'eau et de l'air;Dépenses;Transferts;Annuels;18 822 000
Environnement, Lutte contre les changements climatiques, Faune ;01;Protection de l'environnement et de la faune;05;Expertise et politiques de l'eau et de l'air;Dépenses;Affectation à un fonds spécial;Annuels;10 484 000
Environnement, Lutte contre les changements climatiques, Faune ;01;Protection de l'environnement et de la faune;05;Expertise et politiques de l'eau et de l'air;Investissements;Prêts, placements, avances et autres coûts;Annuels;1 000
Environnement, Lutte contre les changements climatiques, Faune ;01;Protection de l'environnement et de la faune;05;Expertise et politiques de l'eau et de l'air;Investissements;Immobilisations autres qu'en ressources informationnelles;Annuels;3 720 000
Environnement, Lutte contre les changements climatiques, Faune ;01;Protection de l'environnement et de la faune;05;Expertise et politiques de l'eau et de l'air;Dépenses;;Ne nécessitant pas de crédits;-393 000
Environnement, Lutte contre les changements climatiques, Faune ;01;Protection de l'environnement et de la faune;06;Gestion des barrages;Dépenses;Rémunération;Annuels;10 955 000
Environnement, Lutte contre les changements climatiques, Faune ;01;Protection de l'environnement et de la faune;06;Gestion des barrages;Dépenses;Fonctionnement;Annuels;8 547 000
Environnement, Lutte contre les changements climatiques, Faune ;01;Protection de l'environnement et de la faune;06;Gestion des barrages;Investissements;Prêts, placements, avances et autres coûts;Annuels;2 000
Environnement, Lutte contre les changements climatiques, Faune ;01;Protection de l'environnement et de la faune;06;Gestion des barrages;Investissements;Immobilisations autres qu'en ressources informationnelles;Annuels;27 859 000
Environnement, Lutte contre les changements climatiques, Faune ;01;Protection de l'environnement et de la faune;06;Gestion des barrages;Dépenses;;Ne nécessitant pas de crédits;-6 000
Environnement, Lutte contre les changements climatiques, Faune ;01;Protection de l'environnement et de la faune;07;Expertise et politiques en milieu terrestre et développement durable;Dépenses;Rémunération;Annuels;3 050 000
Environnement, Lutte contre les changements climatiques, Faune ;01;Protection de l'environnement et de la faune;07;Expertise et politiques en milieu terrestre et développement durable;Dépenses;Fonctionnement;Annuels;199 000
Environnement, Lutte contre les changements climatiques, Faune ;01;Protection de l'environnement et de la faune;07;Expertise et politiques en milieu terrestre et développement durable;Dépenses;Transferts;Annuels;4 350 000
Environnement, Lutte contre les changements climatiques, Faune ;01;Protection de l'environnement et de la faune;08;Biodiversité, faune et parcs;Dépenses;Rémunération;Annuels;32 343 000
Environnement, Lutte contre les changements climatiques, Faune ;01;Protection de l'environnement et de la faune;08;Biodiversité, faune et parcs;Dépenses;Fonctionnement;Annuels;20 419 000
Environnement, Lutte contre les changements climatiques, Faune ;01;Protection de l'environnement et de la faune;08;Biodiversité, faune et parcs;Dépenses;Transferts;Annuels;64 205 000
Environnement, Lutte contre les changements climatiques, Faune ;01;Protection de l'environnement et de la faune;08;Biodiversité, faune et parcs;Investissements;Immobilisations autres qu'en ressources informationnelles;Annuels;11 099 000
Environnement, Lutte contre les changements climatiques, Faune ;01;Protection de l'environnement et de la faune;08;Biodiversité, faune et parcs;Dépenses;;Ne nécessitant pas de crédits;-672 000
Environnement, Lutte contre les changements climatiques, Faune ;01;Protection de l'environnement et de la faune;09;Bureau de la transition climatique et énergétique;Dépenses;Fonctionnement;Annuels;60 000
Environnement, Lutte contre les changements climatiques, Faune ;01;Protection de l'environnement et de la faune;09;Bureau de la transition climatique et énergétique;Dépenses;Affectation à un fonds spécial;Annuels;2 076 000
Environnement, Lutte contre les changements climatiques, Faune ;02;Bureau d'audiences publiques sur l'environnement;01;Bureau d'audiences publiques sur l'environnement;Dépenses;Rémunération;Annuels;6 514 000
Environnement, Lutte contre les changements climatiques, Faune ;02;Bureau d'audiences publiques sur l'environnement;01;Bureau d'audiences publiques sur l'environnement;Dépenses;Fonctionnement;Annuels;1 305 000
Environnement, Lutte contre les changements climatiques, Faune ;02;Bureau d'audiences publiques sur l'environnement;01;Bureau d'audiences publiques sur l'environnement;Investissements;Immobilisations autres qu'en ressources informationnelles;Annuels;7 000
Environnement, Lutte contre les changements climatiques, Faune ;02;Bureau d'audiences publiques sur l'environnement;01;Bureau d'audiences publiques sur l'environnement;Investissements;Immobilisations en ressources informationnelles;Annuels;52 000
Environnement, Lutte contre les changements climatiques, Faune ;02;Bureau d'audiences publiques sur l'environnement;01;Bureau d'audiences publiques sur l'environnement;Dépenses;;Ne nécessitant pas de crédits;118 000
Famille;01;Planification, recherche et administration;01;Direction et administration;Dépenses;Rémunération;Annuels;15 976 000
Famille;01;Planification, recherche et administration;01;Direction et administration;Dépenses;Fonctionnement;Annuels;18 480 000
Famille;01;Planification, recherche et administration;01;Direction et administration;Dépenses;Fonctionnement;Permanents;10 000
Famille;01;Planification, recherche et administration;01;Direction et administration;Dépenses;Créances douteuses et autres provisions;Permanents;141 000
Famille;01;Planification, recherche et administration;01;Direction et administration;Dépenses;Transferts;Annuels;150 000
Famille;01;Planification, recherche et administration;01;Direction et administration;Investissements;Immobilisations autres qu'en ressources informationnelles;Annuels;50 000
Famille;01;Planification, recherche et administration;01;Direction et administration;Investissements;Immobilisations en ressources informationnelles;Annuels;9 705 000
Famille;01;Planification, recherche et administration;01;Direction et administration;Dépenses;;Ne nécessitant pas de crédits;3 383 000
Famille;01;Planification, recherche et administration;02;Planification, politique et recherche;Dépenses;Rémunération;Annuels;50 889 000
Famille;01;Planification, recherche et administration;02;Planification, politique et recherche;Dépenses;Fonctionnement;Annuels;2 934 000
Famille;02;Mesures d'aide à la famille;01;Soutien financier lié aux services à la famille;Dépenses;Fonctionnement;Annuels;6 928 000
Famille;02;Mesures d'aide à la famille;01;Soutien financier lié aux services à la famille;Dépenses;Créances douteuses et autres provisions;Permanents;4 000
Famille;02;Mesures d'aide à la famille;01;Soutien financier lié aux services à la famille;Dépenses;Transferts;Annuels;49 448 000
Famille;02;Mesures d'aide à la famille;01;Soutien financier lié aux services à la famille;Dépenses;;Ne nécessitant pas de crédits;-100 000
Famille;02;Mesures d'aide à la famille;02;Administration de l'Allocation famille;Dépenses;Fonctionnement;Annuels;49 805 000
Famille;02;Mesures d'aide à la famille;03;Soutien financier aux organismes communautaires;Dépenses;Transferts;Annuels;51 160 000
Famille;03;Services de garde éducatifs à l'enfance;01;Entente avec le Gouvernement de la nation crie;Dépenses;Affectation à un fonds spécial;Annuels;24 479 000
Famille;03;Services de garde éducatifs à l'enfance;02;Subvention pour le financement des infrastructures des centres de la petite enfance;Dépenses;Affectation à un fonds spécial;Annuels;242 744 000
Famille;03;Services de garde éducatifs à l'enfance;02;Subvention pour le financement des infrastructures des centres de la petite enfance;Dépenses;;Ne nécessitant pas de crédits;-652 000
Famille;03;Services de garde éducatifs à l'enfance;03;Régime de retraite à l'intention d'employés œuvrant dans le domaine des services de garde éducatifs à l'enfance;Dépenses;Affectation à un fonds spécial;Annuels;129 636 000
Famille;03;Services de garde éducatifs à l'enfance;04;Régime d'assurance collective;Dépenses;Affectation à un fonds spécial;Annuels;55 453 000
Famille;03;Services de garde éducatifs à l'enfance;05;Soutien financier aux centres de la petite enfance;Dépenses;Affectation à un fonds spécial;Annuels;1 757 923 000
Famille;03;Services de garde éducatifs à l'enfance;05;Soutien financier aux centres de la petite enfance;Dépenses;;Ne nécessitant pas de crédits;-40 000
Famille;03;Services de garde éducatifs à l'enfance;06;Soutien financier aux garderies;Dépenses;Affectation à un fonds spécial;Annuels;935 305 000
Famille;03;Services de garde éducatifs à l'enfance;06;Soutien financier aux garderies;Dépenses;;Ne nécessitant pas de crédits;-38 000
Famille;03;Services de garde éducatifs à l'enfance;07;Soutien financier aux bureaux coordonnateurs de la garde éducative en milieu familial et aux personnes responsables d'un service de garde éducatif en milieu familial;Dépenses;Affectation à un fonds spécial;Annuels;701 729 000
Famille;04;Curateur public;01;Direction et administration du Curateur public;Dépenses;Rémunération;Annuels;12 197 000
Famille;04;Curateur public;01;Direction et administration du Curateur public;Dépenses;Rémunération;Permanents;5 818 000
Famille;04;Curateur public;01;Direction et administration du Curateur public;Dépenses;Fonctionnement;Annuels;7 359 000
Famille;04;Curateur public;01;Direction et administration du Curateur public;Dépenses;Fonctionnement;Permanents;2 460 000
Famille;04;Curateur public;01;Direction et administration du Curateur public;Dépenses;Créances douteuses et autres provisions;Permanents;27 000
Famille;04;Curateur public;01;Direction et administration du Curateur public;Investissements;Immobilisations autres qu'en ressources informationnelles;Annuels;23 000
Famille;04;Curateur public;01;Direction et administration du Curateur public;Dépenses;;Ne nécessitant pas de crédits;7 774 000
Famille;04;Curateur public;02;Mesures de protection;Dépenses;Rémunération;Annuels;45 167 000
Famille;04;Curateur public;02;Mesures de protection;Dépenses;Rémunération;Permanents;17 672 000
Famille;04;Curateur public;02;Mesures de protection;Dépenses;Fonctionnement;Annuels;18 216 000
Famille;04;Curateur public;02;Mesures de protection;Dépenses;Fonctionnement;Permanents;362 000
Famille;04;Curateur public;02;Mesures de protection;Investissements;Immobilisations en ressources informationnelles;Annuels;9 993 000
Famille;04;Curateur public;02;Mesures de protection;Dépenses;;Ne nécessitant pas de crédits;-30 000
Finances;01;Direction et administration;01;Direction et administration;Dépenses;Rémunération;Annuels;20 446 000
Finances;01;Direction et administration;01;Direction et administration;Dépenses;Fonctionnement;Annuels;18 457 000
Finances;01;Direction et administration;01;Direction et administration;Dépenses;Fonctionnement;Permanents;10 000
Finances;01;Direction et administration;01;Direction et administration;Dépenses;Transferts;Annuels;342 000
Finances;01;Direction et administration;01;Direction et administration;Investissements;Immobilisations autres qu'en ressources informationnelles;Annuels;12 000
Finances;01;Direction et administration;01;Direction et administration;Investissements;Immobilisations en ressources informationnelles;Annuels;1 464 000
Finances;01;Direction et administration;01;Direction et administration;Dépenses;;Ne nécessitant pas de crédits;258 000
Finances;02;Activités en matière économique, fiscale, budgétaire et financière;01;Politiques budgétaires, fiscales, économiques et encadrement du secteur financier;Dépenses;Rémunération;Annuels;22 472 000
Finances;02;Activités en matière économique, fiscale, budgétaire et financière;01;Politiques budgétaires, fiscales, économiques et encadrement du secteur financier;Dépenses;Fonctionnement;Annuels;732 000
Finances;02;Activités en matière économique, fiscale, budgétaire et financière;02;Financement, gestion de la dette et opérations financières;Dépenses;Rémunération;Annuels;7 478 000
Finances;02;Activités en matière économique, fiscale, budgétaire et financière;02;Financement, gestion de la dette et opérations financières;Dépenses;Fonctionnement;Annuels;9 000
Finances;02;Activités en matière économique, fiscale, budgétaire et financière;02;Financement, gestion de la dette et opérations financières;Investissements;Immobilisations en ressources informationnelles;Annuels;309 000
Finances;02;Activités en matière économique, fiscale, budgétaire et financière;03;Soutien aux affaires fiscales, financières et économiques et à la recherche;Dépenses;Fonctionnement;Annuels;8 025 000
Finances;02;Activités en matière économique, fiscale, budgétaire et financière;03;Soutien aux affaires fiscales, financières et économiques et à la recherche;Dépenses;Transferts;Annuels;7 957 000
Finances;02;Activités en matière économique, fiscale, budgétaire et financière;03;Soutien aux affaires fiscales, financières et économiques et à la recherche;Dépenses;Affectation à un fonds spécial;Annuels;600 000
Finances;02;Activités en matière économique, fiscale, budgétaire et financière;04;Contrôleur des finances;Dépenses;Rémunération;Annuels;13 720 000
Finances;02;Activités en matière économique, fiscale, budgétaire et financière;04;Contrôleur des finances;Dépenses;Fonctionnement;Annuels;189 000
Finances;02;Activités en matière économique, fiscale, budgétaire et financière;04;Contrôleur des finances;Dépenses;;Ne nécessitant pas de crédits;-57 000
Finances;03;Contributions, frais de services bancaires et provision pour transférer des crédits;01;Contribution à l'Institut de la statistique du Québec;Dépenses;Transferts;Annuels;27 855 000
Finances;03;Contributions, frais de services bancaires et provision pour transférer des crédits;02;Frais de services bancaires;Dépenses;Fonctionnement;Permanents;15 873 000
Finances;03;Contributions, frais de services bancaires et provision pour transférer des crédits;02;Frais de services bancaires;Dépenses;;Ne nécessitant pas de crédits;-1 399 000
Finances;04;Relations avec les Québécois d'expression anglaise;01;Secrétariat aux relations avec les Québécois d'expression anglaise;Dépenses;Rémunération;Annuels;1 258 000
Finances;04;Relations avec les Québécois d'expression anglaise;01;Secrétariat aux relations avec les Québécois d'expression anglaise;Dépenses;Fonctionnement;Annuels;134 000
Finances;04;Relations avec les Québécois d'expression anglaise;01;Secrétariat aux relations avec les Québécois d'expression anglaise;Dépenses;Transferts;Annuels;13 300 000
Finances;04;Relations avec les Québécois d'expression anglaise;01;Secrétariat aux relations avec les Québécois d'expression anglaise;Dépenses;;Ne nécessitant pas de crédits;-30 000
Finances;05;Service de la dette;01;Service de la dette directe;Dépenses;Service de la dette;Permanents;6 784 448 000
Finances;05;Service de la dette;02;Intérêts sur le compte des régimes de retraite;Dépenses;Service de la dette;Permanents;254 936 000
Finances;05;Service de la dette;03;Intérêts sur le régime de rentes de survivants;Dépenses;Service de la dette;Annuels;711 000
Finances;05;Service de la dette;04;Intérêts sur l'obligation relative aux congés de maladie accumulés;Dépenses;;Ne nécessitant pas de crédits;-52 497 000
Immigration, Francisation et Intégration;01;Direction et soutien aux activités du Ministère;01;Direction et administration;Dépenses;Rémunération;Annuels;44 652 000
Immigration, Francisation et Intégration;01;Direction et soutien aux activités du Ministère;01;Direction et administration;Dépenses;Fonctionnement;Annuels;37 861 000
Immigration, Francisation et Intégration;01;Direction et soutien aux activités du Ministère;01;Direction et administration;Dépenses;Fonctionnement;Permanents;5 000
Immigration, Francisation et Intégration;01;Direction et soutien aux activités du Ministère;01;Direction et administration;Dépenses;Transferts;Annuels;248 000
Immigration, Francisation et Intégration;01;Direction et soutien aux activités du Ministère;01;Direction et administration;Investissements;Immobilisations autres qu'en ressources informationnelles;Annuels;82 000
Immigration, Francisation et Intégration;01;Direction et soutien aux activités du Ministère;01;Direction et administration;Investissements;Immobilisations en ressources informationnelles;Annuels;11 999 000
Immigration, Francisation et Intégration;01;Direction et soutien aux activités du Ministère;01;Direction et administration;Dépenses;;Ne nécessitant pas de crédits;8 227 000
Immigration, Francisation et Intégration;02;Immigration, francisation et intégration;01;Francisation;Dépenses;Rémunération;Annuels;90 089 000
Immigration, Francisation et Intégration;02;Immigration, francisation et intégration;01;Francisation;Dépenses;Fonctionnement;Annuels;52 040 000
Immigration, Francisation et Intégration;02;Immigration, francisation et intégration;01;Francisation;Dépenses;Transferts;Annuels;134 711 000
Immigration, Francisation et Intégration;02;Immigration, francisation et intégration;01;Francisation;Dépenses;;Ne nécessitant pas de crédits;-2 348 000
Immigration, Francisation et Intégration;02;Immigration, francisation et intégration;02;Intégration;Dépenses;Rémunération;Annuels;27 045 000
Immigration, Francisation et Intégration;02;Immigration, francisation et intégration;02;Intégration;Dépenses;Fonctionnement;Annuels;10 495 000
Immigration, Francisation et Intégration;02;Immigration, francisation et intégration;02;Intégration;Dépenses;Transferts;Annuels;116 365 000
Immigration, Francisation et Intégration;02;Immigration, francisation et intégration;02;Intégration;Dépenses;;Ne nécessitant pas de crédits;-998 000
Immigration, Francisation et Intégration;02;Immigration, francisation et intégration;03;Immigration et reconnaissance des compétences;Dépenses;Rémunération;Annuels;36 697 000
Immigration, Francisation et Intégration;02;Immigration, francisation et intégration;03;Immigration et reconnaissance des compétences;Dépenses;Fonctionnement;Annuels;20 128 000
Immigration, Francisation et Intégration;02;Immigration, francisation et intégration;03;Immigration et reconnaissance des compétences;Dépenses;Transferts;Annuels;27 387 000
Immigration, Francisation et Intégration;02;Immigration, francisation et intégration;04;Planification de l'immigration et affaires extérieures;Dépenses;Rémunération;Annuels;17 485 000
Immigration, Francisation et Intégration;02;Immigration, francisation et intégration;04;Planification de l'immigration et affaires extérieures;Dépenses;Fonctionnement;Annuels;7 797 000
Immigration, Francisation et Intégration;02;Immigration, francisation et intégration;04;Planification de l'immigration et affaires extérieures;Dépenses;Transferts;Annuels;4 405 000
Justice;01;Administration de la justice;01;Direction, gouvernance et administration;Dépenses;Rémunération;Annuels;56 874 000
Justice;01;Administration de la justice;01;Direction, gouvernance et administration;Dépenses;Rémunération;Permanents;8 591 000
Justice;01;Administration de la justice;01;Direction, gouvernance et administration;Dépenses;Fonctionnement;Annuels;325 542 000
Justice;01;Administration de la justice;01;Direction, gouvernance et administration;Dépenses;Fonctionnement;Permanents;10 000
Justice;01;Administration de la justice;01;Direction, gouvernance et administration;Dépenses;Transferts;Annuels;263 000
Justice;01;Administration de la justice;01;Direction, gouvernance et administration;Investissements;Immobilisations autres qu'en ressources informationnelles;Annuels;206 000
Justice;01;Administration de la justice;01;Direction, gouvernance et administration;Investissements;Immobilisations en ressources informationnelles;Annuels;1 000
Justice;01;Administration de la justice;01;Direction, gouvernance et administration;Dépenses;;Ne nécessitant pas de crédits;16 047 000
Justice;01;Administration de la justice;02;Soutien technologique et Transformation organisationnelle de la justice;Dépenses;Rémunération;Annuels;29 018 000
Justice;01;Administration de la justice;02;Soutien technologique et Transformation organisationnelle de la justice;Dépenses;Fonctionnement;Annuels;47 936 000
Justice;01;Administration de la justice;02;Soutien technologique et Transformation organisationnelle de la justice;Investissements;Immobilisations autres qu'en ressources informationnelles;Annuels;3 000
Justice;01;Administration de la justice;02;Soutien technologique et Transformation organisationnelle de la justice;Investissements;Immobilisations en ressources informationnelles;Annuels;17 314 000
Justice;01;Administration de la justice;02;Soutien technologique et Transformation organisationnelle de la justice;Dépenses;;Ne nécessitant pas de crédits;-3 000
Justice;01;Administration de la justice;03;Soutien administratif à l'activité judiciaire;Dépenses;Rémunération;Annuels;89 185 000
Justice;01;Administration de la justice;03;Soutien administratif à l'activité judiciaire;Dépenses;Fonctionnement;Annuels;21 477 000
Justice;01;Administration de la justice;03;Soutien administratif à l'activité judiciaire;Investissements;Prêts, placements, avances et autres coûts;Annuels;30 000
Justice;01;Administration de la justice;03;Soutien administratif à l'activité judiciaire;Dépenses;;Ne nécessitant pas de crédits;-75 000
Justice;01;Administration de la justice;04;Affaires juridiques, législatives et accès à la justice;Dépenses;Rémunération;Annuels;74 024 000
Justice;01;Administration de la justice;04;Affaires juridiques, législatives et accès à la justice;Dépenses;Fonctionnement;Annuels;7 009 000
Justice;01;Administration de la justice;04;Affaires juridiques, législatives et accès à la justice;Dépenses;Transferts;Annuels;15 661 000
Justice;01;Administration de la justice;04;Affaires juridiques, législatives et accès à la justice;Dépenses;Affectation à un fonds spécial;Annuels;39 081 000
Justice;01;Administration de la justice;04;Affaires juridiques, législatives et accès à la justice;Investissements;Immobilisations autres qu'en ressources informationnelles;Annuels;8 000
Justice;01;Administration de la justice;04;Affaires juridiques, législatives et accès à la justice;Dépenses;;Ne nécessitant pas de crédits;-146 000
Justice;01;Administration de la justice;05;Bureau des infractions et amendes;Dépenses;Rémunération;Annuels;10 390 000
Justice;01;Administration de la justice;05;Bureau des infractions et amendes;Dépenses;Fonctionnement;Annuels;1 751 000
Justice;01;Administration de la justice;05;Bureau des infractions et amendes;Dépenses;Créances douteuses et autres provisions;Permanents;16 356 000
Justice;02;Activité judiciaire;01;Magistrature;Dépenses;Rémunération;Annuels;4 448 000
Justice;02;Activité judiciaire;01;Magistrature;Dépenses;Rémunération;Permanents;128 984 000
Justice;02;Activité judiciaire;01;Magistrature;Dépenses;Fonctionnement;Annuels;589 000
Justice;02;Activité judiciaire;01;Magistrature;Dépenses;Fonctionnement;Permanents;4 299 000
Justice;02;Activité judiciaire;01;Magistrature;Investissements;Immobilisations autres qu'en ressources informationnelles;Annuels;557 000
Justice;02;Activité judiciaire;01;Magistrature;Investissements;Immobilisations en ressources informationnelles;Annuels;2 000
Justice;02;Activité judiciaire;02;Conseil de la magistrature;Dépenses;Rémunération;Annuels;694 000
Justice;02;Activité judiciaire;02;Conseil de la magistrature;Dépenses;Fonctionnement;Annuels;2 373 000
Justice;02;Activité judiciaire;02;Conseil de la magistrature;Dépenses;Fonctionnement;Permanents;464 000
Justice;02;Activité judiciaire;03;Soutien à la magistrature;Dépenses;Rémunération;Annuels;41 980 000
Justice;02;Activité judiciaire;03;Soutien à la magistrature;Dépenses;Fonctionnement;Annuels;1 879 000
Justice;02;Activité judiciaire;03;Soutien à la magistrature;Investissements;Immobilisations autres qu'en ressources informationnelles;Annuels;105 000
Justice;02;Activité judiciaire;04;Comité sur la rémunération des juges;Dépenses;Rémunération;Permanents;36 000
Justice;03;Justice administrative;01;Contribution du ministère de la Justice au Fonds du Tribunal administratif du Québec;Dépenses;Fonctionnement;Annuels;9 185 000
Justice;03;Justice administrative;01;Contribution du ministère de la Justice au Fonds du Tribunal administratif du Québec;Dépenses;Affectation à un fonds spécial;Annuels;10 934 000
Justice;03;Justice administrative;02;Conseil de la justice administrative;Dépenses;Rémunération;Annuels;570 000
Justice;03;Justice administrative;02;Conseil de la justice administrative;Dépenses;Fonctionnement;Annuels;151 000
Justice;04;Indemnisation et reconnaissance;01;Indemnisation des personnes victimes d'actes criminels;Dépenses;Fonctionnement;Permanents;37 451 000
Justice;04;Indemnisation et reconnaissance;01;Indemnisation des personnes victimes d'actes criminels;Dépenses;Transferts;Permanents;457 782 000
Justice;04;Indemnisation et reconnaissance;01;Indemnisation des personnes victimes d'actes criminels;Dépenses;Affectation à un fonds spécial;Permanents;1 139 000
Justice;04;Indemnisation et reconnaissance;02;Indemnisation et reconnaissance des actes de civisme;Dépenses;Fonctionnement;Permanents;296 000
Justice;04;Indemnisation et reconnaissance;02;Indemnisation et reconnaissance des actes de civisme;Dépenses;Transferts;Permanents;2 503 000
Justice;05;Autres organismes relevant du ministre;01;Commission des services juridiques;Dépenses;Transferts;Annuels;253 631 000
Justice;05;Autres organismes relevant du ministre;02;Commission des droits de la personne et des droits de la jeunesse;Dépenses;Rémunération;Annuels;18 717 000
Justice;05;Autres organismes relevant du ministre;02;Commission des droits de la personne et des droits de la jeunesse;Dépenses;Fonctionnement;Annuels;3 563 000
Justice;05;Autres organismes relevant du ministre;02;Commission des droits de la personne et des droits de la jeunesse;Investissements;Immobilisations en ressources informationnelles;Annuels;191 000
Justice;05;Autres organismes relevant du ministre;02;Commission des droits de la personne et des droits de la jeunesse;Dépenses;;Ne nécessitant pas de crédits;56 000
Justice;05;Autres organismes relevant du ministre;03;Office de la protection du consommateur;Dépenses;Rémunération;Annuels;11 936 000
Justice;05;Autres organismes relevant du ministre;03;Office de la protection du consommateur;Dépenses;Fonctionnement;Annuels;3 591 000
Justice;05;Autres organismes relevant du ministre;03;Office de la protection du consommateur;Dépenses;Transferts;Annuels;569 000
Justice;05;Autres organismes relevant du ministre;03;Office de la protection du consommateur;Investissements;Immobilisations autres qu'en ressources informationnelles;Annuels;10 000
Justice;05;Autres organismes relevant du ministre;03;Office de la protection du consommateur;Investissements;Immobilisations en ressources informationnelles;Annuels;20 000
Justice;05;Autres organismes relevant du ministre;03;Office de la protection du consommateur;Dépenses;;Ne nécessitant pas de crédits;158 000
Justice;06;Poursuites criminelles et pénales;01;Direction, gouvernance et administration;Dépenses;Rémunération;Annuels;15 651 000
Justice;06;Poursuites criminelles et pénales;01;Direction, gouvernance et administration;Dépenses;Fonctionnement;Annuels;4 031 000
Justice;06;Poursuites criminelles et pénales;01;Direction, gouvernance et administration;Dépenses;;Ne nécessitant pas de crédits;-79 000
Justice;06;Poursuites criminelles et pénales;02;Directeur des poursuites criminelles et pénales;Dépenses;Rémunération;Annuels;177 229 000
Justice;06;Poursuites criminelles et pénales;02;Directeur des poursuites criminelles et pénales;Dépenses;Fonctionnement;Annuels;211 832 000
Justice;06;Poursuites criminelles et pénales;02;Directeur des poursuites criminelles et pénales;Investissements;Immobilisations autres qu'en ressources informationnelles;Annuels;27 000
Justice;06;Poursuites criminelles et pénales;02;Directeur des poursuites criminelles et pénales;Investissements;Immobilisations en ressources informationnelles;Annuels;885 000
Justice;06;Poursuites criminelles et pénales;02;Directeur des poursuites criminelles et pénales;Dépenses;;Ne nécessitant pas de crédits;1 790 000
Langue française;01;Langue française;01;Direction et administration;Dépenses;Rémunération;Annuels;3 815 000
Langue française;01;Langue française;01;Direction et administration;Dépenses;Fonctionnement;Annuels;3 401 000
Langue française;01;Langue française;01;Direction et administration;Dépenses;Transferts;Annuels;100 000
Langue française;01;Langue française;01;Direction et administration;Investissements;Immobilisations autres qu'en ressources informationnelles;Annuels;77 000
Langue française;01;Langue française;01;Direction et administration;Investissements;Immobilisations en ressources informationnelles;Annuels;167 000
Langue française;01;Langue française;01;Direction et administration;Dépenses;;Ne nécessitant pas de crédits;51 000
Langue française;01;Langue française;02;Promotion, valorisation et protection de la langue française et de son statut;Dépenses;Rémunération;Annuels;7 894 000
Langue française;01;Langue française;02;Promotion, valorisation et protection de la langue française et de son statut;Dépenses;Fonctionnement;Annuels;6 403 000
Langue française;01;Langue française;02;Promotion, valorisation et protection de la langue française et de son statut;Dépenses;Transferts;Annuels;9 358 000
Langue française;01;Langue française;02;Promotion, valorisation et protection de la langue française et de son statut;Dépenses;;Ne nécessitant pas de crédits;-27 000
Langue française;01;Langue française;03;Office québécois de la langue française;Dépenses;Rémunération;Annuels;37 127 000
Langue française;01;Langue française;03;Office québécois de la langue française;Dépenses;Fonctionnement;Annuels;7 181 000
Langue française;01;Langue française;03;Office québécois de la langue française;Dépenses;Transferts;Annuels;2 619 000
Langue française;01;Langue française;03;Office québécois de la langue française;Investissements;Immobilisations autres qu'en ressources informationnelles;Annuels;21 000
Langue française;01;Langue française;03;Office québécois de la langue française;Investissements;Immobilisations en ressources informationnelles;Annuels;1 636 000
Langue française;01;Langue française;03;Office québécois de la langue française;Dépenses;;Ne nécessitant pas de crédits;428 000
Relations internationales et Francophonie;01;Direction et administration;01;Direction et administration;Dépenses;Rémunération;Annuels;17 350 000
Relations internationales et Francophonie;01;Direction et administration;01;Direction et administration;Dépenses;Fonctionnement;Annuels;6 994 000
Relations internationales et Francophonie;01;Direction et administration;01;Direction et administration;Dépenses;Fonctionnement;Permanents;326 000
Relations internationales et Francophonie;01;Direction et administration;01;Direction et administration;Dépenses;Transferts;Annuels;113 000
Relations internationales et Francophonie;01;Direction et administration;01;Direction et administration;Investissements;Immobilisations autres qu'en ressources informationnelles;Annuels;829 000
Relations internationales et Francophonie;01;Direction et administration;01;Direction et administration;Investissements;Immobilisations en ressources informationnelles;Annuels;959 000
Relations internationales et Francophonie;01;Direction et administration;01;Direction et administration;Dépenses;;Ne nécessitant pas de crédits;584 000
Relations internationales et Francophonie;02;Affaires internationales;01;Relations Afrique, Francophonie et affaires multilatérales;Dépenses;Rémunération;Annuels;5 208 000
Relations internationales et Francophonie;02;Affaires internationales;01;Relations Afrique, Francophonie et affaires multilatérales;Dépenses;Fonctionnement;Annuels;510 000
Relations internationales et Francophonie;02;Affaires internationales;01;Relations Afrique, Francophonie et affaires multilatérales;Dépenses;Transferts;Annuels;23 373 000
Relations internationales et Francophonie;02;Affaires internationales;01;Relations Afrique, Francophonie et affaires multilatérales;Dépenses;Affectation à un fonds spécial;Annuels;3 248 000
Relations internationales et Francophonie;02;Affaires internationales;02;Représentation du Québec à l'étranger;Dépenses;Rémunération;Annuels;55 215 000
Relations internationales et Francophonie;02;Affaires internationales;02;Représentation du Québec à l'étranger;Dépenses;Fonctionnement;Annuels;14 659 000
Relations internationales et Francophonie;02;Affaires internationales;02;Représentation du Québec à l'étranger;Investissements;Prêts, placements, avances et autres coûts;Annuels;591 000
Relations internationales et Francophonie;02;Affaires internationales;02;Représentation du Québec à l'étranger;Investissements;Immobilisations autres qu'en ressources informationnelles;Annuels;6 426 000
Relations internationales et Francophonie;02;Affaires internationales;02;Représentation du Québec à l'étranger;Dépenses;;Ne nécessitant pas de crédits;2 122 000
Relations internationales et Francophonie;02;Affaires internationales;03;Relations Europe, Indo-Pacifique et des affaires interministérielles et institutionnelles;Dépenses;Rémunération;Annuels;4 278 000
Relations internationales et Francophonie;02;Affaires internationales;03;Relations Europe, Indo-Pacifique et des affaires interministérielles et institutionnelles;Dépenses;Fonctionnement;Annuels;560 000
Relations internationales et Francophonie;02;Affaires internationales;03;Relations Europe, Indo-Pacifique et des affaires interministérielles et institutionnelles;Dépenses;Transferts;Annuels;2 373 000
Relations internationales et Francophonie;02;Affaires internationales;03;Relations Europe, Indo-Pacifique et des affaires interministérielles et institutionnelles;Investissements;Prêts, placements, avances et autres coûts;Annuels;1 000
Relations internationales et Francophonie;02;Affaires internationales;04;Protocole;Dépenses;Rémunération;Annuels;2 901 000
Relations internationales et Francophonie;02;Affaires internationales;04;Protocole;Dépenses;Fonctionnement;Annuels;665 000
Relations internationales et Francophonie;02;Affaires internationales;05;Relations Amériques, Affaires économiques et Intelligence stratégique;Dépenses;Rémunération;Annuels;3 921 000
Relations internationales et Francophonie;02;Affaires internationales;05;Relations Amériques, Affaires économiques et Intelligence stratégique;Dépenses;Fonctionnement;Annuels;694 000
Relations internationales et Francophonie;02;Affaires internationales;05;Relations Amériques, Affaires économiques et Intelligence stratégique;Dépenses;Transferts;Annuels;604 000
Relations internationales et Francophonie;02;Affaires internationales;06;Soutien aux Offices jeunesse internationaux du Québec;Dépenses;Transferts;Annuels;2 408 000
Relations internationales et Francophonie;03;Condition féminine;01;Conseil du statut de la femme;Dépenses;Rémunération;Annuels;2 637 000
Relations internationales et Francophonie;03;Condition féminine;01;Conseil du statut de la femme;Dépenses;Fonctionnement;Annuels;910 000
Relations internationales et Francophonie;03;Condition féminine;01;Conseil du statut de la femme;Investissements;Immobilisations en ressources informationnelles;Annuels;9 000
Relations internationales et Francophonie;03;Condition féminine;01;Conseil du statut de la femme;Dépenses;;Ne nécessitant pas de crédits;13 000
Relations internationales et Francophonie;03;Condition féminine;02;Secrétariat à la condition féminine;Dépenses;Rémunération;Annuels;4 385 000
Relations internationales et Francophonie;03;Condition féminine;02;Secrétariat à la condition féminine;Dépenses;Fonctionnement;Annuels;3 571 000
Relations internationales et Francophonie;03;Condition féminine;02;Secrétariat à la condition féminine;Dépenses;Transferts;Annuels;20 373 000
Ressources naturelles et Forêts;01;Gestion des ressources naturelles et forestières;01;Direction du Ministère;Dépenses;Rémunération;Annuels;7 028 000
Ressources naturelles et Forêts;01;Gestion des ressources naturelles et forestières;01;Direction du Ministère;Dépenses;Fonctionnement;Annuels;1 407 000
Ressources naturelles et Forêts;01;Gestion des ressources naturelles et forestières;01;Direction du Ministère;Dépenses;Fonctionnement;Permanents;10 000
Ressources naturelles et Forêts;01;Gestion des ressources naturelles et forestières;01;Direction du Ministère;Dépenses;Transferts;Annuels;258 000
Ressources naturelles et Forêts;01;Gestion des ressources naturelles et forestières;01;Direction du Ministère;Dépenses;;Ne nécessitant pas de crédits;-15 000
Ressources naturelles et Forêts;01;Gestion des ressources naturelles et forestières;02;Services à la gestion;Dépenses;Rémunération;Annuels;20 131 000
Ressources naturelles et Forêts;01;Gestion des ressources naturelles et forestières;02;Services à la gestion;Dépenses;Fonctionnement;Annuels;12 800 000
Ressources naturelles et Forêts;01;Gestion des ressources naturelles et forestières;02;Services à la gestion;Investissements;Immobilisations autres qu'en ressources informationnelles;Annuels;16 000
Ressources naturelles et Forêts;01;Gestion des ressources naturelles et forestières;02;Services à la gestion;Investissements;Immobilisations en ressources informationnelles;Annuels;2 823 000
Ressources naturelles et Forêts;01;Gestion des ressources naturelles et forestières;02;Services à la gestion;Dépenses;;Ne nécessitant pas de crédits;2 921 000
Ressources naturelles et Forêts;01;Gestion des ressources naturelles et forestières;03;Territoire et affaires stratégiques;Dépenses;Rémunération;Annuels;3 605 000
Ressources naturelles et Forêts;01;Gestion des ressources naturelles et forestières;03;Territoire et affaires stratégiques;Dépenses;Fonctionnement;Annuels;2 478 000
Ressources naturelles et Forêts;01;Gestion des ressources naturelles et forestières;03;Territoire et affaires stratégiques;Dépenses;Transferts;Annuels;52 718 000
Ressources naturelles et Forêts;01;Gestion des ressources naturelles et forestières;03;Territoire et affaires stratégiques;Dépenses;;Ne nécessitant pas de crédits;2 000
Ressources naturelles et Forêts;01;Gestion des ressources naturelles et forestières;04;Aménagement durable du territoire forestier;Dépenses;Transferts;Permanents;20 000
Ressources naturelles et Forêts;01;Gestion des ressources naturelles et forestières;04;Aménagement durable du territoire forestier;Dépenses;Affectation à un fonds spécial;Annuels;340 984 000
Ressources naturelles et Forêts;01;Gestion des ressources naturelles et forestières;04;Aménagement durable du territoire forestier;Dépenses;;Ne nécessitant pas de crédits;-41 000
Ressources naturelles et Forêts;01;Gestion des ressources naturelles et forestières;05;Suppression des feux de forêt;Dépenses;Fonctionnement;Permanents;72 389 000
Ressources naturelles et Forêts;01;Gestion des ressources naturelles et forestières;05;Suppression des feux de forêt;Dépenses;;Ne nécessitant pas de crédits;-4 588 000
Ressources naturelles et Forêts;01;Gestion des ressources naturelles et forestières;06;Forestier en chef;Dépenses;Rémunération;Annuels;5 713 000
Ressources naturelles et Forêts;01;Gestion des ressources naturelles et forestières;06;Forestier en chef;Dépenses;Fonctionnement;Annuels;843 000
Ressources naturelles et Forêts;01;Gestion des ressources naturelles et forestières;06;Forestier en chef;Dépenses;;Ne nécessitant pas de crédits;2 000
Ressources naturelles et Forêts;01;Gestion des ressources naturelles et forestières;07;Opérations régionales;Dépenses;Rémunération;Annuels;64 899 000
Ressources naturelles et Forêts;01;Gestion des ressources naturelles et forestières;07;Opérations régionales;Dépenses;Fonctionnement;Annuels;19 205 000
Ressources naturelles et Forêts;01;Gestion des ressources naturelles et forestières;07;Opérations régionales;Dépenses;Transferts;Annuels;375 000
Ressources naturelles et Forêts;01;Gestion des ressources naturelles et forestières;07;Opérations régionales;Dépenses;Affectation à un fonds spécial;Annuels;90 478 000
Ressources naturelles et Forêts;01;Gestion des ressources naturelles et forestières;07;Opérations régionales;Dépenses;Affectation à un fonds spécial;Permanents;580 000
Ressources naturelles et Forêts;01;Gestion des ressources naturelles et forestières;07;Opérations régionales;Investissements;Immobilisations autres qu'en ressources informationnelles;Annuels;6 615 000
Ressources naturelles et Forêts;01;Gestion des ressources naturelles et forestières;07;Opérations régionales;Investissements;Immobilisations en ressources informationnelles;Annuels;1 000
Ressources naturelles et Forêts;01;Gestion des ressources naturelles et forestières;07;Opérations régionales;Dépenses;;Ne nécessitant pas de crédits;7 322 000
Ressources naturelles et Forêts;01;Gestion des ressources naturelles et forestières;08;Ressources minérales;Dépenses;Rémunération;Annuels;4 412 000
Ressources naturelles et Forêts;01;Gestion des ressources naturelles et forestières;08;Ressources minérales;Dépenses;Fonctionnement;Annuels;1 756 000
Ressources naturelles et Forêts;01;Gestion des ressources naturelles et forestières;08;Ressources minérales;Dépenses;Affectation à un fonds spécial;Annuels;15 593 000
Ressources naturelles et Forêts;01;Gestion des ressources naturelles et forestières;08;Ressources minérales;Dépenses;;Ne nécessitant pas de crédits;59 000
Santé et Services sociaux;01;Fonctions de coordination;01;Direction et gestion ministérielle;Dépenses;Rémunération;Annuels;122 610 000
Santé et Services sociaux;01;Fonctions de coordination;01;Direction et gestion ministérielle;Dépenses;Fonctionnement;Annuels;111 676 000
Santé et Services sociaux;01;Fonctions de coordination;01;Direction et gestion ministérielle;Dépenses;Fonctionnement;Permanents;29 000
Santé et Services sociaux;01;Fonctions de coordination;01;Direction et gestion ministérielle;Dépenses;Service de la dette;Annuels;8 142 000
Santé et Services sociaux;01;Fonctions de coordination;01;Direction et gestion ministérielle;Investissements;Prêts, placements, avances et autres coûts;Annuels;542 039 000
Santé et Services sociaux;01;Fonctions de coordination;01;Direction et gestion ministérielle;Investissements;Immobilisations autres qu'en ressources informationnelles;Annuels;143 749 000
Santé et Services sociaux;01;Fonctions de coordination;01;Direction et gestion ministérielle;Investissements;Immobilisations en ressources informationnelles;Annuels;65 000
Santé et Services sociaux;01;Fonctions de coordination;01;Direction et gestion ministérielle;Dépenses;;Ne nécessitant pas de crédits;429 446 000
Santé et Services sociaux;01;Fonctions de coordination;02;Organisme-conseil;Dépenses;Rémunération;Annuels;2 813 000
Santé et Services sociaux;01;Fonctions de coordination;02;Organisme-conseil;Dépenses;Fonctionnement;Annuels;1 903 000
Santé et Services sociaux;01;Fonctions de coordination;02;Organisme-conseil;Dépenses;Transferts;Annuels;68 000
Santé et Services sociaux;01;Fonctions de coordination;02;Organisme-conseil;Dépenses;;Ne nécessitant pas de crédits;-2 000
Santé et Services sociaux;01;Fonctions de coordination;03;Activités nationales;Dépenses;Transferts;Annuels;18 899 000
Santé et Services sociaux;01;Fonctions de coordination;03;Activités nationales;Dépenses;;Ne nécessitant pas de crédits;-2 000
Santé et Services sociaux;02;Services dispensés à la population;01;Santé publique;Dépenses;Transferts;Annuels;998 444 000
Santé et Services sociaux;02;Services dispensés à la population;01;Santé publique;Investissements;Prêts, placements, avances et autres coûts;Annuels;41 000
Santé et Services sociaux;02;Services dispensés à la population;01;Santé publique;Dépenses;;Ne nécessitant pas de crédits;1 717 000
Santé et Services sociaux;02;Services dispensés à la population;02;Services généraux – Activités cliniques et d'aide;Dépenses;Transferts;Annuels;1 535 749 000
Santé et Services sociaux;02;Services dispensés à la population;02;Services généraux – Activités cliniques et d'aide;Dépenses;;Ne nécessitant pas de crédits;332 000
Santé et Services sociaux;02;Services dispensés à la population;03;Soutien à l'autonomie des personnes âgées – Soutien à domicile;Dépenses;Transferts;Annuels;2 557 771 000
Santé et Services sociaux;02;Services dispensés à la population;03;Soutien à l'autonomie des personnes âgées – Soutien à domicile;Dépenses;;Ne nécessitant pas de crédits;-4 000
Santé et Services sociaux;02;Services dispensés à la population;04;Soutien à l'autonomie des personnes âgées – Hébergement;Dépenses;Transferts;Annuels;5 847 557 000
Santé et Services sociaux;02;Services dispensés à la population;04;Soutien à l'autonomie des personnes âgées – Hébergement;Dépenses;;Ne nécessitant pas de crédits;-1 488 000
Santé et Services sociaux;02;Services dispensés à la population;05;Déficience intellectuelle et trouble du spectre de l'autisme;Dépenses;Transferts;Annuels;1 483 553 000
Santé et Services sociaux;02;Services dispensés à la population;06;Jeunes en difficulté;Dépenses;Transferts;Annuels;2 478 745 000
Santé et Services sociaux;02;Services dispensés à la population;07;Dépendances;Dépenses;Transferts;Annuels;213 582 000
Santé et Services sociaux;02;Services dispensés à la population;07;Dépendances;Dépenses;;Ne nécessitant pas de crédits;93 000
Santé et Services sociaux;02;Services dispensés à la population;08;Santé mentale;Dépenses;Transferts;Annuels;2 094 588 000
Santé et Services sociaux;02;Services dispensés à la population;08;Santé mentale;Dépenses;;Ne nécessitant pas de crédits;-31 000
Santé et Services sociaux;02;Services dispensés à la population;09;Santé physique;Dépenses;Transferts;Annuels;8 677 409 000
Santé et Services sociaux;02;Services dispensés à la population;09;Santé physique;Dépenses;Transferts;Permanents;5 524 686 000
Santé et Services sociaux;02;Services dispensés à la population;09;Santé physique;Dépenses;;Ne nécessitant pas de crédits;-88 048 000
Santé et Services sociaux;02;Services dispensés à la population;10;Administration;Dépenses;Transferts;Annuels;1 998 208 000
Santé et Services sociaux;02;Services dispensés à la population;11;Soutien aux services;Dépenses;Transferts;Annuels;1 571 384 000
Santé et Services sociaux;02;Services dispensés à la population;11;Soutien aux services;Dépenses;;Ne nécessitant pas de crédits;-26 000
Santé et Services sociaux;02;Services dispensés à la population;12;Gestion des bâtiments et des équipements;Dépenses;Transferts;Annuels;1 908 721 000
Santé et Services sociaux;02;Services dispensés à la population;13;Organismes communautaires et autres organismes;Dépenses;Transferts;Annuels;1 189 540 000
Santé et Services sociaux;02;Services dispensés à la population;13;Organismes communautaires et autres organismes;Dépenses;;Ne nécessitant pas de crédits;-3 702 000
Santé et Services sociaux;02;Services dispensés à la population;14;Activités connexes;Dépenses;Transferts;Annuels;2 196 634 000
Santé et Services sociaux;02;Services dispensés à la population;14;Activités connexes;Dépenses;Transferts;Permanents;1 774 007 000
Santé et Services sociaux;02;Services dispensés à la population;14;Activités connexes;Dépenses;Affectation à un fonds spécial;Annuels;594 361 000
Santé et Services sociaux;02;Services dispensés à la population;15;Financement des infrastructures de santé et de services sociaux;Dépenses;Transferts;Annuels;4 650 229 000
Santé et Services sociaux;02;Services dispensés à la population;15;Financement des infrastructures de santé et de services sociaux;Dépenses;Transferts;Permanents;124 737 000
Santé et Services sociaux;02;Services dispensés à la population;16;Financement d'achats centralisés;Dépenses;Fonctionnement;Annuels;24 558 000
Santé et Services sociaux;02;Services dispensés à la population;16;Financement d'achats centralisés;Investissements;Prêts, placements, avances et autres coûts;Annuels;35 826 000
Santé et Services sociaux;02;Services dispensés à la population;16;Financement d'achats centralisés;Dépenses;;Ne nécessitant pas de crédits;105 497 000
Santé et Services sociaux;02;Services dispensés à la population;17;Programme d'aide financière pour les gicleurs dans les résidences privées pour aînés;Dépenses;Transferts;Annuels;19 499 000
Santé et Services sociaux;02;Services dispensés à la population;18;Déficience physique;Dépenses;Transferts;Annuels;903 962 000
Santé et Services sociaux;03;Office des personnes handicapées du Québec;01;Administration et soutien à l'intégration des personnes handicapées;Dépenses;Rémunération;Annuels;11 576 000
Santé et Services sociaux;03;Office des personnes handicapées du Québec;01;Administration et soutien à l'intégration des personnes handicapées;Dépenses;Fonctionnement;Annuels;3 286 000
Santé et Services sociaux;03;Office des personnes handicapées du Québec;01;Administration et soutien à l'intégration des personnes handicapées;Dépenses;Transferts;Annuels;1 483 000
Santé et Services sociaux;03;Office des personnes handicapées du Québec;01;Administration et soutien à l'intégration des personnes handicapées;Investissements;Immobilisations autres qu'en ressources informationnelles;Annuels;19 000
Santé et Services sociaux;03;Office des personnes handicapées du Québec;01;Administration et soutien à l'intégration des personnes handicapées;Investissements;Immobilisations en ressources informationnelles;Annuels;29 000
Santé et Services sociaux;03;Office des personnes handicapées du Québec;01;Administration et soutien à l'intégration des personnes handicapées;Dépenses;;Ne nécessitant pas de crédits;45 000
Santé et Services sociaux;04;Régie de l'assurance maladie du Québec;01;Services médicaux;Dépenses;Transferts;Permanents;8 136 298 000
Santé et Services sociaux;04;Régie de l'assurance maladie du Québec;02;Services optométriques;Dépenses;Transferts;Permanents;121 011 000
Santé et Services sociaux;04;Régie de l'assurance maladie du Québec;03;Services dentaires;Dépenses;Transferts;Permanents;184 034 000
Santé et Services sociaux;04;Régie de l'assurance maladie du Québec;04;Services pharmaceutiques et médicaments;Dépenses;Transferts;Permanents;2 752 047 000
Santé et Services sociaux;04;Régie de l'assurance maladie du Québec;05;Autres services;Dépenses;Transferts;Permanents;224 874 000
Santé et Services sociaux;04;Régie de l'assurance maladie du Québec;06;Administration;Dépenses;Transferts;Permanents;196 303 000
Santé et Services sociaux;05;Condition des Aînés;01;Vieillissement actif;Dépenses;Fonctionnement;Annuels;1 036 000
Santé et Services sociaux;05;Condition des Aînés;01;Vieillissement actif;Dépenses;Transferts;Annuels;14 774 000
Santé et Services sociaux;05;Condition des Aînés;01;Vieillissement actif;Dépenses;;Ne nécessitant pas de crédits;-9 000
Santé et Services sociaux;05;Condition des Aînés;02;Soutien aux personnes aînées en situation de vulnérabilité;Dépenses;Fonctionnement;Annuels;3 102 000
Santé et Services sociaux;05;Condition des Aînés;02;Soutien aux personnes aînées en situation de vulnérabilité;Dépenses;Transferts;Annuels;24 110 000
Sécurité publique;01;Direction et administration;01;Direction et administration;Dépenses;Rémunération;Annuels;76 631 000
Sécurité publique;01;Direction et administration;01;Direction et administration;Dépenses;Fonctionnement;Annuels;82 203 000
Sécurité publique;01;Direction et administration;01;Direction et administration;Dépenses;Fonctionnement;Permanents;10 000
Sécurité publique;01;Direction et administration;01;Direction et administration;Dépenses;Transferts;Annuels;9 426 000
Sécurité publique;01;Direction et administration;01;Direction et administration;Investissements;Immobilisations autres qu'en ressources informationnelles;Annuels;3 980 000
Sécurité publique;01;Direction et administration;01;Direction et administration;Investissements;Immobilisations en ressources informationnelles;Annuels;14 097 000
Sécurité publique;01;Direction et administration;01;Direction et administration;Dépenses;;Ne nécessitant pas de crédits;-18 458 000
Sécurité publique;02;Services de la Sûreté du Québec;01;Surveillance du territoire;Dépenses;Rémunération;Annuels;339 480 000
Sécurité publique;02;Services de la Sûreté du Québec;01;Surveillance du territoire;Dépenses;Rémunération;Permanents;1 718 000
Sécurité publique;02;Services de la Sûreté du Québec;01;Surveillance du territoire;Dépenses;Fonctionnement;Annuels;44 355 000
Sécurité publique;02;Services de la Sûreté du Québec;01;Surveillance du territoire;Dépenses;Affectation à un fonds spécial;Annuels;301 469 000
Sécurité publique;02;Services de la Sûreté du Québec;01;Surveillance du territoire;Investissements;Immobilisations autres qu'en ressources informationnelles;Annuels;4 000
Sécurité publique;02;Services de la Sûreté du Québec;01;Surveillance du territoire;Investissements;Immobilisations en ressources informationnelles;Annuels;214 000
Sécurité publique;02;Services de la Sûreté du Québec;01;Surveillance du territoire;Dépenses;;Ne nécessitant pas de crédits;-65 000
Sécurité publique;02;Services de la Sûreté du Québec;02;Enquêtes criminelles;Dépenses;Rémunération;Annuels;97 695 000
Sécurité publique;02;Services de la Sûreté du Québec;02;Enquêtes criminelles;Dépenses;Fonctionnement;Annuels;102 984 000
Sécurité publique;02;Services de la Sûreté du Québec;02;Enquêtes criminelles;Dépenses;Créances douteuses et autres provisions;Permanents;6 000
Sécurité publique;02;Services de la Sûreté du Québec;02;Enquêtes criminelles;Dépenses;Affectation à un fonds spécial;Annuels;150 068 000
Sécurité publique;02;Services de la Sûreté du Québec;02;Enquêtes criminelles;Investissements;Immobilisations autres qu'en ressources informationnelles;Annuels;18 098 000
Sécurité publique;02;Services de la Sûreté du Québec;02;Enquêtes criminelles;Investissements;Immobilisations en ressources informationnelles;Annuels;6 276 000
Sécurité publique;02;Services de la Sûreté du Québec;02;Enquêtes criminelles;Dépenses;;Ne nécessitant pas de crédits;13 500 000
Sécurité publique;03;Gestion du système correctionnel;01;Services correctionnels;Dépenses;Rémunération;Annuels;423 225 000
Sécurité publique;03;Gestion du système correctionnel;01;Services correctionnels;Dépenses;Fonctionnement;Annuels;225 693 000
Sécurité publique;03;Gestion du système correctionnel;01;Services correctionnels;Dépenses;Transferts;Annuels;242 000
Sécurité publique;03;Gestion du système correctionnel;01;Services correctionnels;Dépenses;;Ne nécessitant pas de crédits;-9 000
Sécurité publique;03;Gestion du système correctionnel;02;Prestation des organismes communautaires;Dépenses;Fonctionnement;Annuels;33 174 000
Sécurité publique;03;Gestion du système correctionnel;02;Prestation des organismes communautaires;Dépenses;Transferts;Annuels;1 256 000
Sécurité publique;03;Gestion du système correctionnel;03;Commission québécoise des libérations conditionnelles;Dépenses;Rémunération;Annuels;6 171 000
Sécurité publique;03;Gestion du système correctionnel;03;Commission québécoise des libérations conditionnelles;Dépenses;Fonctionnement;Annuels;668 000
Sécurité publique;03;Gestion du système correctionnel;03;Commission québécoise des libérations conditionnelles;Investissements;Immobilisations autres qu'en ressources informationnelles;Annuels;5 000
Sécurité publique;04;Affaires policières;01;Organisation et pratiques policières;Dépenses;Rémunération;Annuels;3 476 000
Sécurité publique;04;Affaires policières;01;Organisation et pratiques policières;Dépenses;Fonctionnement;Annuels;72 000
Sécurité publique;04;Affaires policières;01;Organisation et pratiques policières;Dépenses;Transferts;Annuels;18 686 000
Sécurité publique;04;Affaires policières;01;Organisation et pratiques policières;Dépenses;;Ne nécessitant pas de crédits;-32 000
Sécurité publique;04;Affaires policières;02;Soutien aux services policiers en milieu autochtone;Dépenses;Rémunération;Annuels;1 541 000
Sécurité publique;04;Affaires policières;02;Soutien aux services policiers en milieu autochtone;Dépenses;Fonctionnement;Annuels;57 000
Sécurité publique;04;Affaires policières;02;Soutien aux services policiers en milieu autochtone;Dépenses;Transferts;Annuels;100 937 000
Sécurité publique;04;Affaires policières;02;Soutien aux services policiers en milieu autochtone;Dépenses;;Ne nécessitant pas de crédits;-70 000
Sécurité publique;04;Affaires policières;03;Sécurité et protection des personnes et des institutions;Dépenses;Rémunération;Annuels;50 179 000
Sécurité publique;04;Affaires policières;03;Sécurité et protection des personnes et des institutions;Dépenses;Fonctionnement;Annuels;13 910 000
Sécurité publique;04;Affaires policières;03;Sécurité et protection des personnes et des institutions;Dépenses;;Ne nécessitant pas de crédits;-22 000
Sécurité publique;04;Affaires policières;04;Prévention et lutte contre le crime;Dépenses;Rémunération;Annuels;4 881 000
Sécurité publique;04;Affaires policières;04;Prévention et lutte contre le crime;Dépenses;Fonctionnement;Annuels;4 101 000
Sécurité publique;04;Affaires policières;04;Prévention et lutte contre le crime;Dépenses;Transferts;Annuels;111 293 000
Sécurité publique;04;Affaires policières;04;Prévention et lutte contre le crime;Dépenses;;Ne nécessitant pas de crédits;-1 636 000
Sécurité publique;05;Expertises scientifiques et médicolégales;01;Services et expertises judiciaires;Dépenses;Rémunération;Annuels;17 920 000
Sécurité publique;05;Expertises scientifiques et médicolégales;01;Services et expertises judiciaires;Dépenses;Fonctionnement;Annuels;6 459 000
Sécurité publique;05;Expertises scientifiques et médicolégales;01;Services et expertises judiciaires;Dépenses;;Ne nécessitant pas de crédits;-3 000
Sécurité publique;05;Expertises scientifiques et médicolégales;02;Bureau du coroner;Dépenses;Rémunération;Annuels;12 736 000
Sécurité publique;05;Expertises scientifiques et médicolégales;02;Bureau du coroner;Dépenses;Fonctionnement;Annuels;5 654 000
Sécurité publique;05;Expertises scientifiques et médicolégales;02;Bureau du coroner;Investissements;Immobilisations autres qu'en ressources informationnelles;Annuels;21 000
Sécurité publique;05;Expertises scientifiques et médicolégales;02;Bureau du coroner;Dépenses;;Ne nécessitant pas de crédits;-197 000
Sécurité publique;06;Encadrement et surveillance;01;Commissaire à la déontologie policière;Dépenses;Rémunération;Annuels;6 434 000
Sécurité publique;06;Encadrement et surveillance;01;Commissaire à la déontologie policière;Dépenses;Fonctionnement;Annuels;622 000
Sécurité publique;06;Encadrement et surveillance;02;Tribunal administratif de déontologie policière;Dépenses;Rémunération;Annuels;2 300 000
Sécurité publique;06;Encadrement et surveillance;02;Tribunal administratif de déontologie policière;Dépenses;Fonctionnement;Annuels;580 000
Sécurité publique;06;Encadrement et surveillance;03;Régie des alcools, des courses et des jeux;Dépenses;Rémunération;Annuels;16 097 000
Sécurité publique;06;Encadrement et surveillance;03;Régie des alcools, des courses et des jeux;Dépenses;Fonctionnement;Annuels;3 284 000
Sécurité publique;06;Encadrement et surveillance;03;Régie des alcools, des courses et des jeux;Dépenses;Créances douteuses et autres provisions;Permanents;98 000
Sécurité publique;06;Encadrement et surveillance;03;Régie des alcools, des courses et des jeux;Investissements;Immobilisations autres qu'en ressources informationnelles;Annuels;34 000
Sécurité publique;06;Encadrement et surveillance;03;Régie des alcools, des courses et des jeux;Investissements;Immobilisations en ressources informationnelles;Annuels;22 000
Sécurité publique;06;Encadrement et surveillance;03;Régie des alcools, des courses et des jeux;Dépenses;;Ne nécessitant pas de crédits;1 163 000
Sécurité publique;06;Encadrement et surveillance;04;Commissaire à la lutte contre la corruption;Dépenses;Rémunération;Annuels;17 881 000
Sécurité publique;06;Encadrement et surveillance;04;Commissaire à la lutte contre la corruption;Dépenses;Fonctionnement;Annuels;5 647 000
Sécurité publique;06;Encadrement et surveillance;04;Commissaire à la lutte contre la corruption;Dépenses;;Ne nécessitant pas de crédits;-18 000
Sécurité publique;06;Encadrement et surveillance;05;Bureau des enquêtes indépendantes;Dépenses;Rémunération;Annuels;8 770 000
Sécurité publique;06;Encadrement et surveillance;05;Bureau des enquêtes indépendantes;Dépenses;Fonctionnement;Annuels;1 922 000
Sécurité publique;07;Sécurité civile et sécurité incendie;01;Prévention des sinistres et atténuation des risques;Dépenses;Rémunération;Annuels;5 789 000
Sécurité publique;07;Sécurité civile et sécurité incendie;01;Prévention des sinistres et atténuation des risques;Dépenses;Fonctionnement;Annuels;7 744 000
Sécurité publique;07;Sécurité civile et sécurité incendie;01;Prévention des sinistres et atténuation des risques;Dépenses;Transferts;Annuels;7 593 000
Sécurité publique;07;Sécurité civile et sécurité incendie;02;Interventions de sécurité civile;Dépenses;Rémunération;Annuels;11 256 000
Sécurité publique;07;Sécurité civile et sécurité incendie;02;Interventions de sécurité civile;Dépenses;Fonctionnement;Annuels;3 360 000
Sécurité publique;07;Sécurité civile et sécurité incendie;02;Interventions de sécurité civile;Dépenses;Transferts;Annuels;670 000
Sécurité publique;07;Sécurité civile et sécurité incendie;03;Gestion du rétablissement et adaptation;Dépenses;Rémunération;Annuels;10 464 000
Sécurité publique;07;Sécurité civile et sécurité incendie;03;Gestion du rétablissement et adaptation;Dépenses;Rémunération;Permanents;874 000
Sécurité publique;07;Sécurité civile et sécurité incendie;03;Gestion du rétablissement et adaptation;Dépenses;Fonctionnement;Annuels;25 000
Sécurité publique;07;Sécurité civile et sécurité incendie;03;Gestion du rétablissement et adaptation;Dépenses;Fonctionnement;Permanents;2 507 000
Sécurité publique;07;Sécurité civile et sécurité incendie;03;Gestion du rétablissement et adaptation;Dépenses;Transferts;Annuels;375 000
Sécurité publique;07;Sécurité civile et sécurité incendie;03;Gestion du rétablissement et adaptation;Dépenses;Transferts;Permanents;164 415 000
Sécurité publique;07;Sécurité civile et sécurité incendie;03;Gestion du rétablissement et adaptation;Dépenses;;Ne nécessitant pas de crédits;-8 718 000
Sécurité publique;07;Sécurité civile et sécurité incendie;04;Sécurité incendie et télécommunications d'urgence;Dépenses;Rémunération;Annuels;3 767 000
Sécurité publique;07;Sécurité civile et sécurité incendie;04;Sécurité incendie et télécommunications d'urgence;Dépenses;Fonctionnement;Annuels;35 000
Sécurité publique;07;Sécurité civile et sécurité incendie;04;Sécurité incendie et télécommunications d'urgence;Dépenses;Transferts;Annuels;23 650 000
Tourisme;01;Direction, administration et gestion des programmes;01;Direction et administration;Dépenses;Affectation à un fonds spécial;Annuels;4 533 000
Tourisme;01;Direction, administration et gestion des programmes;01;Direction et administration;Dépenses;Affectation à un fonds spécial;Permanents;10 000
Tourisme;01;Direction, administration et gestion des programmes;02;Gestion des programmes;Dépenses;Affectation à un fonds spécial;Annuels;10 821 000
Tourisme;02;Développement du tourisme;01;Soutien aux projets de développement du tourisme;Dépenses;Affectation à un fonds spécial;Annuels;113 584 000
Tourisme;02;Développement du tourisme;02;Appui aux organisations de développement touristique régional;Dépenses;Affectation à un fonds spécial;Annuels;26 023 000
Tourisme;02;Développement du tourisme;03;Soutien aux événements touristiques;Dépenses;Affectation à un fonds spécial;Annuels;34 135 000
Tourisme;03;Organismes relevant du ministre;01;Société du Centre des congrès de Québec;Dépenses;Transferts;Annuels;16 603 000
Tourisme;03;Organismes relevant du ministre;01;Société du Centre des congrès de Québec;Dépenses;Transferts;Permanents;14 000
Tourisme;03;Organismes relevant du ministre;02;Société du Palais des congrès de Montréal;Dépenses;Transferts;Annuels;24 603 000
Tourisme;03;Organismes relevant du ministre;02;Société du Palais des congrès de Montréal;Dépenses;Transferts;Permanents;55 000
Tourisme;03;Organismes relevant du ministre;03;Société de développement et de mise en valeur du Parc olympique;Dépenses;Transferts;Annuels;288 279 000
Tourisme;03;Organismes relevant du ministre;03;Société de développement et de mise en valeur du Parc olympique;Dépenses;Transferts;Permanents;13 473 000
Transports et Mobilité durable;01;Infrastructures et systèmes de transport;01;Transport terrestre;Dépenses;Rémunération;Annuels;77 057 000
Transports et Mobilité durable;01;Infrastructures et systèmes de transport;01;Transport terrestre;Dépenses;Fonctionnement;Annuels;509 125 000
Transports et Mobilité durable;01;Infrastructures et systèmes de transport;01;Transport terrestre;Dépenses;Transferts;Annuels;182 055 000
Transports et Mobilité durable;01;Infrastructures et systèmes de transport;01;Transport terrestre;Dépenses;Affectation à un fonds spécial;Annuels;2 128 346 000
Transports et Mobilité durable;01;Infrastructures et systèmes de transport;01;Transport terrestre;Dépenses;Affectation à un fonds spécial;Permanents;427 611 000
Transports et Mobilité durable;01;Infrastructures et systèmes de transport;01;Transport terrestre;Investissements;Immobilisations autres qu'en ressources informationnelles;Annuels;272 009 000
Transports et Mobilité durable;01;Infrastructures et systèmes de transport;01;Transport terrestre;Investissements;Immobilisations en ressources informationnelles;Annuels;202 000
Transports et Mobilité durable;01;Infrastructures et systèmes de transport;01;Transport terrestre;Dépenses;;Ne nécessitant pas de crédits;-125 300 000
Transports et Mobilité durable;01;Infrastructures et systèmes de transport;02;Transport maritime;Dépenses;Rémunération;Annuels;1 480 000
Transports et Mobilité durable;01;Infrastructures et systèmes de transport;02;Transport maritime;Dépenses;Fonctionnement;Annuels;4 641 000
Transports et Mobilité durable;01;Infrastructures et systèmes de transport;02;Transport maritime;Dépenses;Transferts;Annuels;350 191 000
Transports et Mobilité durable;01;Infrastructures et systèmes de transport;02;Transport maritime;Investissements;Immobilisations autres qu'en ressources informationnelles;Annuels;639 000
Transports et Mobilité durable;01;Infrastructures et systèmes de transport;02;Transport maritime;Dépenses;;Ne nécessitant pas de crédits;737 000
Transports et Mobilité durable;01;Infrastructures et systèmes de transport;03;Transport aérien;Dépenses;Rémunération;Annuels;11 492 000
Transports et Mobilité durable;01;Infrastructures et systèmes de transport;03;Transport aérien;Dépenses;Fonctionnement;Annuels;20 545 000
Transports et Mobilité durable;01;Infrastructures et systèmes de transport;03;Transport aérien;Dépenses;Transferts;Annuels;73 089 000
Transports et Mobilité durable;01;Infrastructures et systèmes de transport;03;Transport aérien;Investissements;Immobilisations autres qu'en ressources informationnelles;Annuels;75 652 000
Transports et Mobilité durable;01;Infrastructures et systèmes de transport;03;Transport aérien;Dépenses;;Ne nécessitant pas de crédits;16 226 000
Transports et Mobilité durable;01;Infrastructures et systèmes de transport;04;Commission des transports du Québec;Dépenses;Rémunération;Annuels;10 767 000
Transports et Mobilité durable;01;Infrastructures et systèmes de transport;04;Commission des transports du Québec;Dépenses;Fonctionnement;Annuels;2 830 000
Transports et Mobilité durable;01;Infrastructures et systèmes de transport;04;Commission des transports du Québec;Investissements;Immobilisations en ressources informationnelles;Annuels;141 000
Transports et Mobilité durable;01;Infrastructures et systèmes de transport;04;Commission des transports du Québec;Dépenses;;Ne nécessitant pas de crédits;203 000
Transports et Mobilité durable;02;Administration et services corporatifs;01;Direction;Dépenses;Rémunération;Annuels;8 239 000
Transports et Mobilité durable;02;Administration et services corporatifs;01;Direction;Dépenses;Fonctionnement;Annuels;560 000
Transports et Mobilité durable;02;Administration et services corporatifs;01;Direction;Dépenses;Fonctionnement;Permanents;10 000
Transports et Mobilité durable;02;Administration et services corporatifs;01;Direction;Dépenses;Transferts;Annuels;230 000
Transports et Mobilité durable;02;Administration et services corporatifs;02;Services corporatifs;Dépenses;Rémunération;Annuels;42 975 000
Transports et Mobilité durable;02;Administration et services corporatifs;02;Services corporatifs;Dépenses;Fonctionnement;Annuels;22 929 000
Transports et Mobilité durable;02;Administration et services corporatifs;02;Services corporatifs;Dépenses;Créances douteuses et autres provisions;Permanents;7 000
Transports et Mobilité durable;02;Administration et services corporatifs;02;Services corporatifs;Investissements;Immobilisations autres qu'en ressources informationnelles;Annuels;217 000
Transports et Mobilité durable;02;Administration et services corporatifs;02;Services corporatifs;Investissements;Immobilisations en ressources informationnelles;Annuels;5 496 000
Transports et Mobilité durable;02;Administration et services corporatifs;02;Services corporatifs;Dépenses;;Ne nécessitant pas de crédits;5 414 000
Transports et Mobilité durable;02;Administration et services corporatifs;03;Planification, recherche et développement;Dépenses;Rémunération;Annuels;7 779 000
Transports et Mobilité durable;02;Administration et services corporatifs;03;Planification, recherche et développement;Dépenses;Fonctionnement;Annuels;473 000
Transports et Mobilité durable;02;Administration et services corporatifs;03;Planification, recherche et développement;Dépenses;Transferts;Annuels;132 000
Transports et Mobilité durable;02;Administration et services corporatifs;03;Planification, recherche et développement;Dépenses;;Ne nécessitant pas de crédits;-10 000
Travail;01;Travail;01;Gouvernance et administration;Dépenses;Rémunération;Annuels;2 158 000
Travail;01;Travail;01;Gouvernance et administration;Dépenses;Fonctionnement;Annuels;394 000
Travail;01;Travail;01;Gouvernance et administration;Dépenses;Fonctionnement;Permanents;10 000
Travail;01;Travail;01;Gouvernance et administration;Dépenses;Transferts;Annuels;190 000
Travail;01;Travail;01;Gouvernance et administration;Investissements;Immobilisations autres qu'en ressources informationnelles;Annuels;15 000
Travail;01;Travail;01;Gouvernance et administration;Investissements;Immobilisations en ressources informationnelles;Annuels;305 000
Travail;01;Travail;01;Gouvernance et administration;Dépenses;;Ne nécessitant pas de crédits;227 000
Travail;01;Travail;02;Politiques et relations du travail;Dépenses;Rémunération;Annuels;7 928 000
Travail;01;Travail;02;Politiques et relations du travail;Dépenses;Fonctionnement;Annuels;6 137 000
Travail;01;Travail;02;Politiques et relations du travail;Dépenses;Transferts;Annuels;23 596 000
Travail;01;Travail;03;Tribunal administratif du travail;Dépenses;Affectation à un fonds spécial;Annuels;5 707 000
Travail;01;Travail;04;Régie du bâtiment du Québec;Dépenses;Transferts;Annuels;2 873 000
