Fscl-yr_Ex-fin,Volume,PAC_Section_CPC,Table_Tableau,Comment_Commentaire_eng,Comment_Commentaire_fra,Table-name_Nom-tableau_eng,Table_URL_Tableau_eng,Table-name_Nom-tableau_fra,Table_URL_Tableau_fra,Dataset_Jeu-de-donnees_eng,Portal_URL_Portail_eng,Dataset_Jeu-de-donnees_fra,Portal_URL_Portail_fra,Resource_Ressource_eng,Resource_URL_Ressource_eng,Resource_Ressource_fra,Resource_URL_Ressource_fra
2022/2023,I,1,1.1,,,"Consolidated Statement of Operations and Accumulated Operating Deficit—detailed",https://www.tpsgc-pwgsc.gc.ca/recgen/cpc-pac/2023/vol1/s1/cdeif-tycfi-eng.html#t1.1,"État consolidé des résultats et du déficit accumulé lié aux activités –  détaillé",https://www.tpsgc-pwgsc.gc.ca/recgen/cpc-pac/2023/vol1/s1/cdeif-tycfi-fra.html#t1.1,"Ten Year Comparative Financial Information as per the Public Accounts of Canada",https://open.canada.ca/data/en/dataset/a679f1eb-2038-455d-8312-d6e111ff79ff,"Comparaison sur dix exercices d’informations financières selon les Comptes publics du Canada",https://ouvert.canada.ca/data/fr/dataset/a679f1eb-2038-455d-8312-d6e111ff79ff,"2014-2023 - Volume 1, Ten Year Comparative Financial Information",https://donnees-data.tpsgc-pwgsc.gc.ca/ba1/cdeif-tycfi/cdeif-tycfi-2023-eng.csv,"2014-2023 - Volume 1, Comparaison sur dix exercices d'informations financières",https://donnees-data.tpsgc-pwgsc.gc.ca/ba1/cdeif-tycfi/cdeif-tycfi-2023-fra.csv
2022/2023,I,1,1.2,,,"Consolidated Statement of Financial Position—detailed",https://www.tpsgc-pwgsc.gc.ca/recgen/cpc-pac/2023/vol1/s1/cdeif-tycfi-eng.html#t1.2,"État consolidé de la situation financière  –  détaillé",https://www.tpsgc-pwgsc.gc.ca/recgen/cpc-pac/2023/vol1/s1/cdeif-tycfi-fra.html#t1.2,"Ten Year Comparative Financial Information as per the Public Accounts of Canada",https://open.canada.ca/data/en/dataset/a679f1eb-2038-455d-8312-d6e111ff79ff,"Comparaison sur dix exercices d’informations financières selon les Comptes publics du Canada",https://ouvert.canada.ca/data/fr/dataset/a679f1eb-2038-455d-8312-d6e111ff79ff,"2014-2023 - Volume 1, Ten Year Comparative Financial Information",https://donnees-data.tpsgc-pwgsc.gc.ca/ba1/cdeif-tycfi/cdeif-tycfi-2023-eng.csv,"2014-2023 - Volume 1, Comparaison sur dix exercices d'informations financières",https://donnees-data.tpsgc-pwgsc.gc.ca/ba1/cdeif-tycfi/cdeif-tycfi-2023-fra.csv
2022/2023,I,1,1.3,,,"Consolidated Statement of Change in Net Debt—detailed",https://www.tpsgc-pwgsc.gc.ca/recgen/cpc-pac/2023/vol1/s1/cdeif-tycfi-eng.html#t1.3,"État consolidé de la variation de la dette nette  –  détaillé",https://www.tpsgc-pwgsc.gc.ca/recgen/cpc-pac/2023/vol1/s1/cdeif-tycfi-fra.html#t1.3,"Ten Year Comparative Financial Information as per the Public Accounts of Canada",https://open.canada.ca/data/en/dataset/a679f1eb-2038-455d-8312-d6e111ff79ff,"Comparaison sur dix exercices d’informations financières selon les Comptes publics du Canada",https://ouvert.canada.ca/data/fr/dataset/a679f1eb-2038-455d-8312-d6e111ff79ff,"2014-2023 - Volume 1, Ten Year Comparative Financial Information",https://donnees-data.tpsgc-pwgsc.gc.ca/ba1/cdeif-tycfi/cdeif-tycfi-2023-eng.csv,"2014-2023 - Volume 1, Comparaison sur dix exercices d'informations financières",https://donnees-data.tpsgc-pwgsc.gc.ca/ba1/cdeif-tycfi/cdeif-tycfi-2023-fra.csv
2022/2023,I,1,1.4,,,"Consolidated Statement of Cash Flow—detailed",https://www.tpsgc-pwgsc.gc.ca/recgen/cpc-pac/2023/vol1/s1/cdeif-tycfi-eng.html#t1.4,"État consolidé des flux de trésorerie  –  détaillé",https://www.tpsgc-pwgsc.gc.ca/recgen/cpc-pac/2023/vol1/s1/cdeif-tycfi-fra.html#t1.4,"Ten Year Comparative Financial Information as per the Public Accounts of Canada",https://open.canada.ca/data/en/dataset/a679f1eb-2038-455d-8312-d6e111ff79ff,"Comparaison sur dix exercices d’informations financières selon les Comptes publics du Canada",https://ouvert.canada.ca/data/fr/dataset/a679f1eb-2038-455d-8312-d6e111ff79ff,"2014-2023 - Volume 1, Ten Year Comparative Financial Information",https://donnees-data.tpsgc-pwgsc.gc.ca/ba1/cdeif-tycfi/cdeif-tycfi-2023-eng.csv,"2014-2023 - Volume 1, Comparaison sur dix exercices d'informations financières",https://donnees-data.tpsgc-pwgsc.gc.ca/ba1/cdeif-tycfi/cdeif-tycfi-2023-fra.csv
2022/2023,I,1,1.5,,,"Consolidated Statement of Non-Budgetary Transactions and of Non‑Financial Assets—detailed",https://www.tpsgc-pwgsc.gc.ca/recgen/cpc-pac/2023/vol1/s1/cdeif-tycfi-eng.html#t1.5,"État consolidé des opérations non budgétaires et des actifs non financiers  –  détaillé",https://www.tpsgc-pwgsc.gc.ca/recgen/cpc-pac/2023/vol1/s1/cdeif-tycfi-fra.html#t1.5,"Ten Year Comparative Financial Information as per the Public Accounts of Canada",https://open.canada.ca/data/en/dataset/a679f1eb-2038-455d-8312-d6e111ff79ff,"Comparaison sur dix exercices d’informations financières selon les Comptes publics du Canada",https://ouvert.canada.ca/data/fr/dataset/a679f1eb-2038-455d-8312-d6e111ff79ff,"2014-2023 - Volume 1, Ten Year Comparative Financial Information",https://donnees-data.tpsgc-pwgsc.gc.ca/ba1/cdeif-tycfi/cdeif-tycfi-2023-eng.csv,"2014-2023 - Volume 1, Comparaison sur dix exercices d'informations financières",https://donnees-data.tpsgc-pwgsc.gc.ca/ba1/cdeif-tycfi/cdeif-tycfi-2023-fra.csv
2022/2023,I,1,1.6,,,"Consolidated Statement of Foreign Exchange, Unmatured Debt and Cash Transactions—detailed",https://www.tpsgc-pwgsc.gc.ca/recgen/cpc-pac/2023/vol1/s1/cdeif-tycfi-eng.html#t1.6,"État consolidé des opérations de change, de la dette non échue et des opérations en espèces  –  détaillé",https://www.tpsgc-pwgsc.gc.ca/recgen/cpc-pac/2023/vol1/s1/cdeif-tycfi-fra.html#t1.6,"Ten Year Comparative Financial Information as per the Public Accounts of Canada",https://open.canada.ca/data/en/dataset/a679f1eb-2038-455d-8312-d6e111ff79ff,"Comparaison sur dix exercices d’informations financières selon les Comptes publics du Canada",https://ouvert.canada.ca/data/fr/dataset/a679f1eb-2038-455d-8312-d6e111ff79ff,"2014-2023 - Volume 1, Ten Year Comparative Financial Information",https://donnees-data.tpsgc-pwgsc.gc.ca/ba1/cdeif-tycfi/cdeif-tycfi-2023-eng.csv,"2014-2023 - Volume 1, Comparaison sur dix exercices d'informations financières",https://donnees-data.tpsgc-pwgsc.gc.ca/ba1/cdeif-tycfi/cdeif-tycfi-2023-fra.csv
2022/2023,I,3,3.1,,,"Revenues, expenses and accumulated operating deficit",https://www.tpsgc-pwgsc.gc.ca/recgen/cpc-pac/2023/vol1/s3/index-eng.html#t3.1,"Revenus, charges et déficit accumulé lié aux activités",https://www.tpsgc-pwgsc.gc.ca/recgen/cpc-pac/2023/vol1/s3/index-fra.html#t3.1,"Revenues, expenses and accumulated deficit, as per the Public Accounts of Canada",https://open.canada.ca/data/en/dataset/2599fe61-0e6e-40b9-958a-f56dd7f1fa09,"Revenus, charges et déficit accumulé, selon les Comptes publics du Canada",https://ouvert.canada.ca/data/fr/dataset/2599fe61-0e6e-40b9-958a-f56dd7f1fa09,"2022-2023 data file",https://donnees-data.tpsgc-pwgsc.gc.ca/ba1/revenuesdeficit/revenuesdeficit-2023-eng.csv,"2022-2023 fichier de données",https://donnees-data.tpsgc-pwgsc.gc.ca/ba1/revenuesdeficit/revenuesdeficit-2023-fra.csv
2022/2023,I,3,3.2,,,"Tax revenues",https://www.tpsgc-pwgsc.gc.ca/recgen/cpc-pac/2023/vol1/s3/rvnu-eng.html#t3.2,"Revenus fiscaux",https://www.tpsgc-pwgsc.gc.ca/recgen/cpc-pac/2023/vol1/s3/rvnu-fra.html#t3.2,"Revenues, expenses and accumulated deficit, as per the Public Accounts of Canada",https://open.canada.ca/data/en/dataset/2599fe61-0e6e-40b9-958a-f56dd7f1fa09,"Revenus, charges et déficit accumulé, selon les Comptes publics du Canada",https://ouvert.canada.ca/data/fr/dataset/2599fe61-0e6e-40b9-958a-f56dd7f1fa09,"2022-2023 data file",https://donnees-data.tpsgc-pwgsc.gc.ca/ba1/revenuesdeficit/revenuesdeficit-2023-eng.csv,"2022-2023 fichier de données",https://donnees-data.tpsgc-pwgsc.gc.ca/ba1/revenuesdeficit/revenuesdeficit-2023-fra.csv
2022/2023,I,3,3.3,,,"Goods and services tax",https://www.tpsgc-pwgsc.gc.ca/recgen/cpc-pac/2023/vol1/s3/rvnu-eng.html#t3.3,"Taxe sur les produits et services",https://www.tpsgc-pwgsc.gc.ca/recgen/cpc-pac/2023/vol1/s3/rvnu-fra.html#t3.3,"Revenues, expenses and accumulated deficit, as per the Public Accounts of Canada",https://open.canada.ca/data/en/dataset/2599fe61-0e6e-40b9-958a-f56dd7f1fa09,"Revenus, charges et déficit accumulé, selon les Comptes publics du Canada",https://ouvert.canada.ca/data/fr/dataset/2599fe61-0e6e-40b9-958a-f56dd7f1fa09,"2022-2023 data file",https://donnees-data.tpsgc-pwgsc.gc.ca/ba1/revenuesdeficit/revenuesdeficit-2023-eng.csv,"2022-2023 fichier de données",https://donnees-data.tpsgc-pwgsc.gc.ca/ba1/revenuesdeficit/revenuesdeficit-2023-fra.csv
2022/2023,I,3,3.4,,,"Other revenues",https://www.tpsgc-pwgsc.gc.ca/recgen/cpc-pac/2023/vol1/s3/rvnu-eng.html#t3.4,"Autres revenus",https://www.tpsgc-pwgsc.gc.ca/recgen/cpc-pac/2023/vol1/s3/rvnu-fra.html#t3.4,"Revenues, expenses and accumulated deficit, as per the Public Accounts of Canada",https://open.canada.ca/data/en/dataset/2599fe61-0e6e-40b9-958a-f56dd7f1fa09,"Revenus, charges et déficit accumulé, selon les Comptes publics du Canada",https://ouvert.canada.ca/data/fr/dataset/2599fe61-0e6e-40b9-958a-f56dd7f1fa09,"2022-2023 data file",https://donnees-data.tpsgc-pwgsc.gc.ca/ba1/revenuesdeficit/revenuesdeficit-2023-eng.csv,"2022-2023 fichier de données",https://donnees-data.tpsgc-pwgsc.gc.ca/ba1/revenuesdeficit/revenuesdeficit-2023-fra.csv
2022/2023,I,3,3.5,,,"Return on investments",https://www.tpsgc-pwgsc.gc.ca/recgen/cpc-pac/2023/vol1/s3/rvnu-eng.html#t3.5,"Revenus de placements",https://www.tpsgc-pwgsc.gc.ca/recgen/cpc-pac/2023/vol1/s3/rvnu-fra.html#t3.5,"Revenues, expenses and accumulated deficit, as per the Public Accounts of Canada",https://open.canada.ca/data/en/dataset/2599fe61-0e6e-40b9-958a-f56dd7f1fa09,"Revenus, charges et déficit accumulé, selon les Comptes publics du Canada",https://ouvert.canada.ca/data/fr/dataset/2599fe61-0e6e-40b9-958a-f56dd7f1fa09,"2022-2023 data file",https://donnees-data.tpsgc-pwgsc.gc.ca/ba1/revenuesdeficit/revenuesdeficit-2023-eng.csv,"2022-2023 fichier de données",https://donnees-data.tpsgc-pwgsc.gc.ca/ba1/revenuesdeficit/revenuesdeficit-2023-fra.csv
2022/2023,I,3,3.6,,,"External expenses by segment and by type",https://www.tpsgc-pwgsc.gc.ca/recgen/cpc-pac/2023/vol1/s3/charges-expenses-eng.html#t3.6,"Charges externes par secteur et par type",https://www.tpsgc-pwgsc.gc.ca/recgen/cpc-pac/2023/vol1/s3/charges-expenses-fra.html#t3.6,"External Expenses by Segment and by Type as per the Public Accounts of Canada",https://open.canada.ca/data/en/dataset/353333bd-3b26-4b05-8088-ca883188b80c,"Charges externes par secteur et par type selon les Comptes publics du Canada",https://ouvert.canada.ca/data/fr/dataset/353333bd-3b26-4b05-8088-ca883188b80c,"2023 - External Expenses by Segment and by Type",https://donnees-data.tpsgc-pwgsc.gc.ca/ba1/cest-eest/cest-eest-2023-eng.csv,"2023 - Charges externes par secteur et par type",https://donnees-data.tpsgc-pwgsc.gc.ca/ba1/cest-eest/cest-eest-2023-fra.csv
2022/2023,I,3,3.7,,,"Major transfer payments by province and territory",https://www.tpsgc-pwgsc.gc.ca/recgen/cpc-pac/2023/vol1/s3/charges-expenses-eng.html#t3.7,"Principaux paiements de transfert par province et territoire",https://www.tpsgc-pwgsc.gc.ca/recgen/cpc-pac/2023/vol1/s3/charges-expenses-fra.html#t3.7,"Major Transfer Payments by Province and Territory as per the Public Accounts of Canada",https://open.canada.ca/data/en/dataset/fcf3e4d7-054c-4165-ac34-b8809b2ae0cd,"Principaux paiements de transfert par province et territoire selon les Comptes publics du Canada",https://ouvert.canada.ca/data/fr/dataset/fcf3e4d7-054c-4165-ac34-b8809b2ae0cd,"2023 - Major Transfer Payments by Province and Territory",https://donnees-data.tpsgc-pwgsc.gc.ca/ba1/ppt-mtp/ppt-mtp-2023-eng.csv,"2023 - Principaux paiements de transfert par province et territoire",https://donnees-data.tpsgc-pwgsc.gc.ca/ba1/ppt-mtp/ppt-mtp-2023-fra.csv
2022/2023,I,3,3.8,,,"Public debt charges",https://www.tpsgc-pwgsc.gc.ca/recgen/cpc-pac/2023/vol1/s3/charges-expenses-eng.html#t3.8,"Frais de la dette publique",https://www.tpsgc-pwgsc.gc.ca/recgen/cpc-pac/2023/vol1/s3/charges-expenses-fra.html#t3.8,"Revenues, expenses and accumulated deficit, as per the Public Accounts of Canada",https://open.canada.ca/data/en/dataset/2599fe61-0e6e-40b9-958a-f56dd7f1fa09,"Revenus, charges et déficit accumulé, selon les Comptes publics du Canada",https://ouvert.canada.ca/data/fr/dataset/2599fe61-0e6e-40b9-958a-f56dd7f1fa09,"2022-2023 data file",https://donnees-data.tpsgc-pwgsc.gc.ca/ba1/revenuesdeficit/revenuesdeficit-2023-eng.csv,"2022-2023 fichier de données",https://donnees-data.tpsgc-pwgsc.gc.ca/ba1/revenuesdeficit/revenuesdeficit-2023-fra.csv
2022/2023,I,3,3.9,,,"Total expenses by object",https://www.tpsgc-pwgsc.gc.ca/recgen/cpc-pac/2023/vol1/s3/charges-expenses-eng.html#t3.9,"Charges totales par article",https://www.tpsgc-pwgsc.gc.ca/recgen/cpc-pac/2023/vol1/s3/charges-expenses-fra.html#t3.9,"Reconciliation of External Expenditures by Standard Object to Expenses as per the Public Accounts of Canada",https://open.canada.ca/data/en/dataset/fd5f8b66-649d-42e8-8d86-7f09928f5f19,"Rapprochement des dépenses externes par article courant avec les charges selon les Comptes publics du Canada",https://ouvert.canada.ca/data/fr/dataset/fd5f8b66-649d-42e8-8d86-7f09928f5f19,"2023 - Reconciliation of External Expenditures to Expenses",https://donnees-data.tpsgc-pwgsc.gc.ca/ba1/reesoe-rdeacc/reesoe-rdeacc-2023-eng.csv,"2023 - Rapprochement des dépenses externes avec les charges",https://donnees-data.tpsgc-pwgsc.gc.ca/ba1/reesoe-rdeacc/reesoe-rdeacc-2023-fra.csv
2022/2023,I,3,3.10,,,"Expenditures under statutory authorities",https://www.tpsgc-pwgsc.gc.ca/recgen/cpc-pac/2023/vol1/s3/charges-expenses-eng.html#t3.10,"Dépenses en vertu d'autorisations législatives",https://www.tpsgc-pwgsc.gc.ca/recgen/cpc-pac/2023/vol1/s3/charges-expenses-fra.html#t3.10,"Expenditures under statutory authorities, as per the Public Accounts of Canada",https://open.canada.ca/data/en/dataset/81e5f22d-d969-411d-bb6b-d716a4c0aad1,"Dépenses en vertu des autorisations législatives, selon les Comptes publics du Canada",https://ouvert.canada.ca/data/fr/dataset/81e5f22d-d969-411d-bb6b-d716a4c0aad1,"2022-2023 data file",https://donnees-data.tpsgc-pwgsc.gc.ca/ba1/depleg-expstat/depleg-expstat-2022-2023.csv,"2022-2023 fichier de données",https://donnees-data.tpsgc-pwgsc.gc.ca/ba1/depleg-expstat/depleg-expstat-2022-2023.csv
2022/2023,I,4,4.1,,,"Financial position of consolidated Crown corporations and other entities",https://www.tpsgc-pwgsc.gc.ca/recgen/cpc-pac/2023/vol1/s4/seaec-cccoe-eng.html#t4.1,"Situation financière des sociétés d'État et autres entités consolidées",https://www.tpsgc-pwgsc.gc.ca/recgen/cpc-pac/2023/vol1/s4/seaec-cccoe-fra.html#t4.1,"Financial Position of Consolidated Crown Corporations and Other Entities as per the Public Accounts of Canada",https://open.canada.ca/data/en/dataset/7d619a41-3f53-4e3e-852d-0ffca2fccbe0,"Situation financière des sociétés d'État et autres entités consolidées selon les Comptes publics du Canada",https://ouvert.canada.ca/data/fr/dataset/7d619a41-3f53-4e3e-852d-0ffca2fccbe0,"2006-2025 - data file",https://donnees-data.tpsgc-pwgsc.gc.ca/ba1/fpccc-scfda/fpccc-scfda.csv,"2006-2025 - fichier de données",https://donnees-data.tpsgc-pwgsc.gc.ca/ba1/fpccc-scfda/fpccc-scfda.csv
2022/2023,I,4,4.2,,,"Revenues, expenses and other changes in equity of consolidated Crown corporations and other entities for the year",https://www.tpsgc-pwgsc.gc.ca/recgen/cpc-pac/2023/vol1/s4/seaec-cccoe-eng.html#t4.2,"Revenus, charges et autres variations de l'avoir des sociétés d'État et autres entités consolidées pour l'exercice",https://www.tpsgc-pwgsc.gc.ca/recgen/cpc-pac/2023/vol1/s4/seaec-cccoe-fra.html#t4.2,"Revenues, Expenses and Other Changes in Equity of Consolidated Crown Corporations and Other Entities as per the Public Accounts of Canada",https://open.canada.ca/data/en/dataset/920b1c08-eb7f-4be0-bfdb-5a204ba6381d,"Revenus, charges et autres variations de l'avoir des sociétés d'État et autres entités consolidées selon les Comptes publics du Canada",https://ouvert.canada.ca/data/fr/dataset/920b1c08-eb7f-4be0-bfdb-5a204ba6381d,"2006-2025 - data file",https://donnees-data.tpsgc-pwgsc.gc.ca/ba1/receccc-rcvdsae/receccc-rcvdsae.csv,"2006-2025 - fichier de données",https://donnees-data.tpsgc-pwgsc.gc.ca/ba1/receccc-rcvdsae/receccc-rcvdsae.csv
2022/2023,I,4,4.3,,,"Borrowings by consolidated agent Crown corporations",https://www.tpsgc-pwgsc.gc.ca/recgen/cpc-pac/2023/vol1/s4/seaec-cccoe-eng.html#t4.3,"Emprunts effectués par les sociétés d'État mandataires consolidées",https://www.tpsgc-pwgsc.gc.ca/recgen/cpc-pac/2023/vol1/s4/seaec-cccoe-fra.html#t4.3,"Borrowings by consolidated agent Crown corporations and enterprise Crown corporations and other government business enterprises (GBEs), as per the Public Accounts of Canada",https://open.canada.ca/data/en/dataset/a55ef5d6-312b-44a5-970e-c4a4749e474c,"Emprunts effectués par les sociétés d'État mandataires consolidées et les sociétés d’État entreprises et autres entreprises publiques, selon les Comptes publics du Canada",https://ouvert.canada.ca/data/fr/dataset/a55ef5d6-312b-44a5-970e-c4a4749e474c,"2007-2025 - data file",https://donnees-data.tpsgc-pwgsc.gc.ca/ba1/emcm-bcac/emcm-bcac.csv,"2007-2025 - fichier de données",https://donnees-data.tpsgc-pwgsc.gc.ca/ba1/emcm-bcac/emcm-bcac.csv
2022/2023,I,4,4.4,,,"Contingent liabilities of consolidated Crown corporations and other entities",https://www.tpsgc-pwgsc.gc.ca/recgen/cpc-pac/2023/vol1/s4/seaec-cccoe-eng.html#t4.4,"Passifs éventuels des sociétés d'État et autres entités consolidées",https://www.tpsgc-pwgsc.gc.ca/recgen/cpc-pac/2023/vol1/s4/seaec-cccoe-fra.html#t4.4,"Contingent liabilities of consolidated Crown corporations and other entities and enterprise Crown corporations and other government business enterprises (GBEs), as per the Public Accounts of Canada",https://open.canada.ca/data/en/dataset/176259fb-0ecd-4c0f-a068-1905442f2ad8,"Passif éventuel des sociétés d'État et autres entités consolidées et des sociétés d’État entreprises et autres entreprises publiques, selon les Comptes publics du Canada",https://ouvert.canada.ca/data/fr/dataset/176259fb-0ecd-4c0f-a068-1905442f2ad8,"2018-2025 - data file",https://donnees-data.tpsgc-pwgsc.gc.ca/ba1/pesae-clcce/pesae-clcce.csv,"2018-2025 - fichier de données",https://donnees-data.tpsgc-pwgsc.gc.ca/ba1/pesae-clcce/pesae-clcce.csv
2022/2023,I,4,4.5,,,"Financial assistance under budgetary appropriations to consolidated Crown corporations for the year",https://www.tpsgc-pwgsc.gc.ca/recgen/cpc-pac/2023/vol1/s4/seaec-cccoe-eng.html#t4.5,"Aide financière aux sociétés d'État consolidées provenant de crédits budgétaires pour l'exercice",https://www.tpsgc-pwgsc.gc.ca/recgen/cpc-pac/2023/vol1/s4/seaec-cccoe-fra.html#t4.5,"Financial assistance under budgetary appropriations to consolidated Crown corporations, enterprise Crown corporations and other government business enterprises (GBEs), as per the Public Accounts of Canada",https://open.canada.ca/data/en/dataset/5e6d0313-b81e-4c8b-a0d5-360e4411b77a,"Aide financière aux sociétés d'État consolidées provenant de crédits budgétaires, aux sociétés d’État entreprises et autres entreprises publiques, selon les Comptes publics du Canada",https://ouvert.canada.ca/data/fr/dataset/5e6d0313-b81e-4c8b-a0d5-360e4411b77a,"2007-2025 - data file",https://donnees-data.tpsgc-pwgsc.gc.ca/ba1/afscpcb-fabacc/afscpcb-fabacc.csv,"2007-2025 - fichier de données",https://donnees-data.tpsgc-pwgsc.gc.ca/ba1/afscpcb-fabacc/afscpcb-fabacc.csv
2022/2023,I,4,4.6,,,"Consolidated specified purpose accounts",https://www.tpsgc-pwgsc.gc.ca/recgen/cpc-pac/2023/vol1/s4/cfdc-cspa-eng.html#t4.6,"Comptes à fins déterminées consolidés",https://www.tpsgc-pwgsc.gc.ca/recgen/cpc-pac/2023/vol1/s4/cfdc-cspa-fra.html#t4.6,"Consolidated specified purpose accounts as per the Public Accounts of Canada",https://open.canada.ca/data/en/dataset/494ed9a0-4ef5-4002-8e4f-c77ec1a88697,"Comptes à fins déterminées consolidés selon les Comptes publics du Canada",https://ouvert.canada.ca/data/fr/dataset/494ed9a0-4ef5-4002-8e4f-c77ec1a88697,"2007-2025 - data file",https://donnees-data.tpsgc-pwgsc.gc.ca/ba1/cfdc-cspa/cfdc-cspa.csv,"2007-2025 - fichier de données",https://donnees-data.tpsgc-pwgsc.gc.ca/ba1/cfdc-cspa/cfdc-cspa.csv
2022/2023,I,4,4.7,,,"Transactions in the Employment Insurance Operating Account",https://www.tpsgc-pwgsc.gc.ca/recgen/cpc-pac/2023/vol1/s4/cfdc-cspa-eng.html#t4.7,"Opérations du Compte des opérations de l'assurance-emploi",https://www.tpsgc-pwgsc.gc.ca/recgen/cpc-pac/2023/vol1/s4/cfdc-cspa-fra.html#t4.7,"Transactions in the Employment Insurance Operating Account as per the Public Accounts of Canada",https://open.canada.ca/data/en/dataset/a0b27ff0-0f23-489e-840a-90464ba92e3a,"Opérations du Compte des opérations de l’assurance-emploi selon les Comptes publics du Canada",https://ouvert.canada.ca/data/fr/dataset/a0b27ff0-0f23-489e-840a-90464ba92e3a,"2007-2025 - data file",https://donnees-data.tpsgc-pwgsc.gc.ca/ba1/ocoae-teioa/ocoae-teioa.csv,"2007-2025 - fichier de données",https://donnees-data.tpsgc-pwgsc.gc.ca/ba1/ocoae-teioa/ocoae-teioa.csv
2022/2023,I,5,5.1,,,"Accounts payable and accrued liabilities",https://www.tpsgc-pwgsc.gc.ca/recgen/cpc-pac/2023/vol1/s5/index-eng.html#t5.1,"Créditeurs et charges à payer",https://www.tpsgc-pwgsc.gc.ca/recgen/cpc-pac/2023/vol1/s5/index-fra.html#t5.1,"Accounts Payable and Accrued Liabilities as per the Public Accounts of Canada",https://open.canada.ca/data/en/dataset/f9ef820c-6956-4b58-a6af-d3774c1b03e5,"Créditeurs et charges à payer selon les Comptes publics du Canada",https://ouvert.canada.ca/data/fr/dataset/f9ef820c-6956-4b58-a6af-d3774c1b03e5,"Summary - Accounts payable and accrued liabilities",https://donnees-data.tpsgc-pwgsc.gc.ca/ba1/creditchargepaye-acctpayableaccrued/ccp-apal.csv,"Résumé - Créditeurs et charges à payer",https://donnees-data.tpsgc-pwgsc.gc.ca/ba1/creditchargepaye-acctpayableaccrued/ccp-apal.csv
2022/2023,I,5,5.2,,,"Other accounts payable and accrued liabilities",https://www.tpsgc-pwgsc.gc.ca/recgen/cpc-pac/2023/vol1/s5/accp-oapal-eng.html#t5.2,"Autres créditeurs et charges à payer",https://www.tpsgc-pwgsc.gc.ca/recgen/cpc-pac/2023/vol1/s5/accp-oapal-fra.html#t5.2,"Accounts Payable and Accrued Liabilities as per the Public Accounts of Canada",https://open.canada.ca/data/en/dataset/f9ef820c-6956-4b58-a6af-d3774c1b03e5,"Créditeurs et charges à payer selon les Comptes publics du Canada",https://ouvert.canada.ca/data/fr/dataset/f9ef820c-6956-4b58-a6af-d3774c1b03e5,"Summary - Accounts payable and accrued liabilities",https://donnees-data.tpsgc-pwgsc.gc.ca/ba1/creditchargepaye-acctpayableaccrued/ccp-apal.csv,"Résumé - Créditeurs et charges à payer",https://donnees-data.tpsgc-pwgsc.gc.ca/ba1/creditchargepaye-acctpayableaccrued/ccp-apal.csv
2022/2023,I,5,5.3,,,"Notes payable to international organizations",https://www.tpsgc-pwgsc.gc.ca/recgen/cpc-pac/2023/vol1/s5/accp-oapal-eng.html#t5.3,"Effets à payer aux organisations internationales",https://www.tpsgc-pwgsc.gc.ca/recgen/cpc-pac/2023/vol1/s5/accp-oapal-fra.html#t5.3,"Accounts Payable and Accrued Liabilities as per the Public Accounts of Canada",https://open.canada.ca/data/en/dataset/f9ef820c-6956-4b58-a6af-d3774c1b03e5,"Créditeurs et charges à payer selon les Comptes publics du Canada",https://ouvert.canada.ca/data/fr/dataset/f9ef820c-6956-4b58-a6af-d3774c1b03e5,"Notes payable to international organizations",https://donnees-data.tpsgc-pwgsc.gc.ca/ba1/creditchargepaye-acctpayableaccrued/eapaoi-nptio.csv,"Effets à payer aux organisations internationales",https://donnees-data.tpsgc-pwgsc.gc.ca/ba1/creditchargepaye-acctpayableaccrued/eapaoi-nptio.csv
2022/2023,I,5,5.4,,,"Provincial, Territorial and Indigenous Tax Agreements Account",https://www.tpsgc-pwgsc.gc.ca/recgen/cpc-pac/2023/vol1/s5/accp-oapal-eng.html#t5.4,"Compte relatif aux accords fiscaux provinciaux, territoriaux et autochtones",https://www.tpsgc-pwgsc.gc.ca/recgen/cpc-pac/2023/vol1/s5/accp-oapal-fra.html#t5.4,"Accounts Payable and Accrued Liabilities as per the Public Accounts of Canada",https://open.canada.ca/data/en/dataset/f9ef820c-6956-4b58-a6af-d3774c1b03e5,"Créditeurs et charges à payer selon les Comptes publics du Canada",https://ouvert.canada.ca/data/fr/dataset/f9ef820c-6956-4b58-a6af-d3774c1b03e5,"Provincial, Territorial and Aboriginal Tax Agreements Account",https://donnees-data.tpsgc-pwgsc.gc.ca/ba1/creditchargepaye-acctpayableaccrued/crcfpta-ptataa.csv,"Compte relatif aux accords fiscaux provinciaux, territoriaux et autochtones",https://donnees-data.tpsgc-pwgsc.gc.ca/ba1/creditchargepaye-acctpayableaccrued/crcfpta-ptataa.csv
2022/2023,I,5,5.5,,,"Deferred revenues",https://www.tpsgc-pwgsc.gc.ca/recgen/cpc-pac/2023/vol1/s5/rr-dr-eng.html#t5.5,"Revenus reportés",https://www.tpsgc-pwgsc.gc.ca/recgen/cpc-pac/2023/vol1/s5/rr-dr-fra.html#t5.5,"Accounts Payable and Accrued Liabilities as per the Public Accounts of Canada",https://open.canada.ca/data/en/dataset/f9ef820c-6956-4b58-a6af-d3774c1b03e5,"Créditeurs et charges à payer selon les Comptes publics du Canada",https://ouvert.canada.ca/data/fr/dataset/f9ef820c-6956-4b58-a6af-d3774c1b03e5,"Deferred revenues",https://donnees-data.tpsgc-pwgsc.gc.ca/ba1/creditchargepaye-acctpayableaccrued/rr-dr.csv,"Revenus reportés",https://donnees-data.tpsgc-pwgsc.gc.ca/ba1/creditchargepaye-acctpayableaccrued/rr-dr.csv
2022/2023,I,5,5.6,,,"Amounts payable related to tax",https://www.tpsgc-pwgsc.gc.ca/recgen/cpc-pac/2023/vol1/s5/impots-taxes-eng.html#t5.6,"Créditeurs fiscaux",https://www.tpsgc-pwgsc.gc.ca/recgen/cpc-pac/2023/vol1/s5/impots-taxes-fra.html#t5.6,"Accounts Payable and Accrued Liabilities as per the Public Accounts of Canada",https://open.canada.ca/data/en/dataset/f9ef820c-6956-4b58-a6af-d3774c1b03e5,"Créditeurs et charges à payer selon les Comptes publics du Canada",https://ouvert.canada.ca/data/fr/dataset/f9ef820c-6956-4b58-a6af-d3774c1b03e5,"Summary - Accounts payable and accrued liabilities",https://donnees-data.tpsgc-pwgsc.gc.ca/ba1/creditchargepaye-acctpayableaccrued/ccp-apal.csv,"Résumé - Créditeurs et charges à payer",https://donnees-data.tpsgc-pwgsc.gc.ca/ba1/creditchargepaye-acctpayableaccrued/ccp-apal.csv
2022/2023,I,5,5.7,,,"Environmental liabilities",https://www.tpsgc-pwgsc.gc.ca/recgen/cpc-pac/2023/vol1/s5/pe-el-eng.html#t5.7,"Passifs environnementaux",https://www.tpsgc-pwgsc.gc.ca/recgen/cpc-pac/2023/vol1/s5/pe-el-fra.html#t5.7,"Accounts Payable and Accrued Liabilities as per the Public Accounts of Canada",https://open.canada.ca/data/en/dataset/f9ef820c-6956-4b58-a6af-d3774c1b03e5,"Créditeurs et charges à payer selon les Comptes publics du Canada",https://ouvert.canada.ca/data/fr/dataset/f9ef820c-6956-4b58-a6af-d3774c1b03e5,"Environmental liabilities and asset retirement obligations",https://donnees-data.tpsgc-pwgsc.gc.ca/ba1/creditchargepaye-acctpayableaccrued/pe-el.csv,"Passif environnemental et obligations liées à la mise hors service d'immobilisations",https://donnees-data.tpsgc-pwgsc.gc.ca/ba1/creditchargepaye-acctpayableaccrued/pe-el.csv
2022/2023,I,5,5.8,,,"Changes in liability for remediation of contaminated sites",https://www.tpsgc-pwgsc.gc.ca/recgen/cpc-pac/2023/vol1/s5/pe-el-eng.html#t5.8,"Variations du passif relatif à l'assainissement des sites contaminés",https://www.tpsgc-pwgsc.gc.ca/recgen/cpc-pac/2023/vol1/s5/pe-el-fra.html#t5.8,"Accounts Payable and Accrued Liabilities as per the Public Accounts of Canada",https://open.canada.ca/data/en/dataset/f9ef820c-6956-4b58-a6af-d3774c1b03e5,"Créditeurs et charges à payer selon les Comptes publics du Canada",https://ouvert.canada.ca/data/fr/dataset/f9ef820c-6956-4b58-a6af-d3774c1b03e5,"Changes in liability for remediation of contaminated sites",https://donnees-data.tpsgc-pwgsc.gc.ca/ba1/creditchargepaye-acctpayableaccrued/vprasc-clrcs.csv,"Variations du passif relatif à l'assainissement des sites contaminés",https://donnees-data.tpsgc-pwgsc.gc.ca/ba1/creditchargepaye-acctpayableaccrued/vprasc-clrcs.csv
2022/2023,I,5,5.9,,,"Asset retirement obligations",https://www.tpsgc-pwgsc.gc.ca/recgen/cpc-pac/2023/vol1/s5/ide-imd-eng.html#t5.9,"Obligations liées à la mise hors service d'immobilisations",https://www.tpsgc-pwgsc.gc.ca/recgen/cpc-pac/2023/vol1/s5/ide-imd-fra.html#t5.9,"Accounts Payable and Accrued Liabilities as per the Public Accounts of Canada",https://open.canada.ca/data/en/dataset/f9ef820c-6956-4b58-a6af-d3774c1b03e5,"Créditeurs et charges à payer selon les Comptes publics du Canada",https://ouvert.canada.ca/data/fr/dataset/f9ef820c-6956-4b58-a6af-d3774c1b03e5,"Environmental liabilities and asset retirement obligations",https://donnees-data.tpsgc-pwgsc.gc.ca/ba1/creditchargepaye-acctpayableaccrued/pe-el.csv,"Passif environnemental et obligations liées à la mise hors service d'immobilisations",https://donnees-data.tpsgc-pwgsc.gc.ca/ba1/creditchargepaye-acctpayableaccrued/pe-el.csv
2022/2023,I,6,6.1,,,"Interest-bearing debt",https://www.tpsgc-pwgsc.gc.ca/recgen/cpc-pac/2023/vol1/s6/index-eng.html#t6.1,"Dette portant intérêt",https://www.tpsgc-pwgsc.gc.ca/recgen/cpc-pac/2023/vol1/s6/index-fra.html#t6.1,"N/A - Not published","N/A - Not published","s.o. - Non publié","s.o. - Non publié","N/A - Not published","N/A - Not published","s.o. - Non publié","s.o. - Non publié"
2022/2023,I,6,6.2,,,"Marketable bonds",https://www.tpsgc-pwgsc.gc.ca/recgen/cpc-pac/2023/vol1/s6/dne-ud-eng.html#t6.2,"Obligations négociables",https://www.tpsgc-pwgsc.gc.ca/recgen/cpc-pac/2023/vol1/s6/dne-ud-fra.html#t6.2,"N/A - Not published","N/A - Not published","s.o. - Non publié","s.o. - Non publié","N/A - Not published","N/A - Not published","s.o. - Non publié","s.o. - Non publié"
2022/2023,I,6,6.3,,,"Treasury bills",https://www.tpsgc-pwgsc.gc.ca/recgen/cpc-pac/2023/vol1/s6/dne-ud-eng.html#t6.3,"Bons du Trésor",https://www.tpsgc-pwgsc.gc.ca/recgen/cpc-pac/2023/vol1/s6/dne-ud-fra.html#t6.3,"N/A - Not published","N/A - Not published","s.o. - Non publié","s.o. - Non publié","N/A - Not published","N/A - Not published","s.o. - Non publié","s.o. - Non publié"
2022/2023,I,6,6.4,,,"Canada bills",https://www.tpsgc-pwgsc.gc.ca/recgen/cpc-pac/2023/vol1/s6/dne-ud-eng.html#t6.4,"Bons du Canada",https://www.tpsgc-pwgsc.gc.ca/recgen/cpc-pac/2023/vol1/s6/dne-ud-fra.html#t6.4,"N/A - Not published","N/A - Not published","s.o. - Non publié","s.o. - Non publié","N/A - Not published","N/A - Not published","s.o. - Non publié","s.o. - Non publié"
2022/2023,I,6,6.5,,,"Market debt as at March 31 of the preceding 5 years, with the average rate of interest thereon",https://www.tpsgc-pwgsc.gc.ca/recgen/cpc-pac/2023/vol1/s6/dne-ud-eng.html#t6.5,"Dette contractée sur les marchés au 31 mars, des 5 années précédentes, et taux d'intérêt moyen en vigueur",https://www.tpsgc-pwgsc.gc.ca/recgen/cpc-pac/2023/vol1/s6/dne-ud-fra.html#t6.5,"N/A - Not published","N/A - Not published","s.o. - Non publié","s.o. - Non publié","N/A - Not published","N/A - Not published","s.o. - Non publié","s.o. - Non publié"
2022/2023,I,6,6.6,,,"Treasury bills average yields at tender",https://www.tpsgc-pwgsc.gc.ca/recgen/cpc-pac/2023/vol1/s6/dne-ud-eng.html#t6.6,"Rendement moyen des bons du Trésor en adjudication",https://www.tpsgc-pwgsc.gc.ca/recgen/cpc-pac/2023/vol1/s6/dne-ud-fra.html#t6.6,"N/A - Not published","N/A - Not published","s.o. - Non publié","s.o. - Non publié","N/A - Not published","N/A - Not published","s.o. - Non publié","s.o. - Non publié"
2022/2023,I,6,6.7,,,"Maturity of Government debt",https://www.tpsgc-pwgsc.gc.ca/recgen/cpc-pac/2023/vol1/s6/dne-ud-eng.html#t6.7,"Échéance de la dette du gouvernement",https://www.tpsgc-pwgsc.gc.ca/recgen/cpc-pac/2023/vol1/s6/dne-ud-fra.html#t6.7,"N/A - Not published","N/A - Not published","s.o. - Non publié","s.o. - Non publié","N/A - Not published","N/A - Not published","s.o. - Non publié","s.o. - Non publié"
2022/2023,I,6,6.8,,,"Obligation related to capital leases",https://www.tpsgc-pwgsc.gc.ca/recgen/cpc-pac/2023/vol1/s6/dne-ud-eng.html#t6.8,"Obligation découlant de contrats de location‑acquisition",https://www.tpsgc-pwgsc.gc.ca/recgen/cpc-pac/2023/vol1/s6/dne-ud-fra.html#t6.8,"N/A - Not published","N/A - Not published","s.o. - Non publié","s.o. - Non publié","N/A - Not published","N/A - Not published","s.o. - Non publié","s.o. - Non publié"
2022/2023,I,6,6.9,,,"Details of obligation related to capital leases",https://www.tpsgc-pwgsc.gc.ca/recgen/cpc-pac/2023/vol1/s6/dne-ud-eng.html#t6.9,"Détail de l'obligation découlant de contrats de location‑acquisition",https://www.tpsgc-pwgsc.gc.ca/recgen/cpc-pac/2023/vol1/s6/dne-ud-fra.html#t6.9,"N/A - Not published","N/A - Not published","s.o. - Non publié","s.o. - Non publié","N/A - Not published","N/A - Not published","s.o. - Non publié","s.o. - Non publié"
2022/2023,I,6,6.10,,,"Minimum lease payments related to capital leases",https://www.tpsgc-pwgsc.gc.ca/recgen/cpc-pac/2023/vol1/s6/dne-ud-eng.html#t6.10,"Paiements minimaux exigibles de contrats de location‑acquisition",https://www.tpsgc-pwgsc.gc.ca/recgen/cpc-pac/2023/vol1/s6/dne-ud-fra.html#t6.10,"N/A - Not published","N/A - Not published","s.o. - Non publié","s.o. - Non publié","N/A - Not published","N/A - Not published","s.o. - Non publié","s.o. - Non publié"
2022/2023,I,6,6.11,,,"Public sector pensions",https://www.tpsgc-pwgsc.gc.ca/recgen/cpc-pac/2023/vol1/s6/rraaf-pofb-eng.html#t6.11,"Régimes de retraite du secteur public",https://www.tpsgc-pwgsc.gc.ca/recgen/cpc-pac/2023/vol1/s6/rraaf-pofb-fra.html#t6.11,"Financial Information Comparative of Public Sector Pension Accounts as per the Public Accounts of Canada",https://open.canada.ca/data/en/dataset/5fefdd9b-e7e9-4139-93a1-aa4e696fb237,"Comparatif de l’information financière des comptes de régimes de retraite selon les Comptes publics du Canada",https://ouvert.canada.ca/data/fr/dataset/5fefdd9b-e7e9-4139-93a1-aa4e696fb237,"2023 - Volume 1, Public Sector Pensions",https://donnees-data.tpsgc-pwgsc.gc.ca/ba1/cdifdcdrdr-ficpspapac/cdifdcdrdr-ficpspapac-2023-eng.csv,"2023 - Volume 1, Régimes de retraite du secteur public",https://donnees-data.tpsgc-pwgsc.gc.ca/ba1/cdifdcdrdr-ficpspapac/cdifdcdrdr-ficpspapac-2023-fra.csv
2022/2023,I,6,6.12,,,"Summary of transactions in public sector pensions that resulted in charges to expenses",https://www.tpsgc-pwgsc.gc.ca/recgen/cpc-pac/2023/vol1/s6/rraaf-pofb-eng.html#t6.12,"Sommaire des opérations relatives aux régimes de retraite du secteur public qui ont produit des imputations aux charges",https://www.tpsgc-pwgsc.gc.ca/recgen/cpc-pac/2023/vol1/s6/rraaf-pofb-fra.html#t6.12,"Summary of transactions in public sector pensions that resulted in charges to expenditures, as per the Public Accounts of Canada",https://open.canada.ca/data/en/dataset/e371bc8c-4d06-4fc1-b9c6-e1e72a87a6a5,"Sommaire des opérations relatives aux régimes de retraite du secteur public qui ont produit des imputations aux charges selon les Comptes publics du Canada",https://ouvert.canada.ca/data/fr/dataset/e371bc8c-4d06-4fc1-b9c6-e1e72a87a6a5,"2008-2025 - data file",https://donnees-data.tpsgc-pwgsc.gc.ca/ba1/regimes-pensions/regimes-pensions.csv,"2008-2025 - fichier de données",https://donnees-data.tpsgc-pwgsc.gc.ca/ba1/regimes-pensions/regimes-pensions.csv
2022/2023,I,6,6.13,,,"Public Service Superannuation Account",https://www.tpsgc-pwgsc.gc.ca/recgen/cpc-pac/2023/vol1/s6/rraaf-pofb-eng.html#t6.13,"Compte de pension de retraite de la fonction publique",https://www.tpsgc-pwgsc.gc.ca/recgen/cpc-pac/2023/vol1/s6/rraaf-pofb-fra.html#t6.13,"Financial Information Comparative of Public Sector Pension Accounts as per the Public Accounts of Canada",https://open.canada.ca/data/en/dataset/5fefdd9b-e7e9-4139-93a1-aa4e696fb237,"Comparatif de l’information financière des comptes de régimes de retraite selon les Comptes publics du Canada",https://ouvert.canada.ca/data/fr/dataset/5fefdd9b-e7e9-4139-93a1-aa4e696fb237,"2023 - Volume 1, Public Sector Pensions",https://donnees-data.tpsgc-pwgsc.gc.ca/ba1/cdifdcdrdr-ficpspapac/cdifdcdrdr-ficpspapac-2023-eng.csv,"2023 - Volume 1, Régimes de retraite du secteur public",https://donnees-data.tpsgc-pwgsc.gc.ca/ba1/cdifdcdrdr-ficpspapac/cdifdcdrdr-ficpspapac-2023-fra.csv
2022/2023,I,6,6.14,,,"Public Service Pension Fund Account",https://www.tpsgc-pwgsc.gc.ca/recgen/cpc-pac/2023/vol1/s6/rraaf-pofb-eng.html#t6.14,"Compte de la caisse de retraite de la fonction publique",https://www.tpsgc-pwgsc.gc.ca/recgen/cpc-pac/2023/vol1/s6/rraaf-pofb-fra.html#t6.14,"Financial Information Comparative of Public Sector Pension Accounts as per the Public Accounts of Canada",https://open.canada.ca/data/en/dataset/5fefdd9b-e7e9-4139-93a1-aa4e696fb237,"Comparatif de l’information financière des comptes de régimes de retraite selon les Comptes publics du Canada",https://ouvert.canada.ca/data/fr/dataset/5fefdd9b-e7e9-4139-93a1-aa4e696fb237,"2023 - Volume 1, Public Sector Pensions",https://donnees-data.tpsgc-pwgsc.gc.ca/ba1/cdifdcdrdr-ficpspapac/cdifdcdrdr-ficpspapac-2023-eng.csv,"2023 - Volume 1, Régimes de retraite du secteur public",https://donnees-data.tpsgc-pwgsc.gc.ca/ba1/cdifdcdrdr-ficpspapac/cdifdcdrdr-ficpspapac-2023-fra.csv
2022/2023,I,6,6.15,,,"Canadian Forces Superannuation Account",https://www.tpsgc-pwgsc.gc.ca/recgen/cpc-pac/2023/vol1/s6/rraaf-pofb-eng.html#t6.15,"Compte de pension de retraite des Forces canadiennes",https://www.tpsgc-pwgsc.gc.ca/recgen/cpc-pac/2023/vol1/s6/rraaf-pofb-fra.html#t6.15,"Financial Information Comparative of Public Sector Pension Accounts as per the Public Accounts of Canada",https://open.canada.ca/data/en/dataset/5fefdd9b-e7e9-4139-93a1-aa4e696fb237,"Comparatif de l’information financière des comptes de régimes de retraite selon les Comptes publics du Canada",https://ouvert.canada.ca/data/fr/dataset/5fefdd9b-e7e9-4139-93a1-aa4e696fb237,"2023 - Volume 1, Public Sector Pensions",https://donnees-data.tpsgc-pwgsc.gc.ca/ba1/cdifdcdrdr-ficpspapac/cdifdcdrdr-ficpspapac-2023-eng.csv,"2023 - Volume 1, Régimes de retraite du secteur public",https://donnees-data.tpsgc-pwgsc.gc.ca/ba1/cdifdcdrdr-ficpspapac/cdifdcdrdr-ficpspapac-2023-fra.csv
2022/2023,I,6,6.16,,,"Canadian Forces Pension Fund Account",https://www.tpsgc-pwgsc.gc.ca/recgen/cpc-pac/2023/vol1/s6/rraaf-pofb-eng.html#t6.16,"Compte de la caisse de retraite des Forces canadiennes",https://www.tpsgc-pwgsc.gc.ca/recgen/cpc-pac/2023/vol1/s6/rraaf-pofb-fra.html#t6.16,"Financial Information Comparative of Public Sector Pension Accounts as per the Public Accounts of Canada",https://open.canada.ca/data/en/dataset/5fefdd9b-e7e9-4139-93a1-aa4e696fb237,"Comparatif de l’information financière des comptes de régimes de retraite selon les Comptes publics du Canada",https://ouvert.canada.ca/data/fr/dataset/5fefdd9b-e7e9-4139-93a1-aa4e696fb237,"2023 - Volume 1, Public Sector Pensions",https://donnees-data.tpsgc-pwgsc.gc.ca/ba1/cdifdcdrdr-ficpspapac/cdifdcdrdr-ficpspapac-2023-eng.csv,"2023 - Volume 1, Régimes de retraite du secteur public",https://donnees-data.tpsgc-pwgsc.gc.ca/ba1/cdifdcdrdr-ficpspapac/cdifdcdrdr-ficpspapac-2023-fra.csv
2022/2023,I,6,6.17,,,"Reserve Force Pension Fund Account",https://www.tpsgc-pwgsc.gc.ca/recgen/cpc-pac/2023/vol1/s6/rraaf-pofb-eng.html#t6.17,"Compte de la caisse de retraite de la force de réserve",https://www.tpsgc-pwgsc.gc.ca/recgen/cpc-pac/2023/vol1/s6/rraaf-pofb-fra.html#t6.17,"Financial Information Comparative of Public Sector Pension Accounts as per the Public Accounts of Canada",https://open.canada.ca/data/en/dataset/5fefdd9b-e7e9-4139-93a1-aa4e696fb237,"Comparatif de l’information financière des comptes de régimes de retraite selon les Comptes publics du Canada",https://ouvert.canada.ca/data/fr/dataset/5fefdd9b-e7e9-4139-93a1-aa4e696fb237,"2023 - Volume 1, Public Sector Pensions",https://donnees-data.tpsgc-pwgsc.gc.ca/ba1/cdifdcdrdr-ficpspapac/cdifdcdrdr-ficpspapac-2023-eng.csv,"2023 - Volume 1, Régimes de retraite du secteur public",https://donnees-data.tpsgc-pwgsc.gc.ca/ba1/cdifdcdrdr-ficpspapac/cdifdcdrdr-ficpspapac-2023-fra.csv
2022/2023,I,6,6.18,,,"Royal Canadian Mounted Police Superannuation Account",https://www.tpsgc-pwgsc.gc.ca/recgen/cpc-pac/2023/vol1/s6/rraaf-pofb-eng.html#t6.18,"Compte de pension de retraite de la Gendarmerie royale du Canada",https://www.tpsgc-pwgsc.gc.ca/recgen/cpc-pac/2023/vol1/s6/rraaf-pofb-fra.html#t6.18,"Financial Information Comparative of Public Sector Pension Accounts as per the Public Accounts of Canada",https://open.canada.ca/data/en/dataset/5fefdd9b-e7e9-4139-93a1-aa4e696fb237,"Comparatif de l’information financière des comptes de régimes de retraite selon les Comptes publics du Canada",https://ouvert.canada.ca/data/fr/dataset/5fefdd9b-e7e9-4139-93a1-aa4e696fb237,"2023 - Volume 1, Public Sector Pensions",https://donnees-data.tpsgc-pwgsc.gc.ca/ba1/cdifdcdrdr-ficpspapac/cdifdcdrdr-ficpspapac-2023-eng.csv,"2023 - Volume 1, Régimes de retraite du secteur public",https://donnees-data.tpsgc-pwgsc.gc.ca/ba1/cdifdcdrdr-ficpspapac/cdifdcdrdr-ficpspapac-2023-fra.csv
2022/2023,I,6,6.19,,,"Royal Canadian Mounted Police Pension Fund Account",https://www.tpsgc-pwgsc.gc.ca/recgen/cpc-pac/2023/vol1/s6/rraaf-pofb-eng.html#t6.19,"Compte de la caisse de retraite de la Gendarmerie royale du Canada",https://www.tpsgc-pwgsc.gc.ca/recgen/cpc-pac/2023/vol1/s6/rraaf-pofb-fra.html#t6.19,"Financial Information Comparative of Public Sector Pension Accounts as per the Public Accounts of Canada",https://open.canada.ca/data/en/dataset/5fefdd9b-e7e9-4139-93a1-aa4e696fb237,"Comparatif de l’information financière des comptes de régimes de retraite selon les Comptes publics du Canada",https://ouvert.canada.ca/data/fr/dataset/5fefdd9b-e7e9-4139-93a1-aa4e696fb237,"2023 - Volume 1, Public Sector Pensions",https://donnees-data.tpsgc-pwgsc.gc.ca/ba1/cdifdcdrdr-ficpspapac/cdifdcdrdr-ficpspapac-2023-eng.csv,"2023 - Volume 1, Régimes de retraite du secteur public",https://donnees-data.tpsgc-pwgsc.gc.ca/ba1/cdifdcdrdr-ficpspapac/cdifdcdrdr-ficpspapac-2023-fra.csv
2022/2023,I,6,6.20,,,"Members of Parliament Retiring Allowances Account",https://www.tpsgc-pwgsc.gc.ca/recgen/cpc-pac/2023/vol1/s6/rraaf-pofb-eng.html#t6.20,"Compte d'allocations de retraite des parlementaires",https://www.tpsgc-pwgsc.gc.ca/recgen/cpc-pac/2023/vol1/s6/rraaf-pofb-fra.html#t6.20,"Financial Information Comparative of Public Sector Pension Accounts as per the Public Accounts of Canada",https://open.canada.ca/data/en/dataset/5fefdd9b-e7e9-4139-93a1-aa4e696fb237,"Comparatif de l’information financière des comptes de régimes de retraite selon les Comptes publics du Canada",https://ouvert.canada.ca/data/fr/dataset/5fefdd9b-e7e9-4139-93a1-aa4e696fb237,"2023 - Volume 1, Public Sector Pensions",https://donnees-data.tpsgc-pwgsc.gc.ca/ba1/cdifdcdrdr-ficpspapac/cdifdcdrdr-ficpspapac-2023-eng.csv,"2023 - Volume 1, Régimes de retraite du secteur public",https://donnees-data.tpsgc-pwgsc.gc.ca/ba1/cdifdcdrdr-ficpspapac/cdifdcdrdr-ficpspapac-2023-fra.csv
2022/2023,I,6,6.21,,,"Members of Parliament Retirement Compensation Arrangements Account",https://www.tpsgc-pwgsc.gc.ca/recgen/cpc-pac/2023/vol1/s6/rraaf-pofb-eng.html#t6.21,"Compte de convention de retraite des parlementaires",https://www.tpsgc-pwgsc.gc.ca/recgen/cpc-pac/2023/vol1/s6/rraaf-pofb-fra.html#t6.21,"Financial Information Comparative of Public Sector Pension Accounts as per the Public Accounts of Canada",https://open.canada.ca/data/en/dataset/5fefdd9b-e7e9-4139-93a1-aa4e696fb237,"Comparatif de l’information financière des comptes de régimes de retraite selon les Comptes publics du Canada",https://ouvert.canada.ca/data/fr/dataset/5fefdd9b-e7e9-4139-93a1-aa4e696fb237,"2023 - Volume 1, Public Sector Pensions",https://donnees-data.tpsgc-pwgsc.gc.ca/ba1/cdifdcdrdr-ficpspapac/cdifdcdrdr-ficpspapac-2023-eng.csv,"2023 - Volume 1, Régimes de retraite du secteur public",https://donnees-data.tpsgc-pwgsc.gc.ca/ba1/cdifdcdrdr-ficpspapac/cdifdcdrdr-ficpspapac-2023-fra.csv
2022/2023,I,6,6.22,,,"Retirement Compensation Arrangements Accounts",https://www.tpsgc-pwgsc.gc.ca/recgen/cpc-pac/2023/vol1/s6/rraaf-pofb-eng.html#t6.22,"Comptes des régimes compensatoires",https://www.tpsgc-pwgsc.gc.ca/recgen/cpc-pac/2023/vol1/s6/rraaf-pofb-fra.html#t6.22,"N/A - Not published","N/A - Not published","s.o. - Non publié","s.o. - Non publié","N/A - Not published","N/A - Not published","s.o. - Non publié","s.o. - Non publié"
2022/2023,I,6,6.23,,,"Supplementary Retirement Benefits Account",https://www.tpsgc-pwgsc.gc.ca/recgen/cpc-pac/2023/vol1/s6/rraaf-pofb-eng.html#t6.23,"Compte de prestations de retraite supplémentaires",https://www.tpsgc-pwgsc.gc.ca/recgen/cpc-pac/2023/vol1/s6/rraaf-pofb-fra.html#t6.23,"Supplementary retirement benefits account as per the Public Accounts of Canada",https://open.canada.ca/data/en/dataset/67f2c91a-4a53-4eb8-8d27-2baf05284a49,"Compte de prestations de retraite supplémentaires selon les Comptes publics du Canada",https://ouvert.canada.ca/data/fr/dataset/67f2c91a-4a53-4eb8-8d27-2baf05284a49,"Data file",https://donnees-data.tpsgc-pwgsc.gc.ca/ba1/compteprestationsretraitesup-suppretirementbenefitsaccount/compteprestationsretraitesup-suppretirementbenefitsaccount.csv,"Fichier de données",https://donnees-data.tpsgc-pwgsc.gc.ca/ba1/compteprestationsretraitesup-suppretirementbenefitsaccount/compteprestationsretraitesup-suppretirementbenefitsaccount.csv
2022/2023,I,6,6.24,,,"Other employee and veteran future benefits",https://www.tpsgc-pwgsc.gc.ca/recgen/cpc-pac/2023/vol1/s6/rraaf-pofb-eng.html#t6.24,"Autres avantages futurs des employés et des anciens combattants",https://www.tpsgc-pwgsc.gc.ca/recgen/cpc-pac/2023/vol1/s6/rraaf-pofb-fra.html#t6.24,"N/A - Not published","N/A - Not published","s.o. - Non publié","s.o. - Non publié","N/A - Not published","N/A - Not published","s.o. - Non publié","s.o. - Non publié"
2022/2023,I,6,6.25,,,"Canada Pension Plan Accounts",https://www.tpsgc-pwgsc.gc.ca/recgen/cpc-pac/2023/vol1/s6/pssfs-lblts-eng.html#t6.25,"Comptes du Régime de pensions du Canada",https://www.tpsgc-pwgsc.gc.ca/recgen/cpc-pac/2023/vol1/s6/pssfs-lblts-fra.html#t6.25,"N/A - Not published","N/A - Not published","s.o. - Non publié","s.o. - Non publié","N/A - Not published","N/A - Not published","s.o. - Non publié","s.o. - Non publié"
2022/2023,I,6,6.26,,,"Deposit and trust accounts",https://www.tpsgc-pwgsc.gc.ca/recgen/cpc-pac/2023/vol1/s6/pssfs-lblts-eng.html#t6.26,"Comptes de dépôt et en fiducie",https://www.tpsgc-pwgsc.gc.ca/recgen/cpc-pac/2023/vol1/s6/pssfs-lblts-fra.html#t6.26,"N/A - Not published","N/A - Not published","s.o. - Non publié","s.o. - Non publié","N/A - Not published","N/A - Not published","s.o. - Non publié","s.o. - Non publié"
2022/2023,I,6,6.27,,,"Indian band funds—Capital accounts",https://www.tpsgc-pwgsc.gc.ca/recgen/cpc-pac/2023/vol1/s6/pssfs-lblts-eng.html#t6.27,"Fonds des bandes indiennes – Comptes de capital",https://www.tpsgc-pwgsc.gc.ca/recgen/cpc-pac/2023/vol1/s6/pssfs-lblts-fra.html#t6.27,"N/A - Not published","N/A - Not published","s.o. - Non publié","s.o. - Non publié","N/A - Not published","N/A - Not published","s.o. - Non publié","s.o. - Non publié"
2022/2023,I,6,6.28,,,"Indian band funds—Revenue accounts",https://www.tpsgc-pwgsc.gc.ca/recgen/cpc-pac/2023/vol1/s6/pssfs-lblts-eng.html#t6.28,"Fonds des bandes indiennes – Comptes de recettes",https://www.tpsgc-pwgsc.gc.ca/recgen/cpc-pac/2023/vol1/s6/pssfs-lblts-fra.html#t6.28,"N/A - Not published","N/A - Not published","s.o. - Non publié","s.o. - Non publié","N/A - Not published","N/A - Not published","s.o. - Non publié","s.o. - Non publié"
2022/2023,I,6,6.29,,,"Other specified purpose accounts",https://www.tpsgc-pwgsc.gc.ca/recgen/cpc-pac/2023/vol1/s6/pssfs-lblts-eng.html#t6.29,"Autres comptes à fins déterminées",https://www.tpsgc-pwgsc.gc.ca/recgen/cpc-pac/2023/vol1/s6/pssfs-lblts-fra.html#t6.29,"N/A - Not published","N/A - Not published","s.o. - Non publié","s.o. - Non publié","N/A - Not published","N/A - Not published","s.o. - Non publié","s.o. - Non publié"
2022/2023,I,6,6.30,,,"Regular Force Death Benefit Account",https://www.tpsgc-pwgsc.gc.ca/recgen/cpc-pac/2023/vol1/s6/pssfs-lblts-eng.html#t6.30,"Compte de prestations de décès de la force régulière",https://www.tpsgc-pwgsc.gc.ca/recgen/cpc-pac/2023/vol1/s6/pssfs-lblts-fra.html#t6.30,"N/A - Not published","N/A - Not published","s.o. - Non publié","s.o. - Non publié","N/A - Not published","N/A - Not published","s.o. - Non publié","s.o. - Non publié"
2022/2023,I,6,6.31,,,"Public Service Death Benefit Account",https://www.tpsgc-pwgsc.gc.ca/recgen/cpc-pac/2023/vol1/s6/pssfs-lblts-eng.html#t6.31,"Compte de prestations de décès de la fonction publique",https://www.tpsgc-pwgsc.gc.ca/recgen/cpc-pac/2023/vol1/s6/pssfs-lblts-fra.html#t6.31,"N/A - Not published","N/A - Not published","s.o. - Non publié","s.o. - Non publié","N/A - Not published","N/A - Not published","s.o. - Non publié","s.o. - Non publié"
2022/2023,I,7,7.1,,,"Cash and accounts receivable",https://www.tpsgc-pwgsc.gc.ca/recgen/cpc-pac/2023/vol1/s7/index-eng.html#t7.1,"Trésorerie et créances",https://www.tpsgc-pwgsc.gc.ca/recgen/cpc-pac/2023/vol1/s7/index-fra.html#t7.1,"Cash and accounts receivable; Cash, Tax receivables & Other Accounts Receivable as at March 31 as per the Public Accounts",https://open.canada.ca/data/en/dataset/32036a30-67ce-49bf-90a4-bf2bc9517c9d,"Trésorerie et créances; Trésorerie et équivalents de trésorerie; Impôts à recevoir & Autres créances selon les Comptes publics du Canada",https://ouvert.canada.ca/data/fr/dataset/32036a30-67ce-49bf-90a4-bf2bc9517c9d,"2009-2025 - data file",https://donnees-data.tpsgc-pwgsc.gc.ca/ba1/tresorerieimpotsrecevoir-cashtaxreceivable/tresorerieimpotsrecevoir-cashtaxreceivable.csv,"2009-2025 - fichier de données",https://donnees-data.tpsgc-pwgsc.gc.ca/ba1/tresorerieimpotsrecevoir-cashtaxreceivable/tresorerieimpotsrecevoir-cashtaxreceivable.csv
2022/2023,I,7,7.2,,,"Cash and cash equivalents",https://www.tpsgc-pwgsc.gc.ca/recgen/cpc-pac/2023/vol1/s7/tet-cce-eng.html#t7.2,"Trésorerie et équivalents de trésorerie",https://www.tpsgc-pwgsc.gc.ca/recgen/cpc-pac/2023/vol1/s7/tet-cce-fra.html#t7.2,"Cash and accounts receivable; Cash, Tax receivables & Other Accounts Receivable as at March 31 as per the Public Accounts",https://open.canada.ca/data/en/dataset/32036a30-67ce-49bf-90a4-bf2bc9517c9d,"Trésorerie et créances; Trésorerie et équivalents de trésorerie; Impôts à recevoir & Autres créances selon les Comptes publics du Canada",https://ouvert.canada.ca/data/fr/dataset/32036a30-67ce-49bf-90a4-bf2bc9517c9d,"2009-2025 - data file",https://donnees-data.tpsgc-pwgsc.gc.ca/ba1/tresorerieimpotsrecevoir-cashtaxreceivable/tresorerieimpotsrecevoir-cashtaxreceivable.csv,"2009-2025 - fichier de données",https://donnees-data.tpsgc-pwgsc.gc.ca/ba1/tresorerieimpotsrecevoir-cashtaxreceivable/tresorerieimpotsrecevoir-cashtaxreceivable.csv
2022/2023,I,7,7.3,,,"Taxes receivable as at March 31",https://www.tpsgc-pwgsc.gc.ca/recgen/cpc-pac/2023/vol1/s7/impots-taxes-eng.html#t7.3,"Impôts à recevoir au 31 mars",https://www.tpsgc-pwgsc.gc.ca/recgen/cpc-pac/2023/vol1/s7/impots-taxes-fra.html#t7.3,"Cash and accounts receivable; Cash, Tax receivables & Other Accounts Receivable as at March 31 as per the Public Accounts",https://open.canada.ca/data/en/dataset/32036a30-67ce-49bf-90a4-bf2bc9517c9d,"Trésorerie et créances; Trésorerie et équivalents de trésorerie; Impôts à recevoir & Autres créances selon les Comptes publics du Canada",https://ouvert.canada.ca/data/fr/dataset/32036a30-67ce-49bf-90a4-bf2bc9517c9d,"2009-2025 - data file",https://donnees-data.tpsgc-pwgsc.gc.ca/ba1/tresorerieimpotsrecevoir-cashtaxreceivable/tresorerieimpotsrecevoir-cashtaxreceivable.csv,"2009-2025 - fichier de données",https://donnees-data.tpsgc-pwgsc.gc.ca/ba1/tresorerieimpotsrecevoir-cashtaxreceivable/tresorerieimpotsrecevoir-cashtaxreceivable.csv
2022/2023,I,7,7.4,,,"Aging of taxes receivable",https://www.tpsgc-pwgsc.gc.ca/recgen/cpc-pac/2023/vol1/s7/impots-taxes-eng.html#t7.4,"Classement chronologique des impôts à recevoir",https://www.tpsgc-pwgsc.gc.ca/recgen/cpc-pac/2023/vol1/s7/impots-taxes-fra.html#t7.4,"Aging of Taxes & Other Accounts Receivable as per the Public Accounts",https://open.canada.ca/data/en/dataset/fd9ede21-859d-41d8-8c4a-d3f24d98ef55,"Classement chronologique des impôts et autres créances à recevoir selon les Comptes publics du Canada",https://ouvert.canada.ca/data/fr/dataset/fd9ede21-859d-41d8-8c4a-d3f24d98ef55,"2009-2025 - data file",https://donnees-data.tpsgc-pwgsc.gc.ca/ba1/chronoimpots-agingtaxes/chronoimpots-agingtaxes.csv,"2009-2025 - fichier de données",https://donnees-data.tpsgc-pwgsc.gc.ca/ba1/chronoimpots-agingtaxes/chronoimpots-agingtaxes.csv
2022/2023,I,7,7.5,,,"Other accounts receivable as at March 31",https://www.tpsgc-pwgsc.gc.ca/recgen/cpc-pac/2023/vol1/s7/ac-oar-eng.html#t7.5,"Autres créances au 31 mars",https://www.tpsgc-pwgsc.gc.ca/recgen/cpc-pac/2023/vol1/s7/ac-oar-fra.html#t7.5,"Cash and accounts receivable; Cash, Tax receivables & Other Accounts Receivable as at March 31 as per the Public Accounts",https://open.canada.ca/data/en/dataset/32036a30-67ce-49bf-90a4-bf2bc9517c9d,"Trésorerie et créances; Trésorerie et équivalents de trésorerie; Impôts à recevoir & Autres créances selon les Comptes publics du Canada",https://ouvert.canada.ca/data/fr/dataset/32036a30-67ce-49bf-90a4-bf2bc9517c9d,"2009-2025 - data file",https://donnees-data.tpsgc-pwgsc.gc.ca/ba1/tresorerieimpotsrecevoir-cashtaxreceivable/tresorerieimpotsrecevoir-cashtaxreceivable.csv,"2009-2025 - fichier de données",https://donnees-data.tpsgc-pwgsc.gc.ca/ba1/tresorerieimpotsrecevoir-cashtaxreceivable/tresorerieimpotsrecevoir-cashtaxreceivable.csv
2022/2023,I,8,8.1,,,"Foreign exchange accounts assets",https://www.tpsgc-pwgsc.gc.ca/recgen/cpc-pac/2023/vol1/s8/index-eng.html#t8.1,"Actifs des Comptes d'opérations de change",https://www.tpsgc-pwgsc.gc.ca/recgen/cpc-pac/2023/vol1/s8/index-fra.html#t8.1,"Foreign exchange accounts as per the Public Accounts of Canada",https://open.canada.ca/data/en/dataset/428cdde1-b58d-4efc-b561-57db1d9cdc46,"Comptes d'opérations de change selon les Comptes publics du Canada",https://ouvert.canada.ca/data/fr/dataset/428cdde1-b58d-4efc-b561-57db1d9cdc46,"Data file",https://donnees-data.tpsgc-pwgsc.gc.ca/ba1/comptesoperationsechange-foreignexchangeaccounts/comptesoperationsechange-foreignexchangeaccounts.csv,"Fichier de données",https://donnees-data.tpsgc-pwgsc.gc.ca/ba1/comptesoperationsechange-foreignexchangeaccounts/comptesoperationsechange-foreignexchangeaccounts.csv
2022/2023,I,8,8.2,,,"Foreign exchange accounts liabilities",https://www.tpsgc-pwgsc.gc.ca/recgen/cpc-pac/2023/vol1/s8/index-eng.html#t8.2,"Passifs des comptes d'opérations de change",https://www.tpsgc-pwgsc.gc.ca/recgen/cpc-pac/2023/vol1/s8/index-fra.html#t8.2,"Foreign exchange accounts as per the Public Accounts of Canada",https://open.canada.ca/data/en/dataset/428cdde1-b58d-4efc-b561-57db1d9cdc46,"Comptes d'opérations de change selon les Comptes publics du Canada",https://ouvert.canada.ca/data/fr/dataset/428cdde1-b58d-4efc-b561-57db1d9cdc46,"Data file",https://donnees-data.tpsgc-pwgsc.gc.ca/ba1/comptesoperationsechange-foreignexchangeaccounts/comptesoperationsechange-foreignexchangeaccounts.csv,"Fichier de données",https://donnees-data.tpsgc-pwgsc.gc.ca/ba1/comptesoperationsechange-foreignexchangeaccounts/comptesoperationsechange-foreignexchangeaccounts.csv
2022/2023,I,8,8.3,,,"International reserves held in the Exchange Fund Account",https://www.tpsgc-pwgsc.gc.ca/recgen/cpc-pac/2023/vol1/s8/rlidcfc-irhefa-eng.html#t8.3,"Réserves de liquidités internationales détenues dans le Compte du fonds des changes",https://www.tpsgc-pwgsc.gc.ca/recgen/cpc-pac/2023/vol1/s8/rlidcfc-irhefa-fra.html#t8.3,"International reserves held in the exchange fund account as per the Public Accounts of Canada",https://open.canada.ca/data/en/dataset/193d0818-6403-422e-ba25-a2d3699947f4,"Réserves de liquidités internationales détenues dans le Compte du fonds des changes selon les Comptes publics du Canada",https://ouvert.canada.ca/data/fr/dataset/193d0818-6403-422e-ba25-a2d3699947f4,"Data file",https://donnees-data.tpsgc-pwgsc.gc.ca/ba1/reservesinternationalesdetenues-internationalreservesheld/reservesinternationalesdetenues-internationalreservesheld.csv,"Fichier de données",https://donnees-data.tpsgc-pwgsc.gc.ca/ba1/reservesinternationalesdetenues-internationalreservesheld/reservesinternationalesdetenues-internationalreservesheld.csv
2022/2023,I,9,9.1,,,"Loans, investments and advances",https://www.tpsgc-pwgsc.gc.ca/recgen/cpc-pac/2023/vol1/s9/index-eng.html#t9.1,"Prêts, placements et avances",https://www.tpsgc-pwgsc.gc.ca/recgen/cpc-pac/2023/vol1/s9/index-fra.html#t9.1,"Loans, Investments and Advances as per the Public Accounts of Canada",https://open.canada.ca/data/en/dataset/6c0aa172-47ed-457a-a3f9-ed2eb3cd8d23,"Prêts, placements et avances selon les Comptes publics du Canada",https://ouvert.canada.ca/data/fr/dataset/6c0aa172-47ed-457a-a3f9-ed2eb3cd8d23,"Data file",https://donnees-data.tpsgc-pwgsc.gc.ca/ba1/pretplaceavance-loaninvestadvance/pretplaceavance-loaninvestadvance.csv,"Fichier de données",https://donnees-data.tpsgc-pwgsc.gc.ca/ba1/pretplaceavance-loaninvestadvance/pretplaceavance-loaninvestadvance.csv
2022/2023,I,9,9.2,,,"Enterprise Crown corporations and other government business enterprises",https://www.tpsgc-pwgsc.gc.ca/recgen/cpc-pac/2023/vol1/s9/seeaep-eccogbe-eng.html#t9.2,"Sociétés d'État entreprises et autres entreprises publiques",https://www.tpsgc-pwgsc.gc.ca/recgen/cpc-pac/2023/vol1/s9/seeaep-eccogbe-fra.html#t9.2,"Loans, Investments and Advances as per the Public Accounts of Canada",https://open.canada.ca/data/en/dataset/6c0aa172-47ed-457a-a3f9-ed2eb3cd8d23,"Prêts, placements et avances selon les Comptes publics du Canada",https://ouvert.canada.ca/data/fr/dataset/6c0aa172-47ed-457a-a3f9-ed2eb3cd8d23,"Data file",https://donnees-data.tpsgc-pwgsc.gc.ca/ba1/pretplaceavance-loaninvestadvance/pretplaceavance-loaninvestadvance.csv,"Fichier de données",https://donnees-data.tpsgc-pwgsc.gc.ca/ba1/pretplaceavance-loaninvestadvance/pretplaceavance-loaninvestadvance.csv
2022/2023,I,9,9.2a,,,"Interest paid to the government",https://www.tpsgc-pwgsc.gc.ca/recgen/cpc-pac/2023/vol1/s9/seeaep-eccogbe-eng.html#t9.2a,"Intérêt payé au gouvernement",https://www.tpsgc-pwgsc.gc.ca/recgen/cpc-pac/2023/vol1/s9/seeaep-eccogbe-fra.html#t9.2a,"N/A - Not published","N/A - Not published","s.o. - Non publié","s.o. - Non publié","N/A - Not published","N/A - Not published","s.o. - Non publié","s.o. - Non publié"
2022/2023,I,9,9.3,,,"Financial position of enterprise Crown corporations and other government business enterprises",https://www.tpsgc-pwgsc.gc.ca/recgen/cpc-pac/2023/vol1/s9/seeaep-eccogbe-eng.html#t9.3,"Situation financière des sociétés d'État entreprises et autres entreprises publiques",https://www.tpsgc-pwgsc.gc.ca/recgen/cpc-pac/2023/vol1/s9/seeaep-eccogbe-fra.html#t9.3,"Financial Position of Enterprise Crown Corporations and Other Government Business Enterprises as per the Public Accounts of Canada",https://open.canada.ca/data/en/dataset/ae2dd6b8-e846-4158-980b-41c9dfc63073,"Situation financière des sociétés d'État entreprises et autres entreprises publiques selon les Comptes publics du Canada",https://ouvert.canada.ca/data/fr/dataset/ae2dd6b8-e846-4158-980b-41c9dfc63073,"2006-2025 - data file",https://donnees-data.tpsgc-pwgsc.gc.ca/ba1/fpecc-sfdse/fpecc-sfdse.csv,"2006-2025 - fichier de données",https://donnees-data.tpsgc-pwgsc.gc.ca/ba1/fpecc-sfdse/fpecc-sfdse.csv
2022/2023,I,9,9.4,,,"Revenues, expenses and other changes in equity of enterprise Crown corporations and other government business enterprises for the year",https://www.tpsgc-pwgsc.gc.ca/recgen/cpc-pac/2023/vol1/s9/seeaep-eccogbe-eng.html#t9.4,"Revenus, charges et autres variations des capitaux propres des sociétés d'État entreprises et autres entreprises publiques pour l'exercice",https://www.tpsgc-pwgsc.gc.ca/recgen/cpc-pac/2023/vol1/s9/seeaep-eccogbe-fra.html#t9.4,"Revenues, Expenses and Other Changes in Equity of Enterprise Crown Corporations and Other Government Business Enterprises as per the Public Accounts of Canada",https://open.canada.ca/data/en/dataset/d594608a-2882-40b9-ae8f-79d1a07ea029,"Revenus, charges et autres variations des capitaux propres des sociétés d'État entreprises et autres entreprises publiques selon les Comptes publics du Canada",https://ouvert.canada.ca/data/fr/dataset/d594608a-2882-40b9-ae8f-79d1a07ea029,"2006-2025 - data file",https://donnees-data.tpsgc-pwgsc.gc.ca/ba1/reocee-rcavdl/reocee-rcavdl.csv,"2006-2025 - fichier de données",https://donnees-data.tpsgc-pwgsc.gc.ca/ba1/reocee-rcavdl/reocee-rcavdl.csv
2022/2023,I,9,9.5,,,"Borrowings by enterprise Crown corporations and other government business enterprises",https://www.tpsgc-pwgsc.gc.ca/recgen/cpc-pac/2023/vol1/s9/seeaep-eccogbe-eng.html#t9.5,"Emprunts effectués par les sociétés d'État entreprises et autres entreprises publiques",https://www.tpsgc-pwgsc.gc.ca/recgen/cpc-pac/2023/vol1/s9/seeaep-eccogbe-fra.html#t9.5,"Borrowings by consolidated agent Crown corporations and enterprise Crown corporations and other government business enterprises (GBEs), as per the Public Accounts of Canada",https://open.canada.ca/data/en/dataset/a55ef5d6-312b-44a5-970e-c4a4749e474c,"Emprunts effectués par les sociétés d'État mandataires consolidées et les sociétés d’État entreprises et autres entreprises publiques, selon les Comptes publics du Canada",https://ouvert.canada.ca/data/fr/dataset/a55ef5d6-312b-44a5-970e-c4a4749e474c,"2007-2025 - data file",https://donnees-data.tpsgc-pwgsc.gc.ca/ba1/emcm-bcac/emcm-bcac.csv,"2007-2025 - fichier de données",https://donnees-data.tpsgc-pwgsc.gc.ca/ba1/emcm-bcac/emcm-bcac.csv
2022/2023,I,9,9.6,,,"Maturity and currency of borrowings by enterprise Crown corporations and other government business enterprises",https://www.tpsgc-pwgsc.gc.ca/recgen/cpc-pac/2023/vol1/s9/seeaep-eccogbe-eng.html#t9.6,"Échéances et devises des emprunts des sociétés d'État entreprises et autres entreprises publiques",https://www.tpsgc-pwgsc.gc.ca/recgen/cpc-pac/2023/vol1/s9/seeaep-eccogbe-fra.html#t9.6,"Maturity and currency of borrowings by enterprise Crown corporations and other government enterprises as per the Public Accounts of Canada",https://open.canada.ca/data/en/dataset/b66bfcc6-9e82-4364-ab94-94d42ee828f5,"Échéances et devises des emprunts des sociétés d'État entreprises et autres entreprises publiques selon les Comptes publics du Canada",https://ouvert.canada.ca/data/fr/dataset/b66bfcc6-9e82-4364-ab94-94d42ee828f5,"2009-2025 - Maturity of borrowings by enterprise Crown corporations and other government enterprises",https://donnees-data.tpsgc-pwgsc.gc.ca/ba1/echeances-maturity/echeances-maturity.csv,"2009-2025 - Échéances des emprunts des sociétés d'État entreprises et autres entreprises publiques",https://donnees-data.tpsgc-pwgsc.gc.ca/ba1/echeances-maturity/echeances-maturity.csv
2022/2023,I,9,9.6.1,"Table footnote details","Détails de la note de bas du table","Maturity and currency of borrowings by enterprise Crown corporations and other government business enterprises - footnote",https://www.tpsgc-pwgsc.gc.ca/recgen/cpc-pac/2023/vol1/s9/seeaep-eccogbe-eng.html#ft_w1s9eccT06e-1,"Échéances et devises des emprunts des sociétés d'État entreprises et autres entreprises publiques - note de bas de page",https://www.tpsgc-pwgsc.gc.ca/recgen/cpc-pac/2023/vol1/s9/seeaep-eccogbe-fra.html#ft_w1s9eccT06f-1,"Maturity and currency of borrowings by enterprise Crown corporations and other government enterprises as per the Public Accounts of Canada",https://open.canada.ca/data/en/dataset/b66bfcc6-9e82-4364-ab94-94d42ee828f5,"Échéances et devises des emprunts des sociétés d'État entreprises et autres entreprises publiques selon les Comptes publics du Canada",https://ouvert.canada.ca/data/fr/dataset/b66bfcc6-9e82-4364-ab94-94d42ee828f5,"2009-2025 - Canadian dollar equivalent of borrowings",https://donnees-data.tpsgc-pwgsc.gc.ca/ba1/echeances-maturity/devises-currency.csv,"2009-2025 - Équivalent en dollars canadiens des emprunts",https://donnees-data.tpsgc-pwgsc.gc.ca/ba1/echeances-maturity/devises-currency.csv
2022/2023,I,9,9.7,,,"Contingent liabilities of enterprise Crown corporations and other government business enterprises",https://www.tpsgc-pwgsc.gc.ca/recgen/cpc-pac/2023/vol1/s9/seeaep-eccogbe-eng.html#t9.7,"Passif éventuel des sociétés d'État entreprises et autres entreprises publiques",https://www.tpsgc-pwgsc.gc.ca/recgen/cpc-pac/2023/vol1/s9/seeaep-eccogbe-fra.html#t9.7,"Contingent liabilities of consolidated Crown corporations and other entities and enterprise Crown corporations and other government business enterprises (GBEs), as per the Public Accounts of Canada",https://open.canada.ca/data/en/dataset/176259fb-0ecd-4c0f-a068-1905442f2ad8,"Passif éventuel des sociétés d'État et autres entités consolidées et des sociétés d’État entreprises et autres entreprises publiques, selon les Comptes publics du Canada",https://ouvert.canada.ca/data/fr/dataset/176259fb-0ecd-4c0f-a068-1905442f2ad8,"2018-2025 - data file",https://donnees-data.tpsgc-pwgsc.gc.ca/ba1/pesae-clcce/pesae-clcce.csv,"2018-2025 - fichier de données",https://donnees-data.tpsgc-pwgsc.gc.ca/ba1/pesae-clcce/pesae-clcce.csv
2022/2023,I,9,9.8,,,"Contractual obligations of enterprise Crown corporations and other government business enterprises",https://www.tpsgc-pwgsc.gc.ca/recgen/cpc-pac/2023/vol1/s9/seeaep-eccogbe-eng.html#t9.8,"Obligations contractuelles des sociétés d'État entreprises et autres entreprises publiques",https://www.tpsgc-pwgsc.gc.ca/recgen/cpc-pac/2023/vol1/s9/seeaep-eccogbe-fra.html#t9.8,"N/A - Not published","N/A - Not published","s.o. - Non publié","s.o. - Non publié","N/A - Not published","N/A - Not published","s.o. - Non publié","s.o. - Non publié"
2022/2023,I,9,9.9,,,"Financial assistance to enterprise Crown corporations and other government business enterprises for the year",https://www.tpsgc-pwgsc.gc.ca/recgen/cpc-pac/2023/vol1/s9/seeaep-eccogbe-eng.html#t9.9,"Aide financière aux sociétés d'État entreprises et autres entreprises publiques pour l'exercice",https://www.tpsgc-pwgsc.gc.ca/recgen/cpc-pac/2023/vol1/s9/seeaep-eccogbe-fra.html#t9.9,"Financial assistance under budgetary appropriations to consolidated Crown corporations, enterprise Crown corporations and other government business enterprises (GBEs), as per the Public Accounts of Canada",https://open.canada.ca/data/en/dataset/5e6d0313-b81e-4c8b-a0d5-360e4411b77a,"Aide financière aux sociétés d'État consolidées provenant de crédits budgétaires, aux sociétés d’État entreprises et autres entreprises publiques, selon les Comptes publics du Canada",https://ouvert.canada.ca/data/fr/dataset/5e6d0313-b81e-4c8b-a0d5-360e4411b77a,"2007-2025 - data file",https://donnees-data.tpsgc-pwgsc.gc.ca/ba1/afscpcb-fabacc/afscpcb-fabacc.csv,"2007-2025 - fichier de données",https://donnees-data.tpsgc-pwgsc.gc.ca/ba1/afscpcb-fabacc/afscpcb-fabacc.csv
2022/2023,I,9,9.10,,,"Portfolio investments",https://www.tpsgc-pwgsc.gc.ca/recgen/cpc-pac/2023/vol1/s9/pp-pi-eng.html#t9.10,"Placements de portefeuille",https://www.tpsgc-pwgsc.gc.ca/recgen/cpc-pac/2023/vol1/s9/pp-pi-fra.html#t9.10,"Loans, Investments and Advances as per the Public Accounts of Canada",https://open.canada.ca/data/en/dataset/6c0aa172-47ed-457a-a3f9-ed2eb3cd8d23,"Prêts, placements et avances selon les Comptes publics du Canada",https://ouvert.canada.ca/data/fr/dataset/6c0aa172-47ed-457a-a3f9-ed2eb3cd8d23,"Data file",https://donnees-data.tpsgc-pwgsc.gc.ca/ba1/pretplaceavance-loaninvestadvance/pretplaceavance-loaninvestadvance.csv,"Fichier de données",https://donnees-data.tpsgc-pwgsc.gc.ca/ba1/pretplaceavance-loaninvestadvance/pretplaceavance-loaninvestadvance.csv
2022/2023,I,9,9.11,,,"International organizations",https://www.tpsgc-pwgsc.gc.ca/recgen/cpc-pac/2023/vol1/s9/oi-io-eng.html#t9.11,"Organisations internationales",https://www.tpsgc-pwgsc.gc.ca/recgen/cpc-pac/2023/vol1/s9/oi-io-fra.html#t9.11,"Loans, Investments and Advances as per the Public Accounts of Canada",https://open.canada.ca/data/en/dataset/6c0aa172-47ed-457a-a3f9-ed2eb3cd8d23,"Prêts, placements et avances selon les Comptes publics du Canada",https://ouvert.canada.ca/data/fr/dataset/6c0aa172-47ed-457a-a3f9-ed2eb3cd8d23,"Data file",https://donnees-data.tpsgc-pwgsc.gc.ca/ba1/pretplaceavance-loaninvestadvance/pretplaceavance-loaninvestadvance.csv,"Fichier de données",https://donnees-data.tpsgc-pwgsc.gc.ca/ba1/pretplaceavance-loaninvestadvance/pretplaceavance-loaninvestadvance.csv
2022/2023,I,9,9.12,,,"Other loans and advances",https://www.tpsgc-pwgsc.gc.ca/recgen/cpc-pac/2023/vol1/s9/appa-olia-eng.html#t9.12,"Autres prêts, placements et avances",https://www.tpsgc-pwgsc.gc.ca/recgen/cpc-pac/2023/vol1/s9/appa-olia-fra.html#t9.12,"Loans, Investments and Advances as per the Public Accounts of Canada",https://open.canada.ca/data/en/dataset/6c0aa172-47ed-457a-a3f9-ed2eb3cd8d23,"Prêts, placements et avances selon les Comptes publics du Canada",https://ouvert.canada.ca/data/fr/dataset/6c0aa172-47ed-457a-a3f9-ed2eb3cd8d23,"Data file",https://donnees-data.tpsgc-pwgsc.gc.ca/ba1/pretplaceavance-loaninvestadvance/pretplaceavance-loaninvestadvance.csv,"Fichier de données",https://donnees-data.tpsgc-pwgsc.gc.ca/ba1/pretplaceavance-loaninvestadvance/pretplaceavance-loaninvestadvance.csv
2022/2023,I,9,9.12a,"9.12g is the numbering for this table in the French version of the document","9.12g est la numérotation de ce tableau dans la version française du document","International organizations - Loans and advances",https://www.tpsgc-pwgsc.gc.ca/recgen/cpc-pac/2023/vol1/s9/appa-olia-eng.html#t9.12a,"Organisations internationales - Prêts et avances",https://www.tpsgc-pwgsc.gc.ca/recgen/cpc-pac/2023/vol1/s9/appa-olia-fra.html#t9.12g,"Loans, Investments and Advances as per the Public Accounts of Canada",https://open.canada.ca/data/en/dataset/6c0aa172-47ed-457a-a3f9-ed2eb3cd8d23,"Prêts, placements et avances selon les Comptes publics du Canada",https://ouvert.canada.ca/data/fr/dataset/6c0aa172-47ed-457a-a3f9-ed2eb3cd8d23,"Data file",https://donnees-data.tpsgc-pwgsc.gc.ca/ba1/pretplaceavance-loaninvestadvance/pretplaceavance-loaninvestadvance.csv,"Fichier de données",https://donnees-data.tpsgc-pwgsc.gc.ca/ba1/pretplaceavance-loaninvestadvance/pretplaceavance-loaninvestadvance.csv
2022/2023,I,9,9.12b,"9.12a is the numbering for this table in the French version of the document","9.12a est la numérotation de ce tableau dans la version française du document","International development assistance—Developing countries",https://www.tpsgc-pwgsc.gc.ca/recgen/cpc-pac/2023/vol1/s9/appa-olia-eng.html#t9.12b,"Aide au développement international – Pays en développement",https://www.tpsgc-pwgsc.gc.ca/recgen/cpc-pac/2023/vol1/s9/appa-olia-fra.html#t9.12a,"Loans, Investments and Advances as per the Public Accounts of Canada",https://open.canada.ca/data/en/dataset/6c0aa172-47ed-457a-a3f9-ed2eb3cd8d23,"Prêts, placements et avances selon les Comptes publics du Canada",https://ouvert.canada.ca/data/fr/dataset/6c0aa172-47ed-457a-a3f9-ed2eb3cd8d23,"Data file",https://donnees-data.tpsgc-pwgsc.gc.ca/ba1/pretplaceavance-loaninvestadvance/pretplaceavance-loaninvestadvance.csv,"Fichier de données",https://donnees-data.tpsgc-pwgsc.gc.ca/ba1/pretplaceavance-loaninvestadvance/pretplaceavance-loaninvestadvance.csv
2022/2023,I,9,9.12c,"9.12d is the numbering for this table in the French version of the document","9.12d est la numérotation de ce tableau dans la version française du document","International Finance Corporation",https://www.tpsgc-pwgsc.gc.ca/recgen/cpc-pac/2023/vol1/s9/appa-olia-eng.html#t9.12c,"Société financière internationale",https://www.tpsgc-pwgsc.gc.ca/recgen/cpc-pac/2023/vol1/s9/appa-olia-fra.html#t9.12d,"Loans, Investments and Advances as per the Public Accounts of Canada",https://open.canada.ca/data/en/dataset/6c0aa172-47ed-457a-a3f9-ed2eb3cd8d23,"Prêts, placements et avances selon les Comptes publics du Canada",https://ouvert.canada.ca/data/fr/dataset/6c0aa172-47ed-457a-a3f9-ed2eb3cd8d23,"Data file",https://donnees-data.tpsgc-pwgsc.gc.ca/ba1/pretplaceavance-loaninvestadvance/pretplaceavance-loaninvestadvance.csv,"Fichier de données",https://donnees-data.tpsgc-pwgsc.gc.ca/ba1/pretplaceavance-loaninvestadvance/pretplaceavance-loaninvestadvance.csv
2022/2023,I,9,9.12d,"9.12c is the numbering for this table in the French version of the document","9.12c est la numérotation de ce tableau dans la version française du document","International financial institutions",https://www.tpsgc-pwgsc.gc.ca/recgen/cpc-pac/2023/vol1/s9/appa-olia-eng.html#t9.12d,"Institutions financières internationales",https://www.tpsgc-pwgsc.gc.ca/recgen/cpc-pac/2023/vol1/s9/appa-olia-fra.html#t9.12c,"Loans, Investments and Advances as per the Public Accounts of Canada",https://open.canada.ca/data/en/dataset/6c0aa172-47ed-457a-a3f9-ed2eb3cd8d23,"Prêts, placements et avances selon les Comptes publics du Canada",https://ouvert.canada.ca/data/fr/dataset/6c0aa172-47ed-457a-a3f9-ed2eb3cd8d23,"Data file",https://donnees-data.tpsgc-pwgsc.gc.ca/ba1/pretplaceavance-loaninvestadvance/pretplaceavance-loaninvestadvance.csv,"Fichier de données",https://donnees-data.tpsgc-pwgsc.gc.ca/ba1/pretplaceavance-loaninvestadvance/pretplaceavance-loaninvestadvance.csv
2022/2023,I,9,9.12e,"9.12b is the numbering for this table in the French version of the document","9.12b est la numérotation de ce tableau dans la version française du document","International organizations and associations",https://www.tpsgc-pwgsc.gc.ca/recgen/cpc-pac/2023/vol1/s9/appa-olia-eng.html#t9.12e,"Associations et organismes internationaux",https://www.tpsgc-pwgsc.gc.ca/recgen/cpc-pac/2023/vol1/s9/appa-olia-fra.html#t9.12b,"Loans, Investments and Advances as per the Public Accounts of Canada",https://open.canada.ca/data/en/dataset/6c0aa172-47ed-457a-a3f9-ed2eb3cd8d23,"Prêts, placements et avances selon les Comptes publics du Canada",https://ouvert.canada.ca/data/fr/dataset/6c0aa172-47ed-457a-a3f9-ed2eb3cd8d23,"Data file",https://donnees-data.tpsgc-pwgsc.gc.ca/ba1/pretplaceavance-loaninvestadvance/pretplaceavance-loaninvestadvance.csv,"Fichier de données",https://donnees-data.tpsgc-pwgsc.gc.ca/ba1/pretplaceavance-loaninvestadvance/pretplaceavance-loaninvestadvance.csv
2022/2023,I,9,9.12f,,,"Support and Development of Export Trade",https://www.tpsgc-pwgsc.gc.ca/recgen/cpc-pac/2023/vol1/s9/appa-olia-eng.html#t9.12f,"Soutien au développement du Commerce d'exportation",https://www.tpsgc-pwgsc.gc.ca/recgen/cpc-pac/2023/vol1/s9/appa-olia-fra.html#t9.12f,"Loans, Investments and Advances as per the Public Accounts of Canada",https://open.canada.ca/data/en/dataset/6c0aa172-47ed-457a-a3f9-ed2eb3cd8d23,"Prêts, placements et avances selon les Comptes publics du Canada",https://ouvert.canada.ca/data/fr/dataset/6c0aa172-47ed-457a-a3f9-ed2eb3cd8d23,"Data file",https://donnees-data.tpsgc-pwgsc.gc.ca/ba1/pretplaceavance-loaninvestadvance/pretplaceavance-loaninvestadvance.csv,"Fichier de données",https://donnees-data.tpsgc-pwgsc.gc.ca/ba1/pretplaceavance-loaninvestadvance/pretplaceavance-loaninvestadvance.csv
2022/2023,I,9,9.12g,"9.12e is the numbering for this table in the French version of the document","9.12e est la numérotation de ce tableau dans la version française du document","Development of export trade - National governments",https://www.tpsgc-pwgsc.gc.ca/recgen/cpc-pac/2023/vol1/s9/appa-olia-eng.html#t9.12g,"Expansion du commerce d’exportation – Gouvernements étrangers",https://www.tpsgc-pwgsc.gc.ca/recgen/cpc-pac/2023/vol1/s9/appa-olia-fra.html#t9.12e,"Loans, Investments and Advances as per the Public Accounts of Canada",https://open.canada.ca/data/en/dataset/6c0aa172-47ed-457a-a3f9-ed2eb3cd8d23,"Prêts, placements et avances selon les Comptes publics du Canada",https://ouvert.canada.ca/data/fr/dataset/6c0aa172-47ed-457a-a3f9-ed2eb3cd8d23,"Data file",https://donnees-data.tpsgc-pwgsc.gc.ca/ba1/pretplaceavance-loaninvestadvance/pretplaceavance-loaninvestadvance.csv,"Fichier de données",https://donnees-data.tpsgc-pwgsc.gc.ca/ba1/pretplaceavance-loaninvestadvance/pretplaceavance-loaninvestadvance.csv
2022/2023,I,10,10.1,,,"Non-financial assets by category",https://www.tpsgc-pwgsc.gc.ca/recgen/cpc-pac/2023/vol1/s10/anf-nfa-eng.html#t10.1,"Actifs non financiers par catégorie",https://www.tpsgc-pwgsc.gc.ca/recgen/cpc-pac/2023/vol1/s10/anf-nfa-fra.html#t10.1,"Non-financial assets; Vehicles & Assets under capital leases as per the Public Accounts of Canada",https://open.canada.ca/data/en/dataset/34e25481-a44d-491f-a1b4-97e37ce3a530,"Actifs non financiers; Véhicules & Biens loués en vertu de contrats de location-acquisition par catégories principales selon les Comptes publics du Canada",https://ouvert.canada.ca/data/fr/dataset/34e25481-a44d-491f-a1b4-97e37ce3a530,"Data file",https://donnees-data.tpsgc-pwgsc.gc.ca/ba1/anfcb-nfava/anfcb-nfava.csv,"Fichier de données",https://donnees-data.tpsgc-pwgsc.gc.ca/ba1/anfcb-nfava/anfcb-nfava.csv
2022/2023,I,10,10.2,,,"Tangible capital assets by main custodian ministries",https://www.tpsgc-pwgsc.gc.ca/recgen/cpc-pac/2023/vol1/s10/ic-tca-eng.html#t10.2,"Immobilisations corporelles par principaux portefeuilles ministériels ayant la garde des actifs",https://www.tpsgc-pwgsc.gc.ca/recgen/cpc-pac/2023/vol1/s10/ic-tca-fra.html#t10.2,"Tangible Capital Assets by Main Custodian Ministries as per the Public Accounts of Canada",https://open.canada.ca/data/en/dataset/1950a386-07cf-49f3-885a-1f0bd0779392,"Immobilisations corporelles par principaux portefeuilles ministériels ayant la garde de biens selon les Comptes publics du Canada",https://ouvert.canada.ca/data/fr/dataset/1950a386-07cf-49f3-885a-1f0bd0779392,"2005-2025 - Tangible Capital Assets",https://donnees-data.tpsgc-pwgsc.gc.ca/ba1/ppm-tca/ppm-tca.csv,"2005-2025 - Immobilisations corporelles",https://donnees-data.tpsgc-pwgsc.gc.ca/ba1/ppm-tca/ppm-tca.csv
2022/2023,I,10,10.3,,,"Vehicles by sub-category",https://www.tpsgc-pwgsc.gc.ca/recgen/cpc-pac/2023/vol1/s10/vehcls-eng.html#t10.3,"Véhicules par sous-catégorie",https://www.tpsgc-pwgsc.gc.ca/recgen/cpc-pac/2023/vol1/s10/vehcls-fra.html#t10.3,"Non-financial assets; Vehicles & Assets under capital leases as per the Public Accounts of Canada",https://open.canada.ca/data/en/dataset/34e25481-a44d-491f-a1b4-97e37ce3a530,"Actifs non financiers; Véhicules & Biens loués en vertu de contrats de location-acquisition par catégories principales selon les Comptes publics du Canada",https://ouvert.canada.ca/data/fr/dataset/34e25481-a44d-491f-a1b4-97e37ce3a530,"Data file",https://donnees-data.tpsgc-pwgsc.gc.ca/ba1/anfcb-nfava/anfcb-nfava.csv,"Fichier de données",https://donnees-data.tpsgc-pwgsc.gc.ca/ba1/anfcb-nfava/anfcb-nfava.csv
2022/2023,I,10,10.4,,,"Assets under capital leases by main category",https://www.tpsgc-pwgsc.gc.ca/recgen/cpc-pac/2023/vol1/s10/bscla-aucl-eng.html#t10.4,"Actifs loués en vertu de contrats de location-acquisition par catégories principales",https://www.tpsgc-pwgsc.gc.ca/recgen/cpc-pac/2023/vol1/s10/bscla-aucl-fra.html#t10.4,"Non-financial assets; Vehicles & Assets under capital leases as per the Public Accounts of Canada",https://open.canada.ca/data/en/dataset/34e25481-a44d-491f-a1b4-97e37ce3a530,"Actifs non financiers; Véhicules & Biens loués en vertu de contrats de location-acquisition par catégories principales selon les Comptes publics du Canada",https://ouvert.canada.ca/data/fr/dataset/34e25481-a44d-491f-a1b4-97e37ce3a530,"Data file",https://donnees-data.tpsgc-pwgsc.gc.ca/ba1/anfcb-nfava/anfcb-nfava.csv,"Fichier de données",https://donnees-data.tpsgc-pwgsc.gc.ca/ba1/anfcb-nfava/anfcb-nfava.csv
2022/2023,I,11,11.1,,,"Contractual obligations",https://www.tpsgc-pwgsc.gc.ca/recgen/cpc-pac/2023/vol1/s11/oc-co-eng.html#t11.1,"Obligations contractuelles",https://www.tpsgc-pwgsc.gc.ca/recgen/cpc-pac/2023/vol1/s11/oc-co-fra.html#t11.1,"Contractual Obligations (information from Transfer Payment Agreements, Capital Assets, Purchases and Operating Leases), as reported in the Public Accounts of Canada",https://open.canada.ca/data/en/dataset/02986ea0-3ab7-4a13-b391-209e535726d9,"Obligations contractuelles (informations sur les accords de paiements de transfert, immobilisations, achats et contrats de location-exploitation), telles que rapportées dans les Comptes publics du Canada",https://ouvert.canada.ca/data/fr/dataset/02986ea0-3ab7-4a13-b391-209e535726d9,"2023 - Contractual Obligations",https://donnees-data.tpsgc-pwgsc.gc.ca/ba1/oc-co/oc-co-2023-eng.csv,"2023 - Obligations contractuelles",https://donnees-data.tpsgc-pwgsc.gc.ca/ba1/oc-co/oc-co-2023-fra.csv
2022/2023,I,11,11.1,,,"Contractual obligations",https://www.tpsgc-pwgsc.gc.ca/recgen/cpc-pac/2023/vol1/s11/oc-co-eng.html#t11.1,"Obligations contractuelles",https://www.tpsgc-pwgsc.gc.ca/recgen/cpc-pac/2023/vol1/s11/oc-co-fra.html#t11.1,"International contractual obligations as per the Public Accounts of Canada",https://open.canada.ca/data/en/dataset/e59fc142-b6d8-4541-8b4b-81453f323709,"Obligations contractuelles internationales selon les Comptes publics du Canada",https://ouvert.canada.ca/data/fr/dataset/e59fc142-b6d8-4541-8b4b-81453f323709,"Data file",https://donnees-data.tpsgc-pwgsc.gc.ca/ba1/obligationscontractint-Intcontractobligations/obligationscontractint-Intcontractobligations.csv,"Fichier de données",https://donnees-data.tpsgc-pwgsc.gc.ca/ba1/obligationscontractint-Intcontractobligations/obligationscontractint-Intcontractobligations.csv
2022/2023,I,11,11.2,,,"Schedule of minimum payments",https://www.tpsgc-pwgsc.gc.ca/recgen/cpc-pac/2023/vol1/s11/oc-co-eng.html#t11.2,"Cédule des paiements minimums",https://www.tpsgc-pwgsc.gc.ca/recgen/cpc-pac/2023/vol1/s11/oc-co-fra.html#t11.2,"Contractual Obligations (information from Transfer Payment Agreements, Capital Assets, Purchases and Operating Leases), as reported in the Public Accounts of Canada",https://open.canada.ca/data/en/dataset/02986ea0-3ab7-4a13-b391-209e535726d9,"Obligations contractuelles (informations sur les accords de paiements de transfert, immobilisations, achats et contrats de location-exploitation), telles que rapportées dans les Comptes publics du Canada",https://ouvert.canada.ca/data/fr/dataset/02986ea0-3ab7-4a13-b391-209e535726d9,"2023 - Contractual Obligations",https://donnees-data.tpsgc-pwgsc.gc.ca/ba1/oc-co/oc-co-2023-eng.csv,"2023 - Obligations contractuelles",https://donnees-data.tpsgc-pwgsc.gc.ca/ba1/oc-co/oc-co-2023-fra.csv
2022/2023,I,11,11.2,,,"Schedule of minimum payments",https://www.tpsgc-pwgsc.gc.ca/recgen/cpc-pac/2023/vol1/s11/oc-co-eng.html#t11.2,"Cédule des paiements minimums",https://www.tpsgc-pwgsc.gc.ca/recgen/cpc-pac/2023/vol1/s11/oc-co-fra.html#t11.2,"International contractual obligations as per the Public Accounts of Canada",https://open.canada.ca/data/en/dataset/e59fc142-b6d8-4541-8b4b-81453f323709,"Obligations contractuelles internationales selon les Comptes publics du Canada",https://ouvert.canada.ca/data/fr/dataset/e59fc142-b6d8-4541-8b4b-81453f323709,"Data file",https://donnees-data.tpsgc-pwgsc.gc.ca/ba1/obligationscontractint-Intcontractobligations/obligationscontractint-Intcontractobligations.csv,"Fichier de données",https://donnees-data.tpsgc-pwgsc.gc.ca/ba1/obligationscontractint-Intcontractobligations/obligationscontractint-Intcontractobligations.csv
2022/2023,I,11,11.3,,,"Transfer payment agreements, capital assets, purchases and operating leases",https://www.tpsgc-pwgsc.gc.ca/recgen/cpc-pac/2023/vol1/s11/oc-co-eng.html#t11.3,"Accords de paiements de transfert, immobilisations, achats et contrats de location-exploitation",https://www.tpsgc-pwgsc.gc.ca/recgen/cpc-pac/2023/vol1/s11/oc-co-fra.html#t11.3,"Contractual Obligations (information from Transfer Payment Agreements, Capital Assets, Purchases and Operating Leases), as reported in the Public Accounts of Canada",https://open.canada.ca/data/en/dataset/02986ea0-3ab7-4a13-b391-209e535726d9,"Obligations contractuelles (informations sur les accords de paiements de transfert, immobilisations, achats et contrats de location-exploitation), telles que rapportées dans les Comptes publics du Canada",https://ouvert.canada.ca/data/fr/dataset/02986ea0-3ab7-4a13-b391-209e535726d9,"2023 - Contractual Obligations",https://donnees-data.tpsgc-pwgsc.gc.ca/ba1/oc-co/oc-co-2023-eng.csv,"2023 - Obligations contractuelles",https://donnees-data.tpsgc-pwgsc.gc.ca/ba1/oc-co/oc-co-2023-fra.csv
2022/2023,I,11,11.4,,,"International contractual obligations",https://www.tpsgc-pwgsc.gc.ca/recgen/cpc-pac/2023/vol1/s11/oc-co-eng.html#t11.4,"Obligations contractuelles internationales",https://www.tpsgc-pwgsc.gc.ca/recgen/cpc-pac/2023/vol1/s11/oc-co-fra.html#t11.4,"International contractual obligations as per the Public Accounts of Canada",https://open.canada.ca/data/en/dataset/e59fc142-b6d8-4541-8b4b-81453f323709,"Obligations contractuelles internationales selon les Comptes publics du Canada",https://ouvert.canada.ca/data/fr/dataset/e59fc142-b6d8-4541-8b4b-81453f323709,"Data file",https://donnees-data.tpsgc-pwgsc.gc.ca/ba1/obligationscontractint-Intcontractobligations/obligationscontractint-Intcontractobligations.csv,"Fichier de données",https://donnees-data.tpsgc-pwgsc.gc.ca/ba1/obligationscontractint-Intcontractobligations/obligationscontractint-Intcontractobligations.csv
2022/2023,I,11,11.5,,,"Sales of goods and services, leases of property, royalties and revenue/profit-sharing arrangements and other contractual rights",https://www.tpsgc-pwgsc.gc.ca/recgen/cpc-pac/2023/vol1/s11/dc-cr-eng.html#t11.5,"Vente de biens et de services, location de biens, ententes de redevances et de partage des revenus et des bénéfices et autres droits contractuels",https://www.tpsgc-pwgsc.gc.ca/recgen/cpc-pac/2023/vol1/s11/dc-cr-fra.html#t11.5,"Contractual rights as reported in the Public Accounts of Canada",https://open.canada.ca/data/en/dataset/e087cc23-20ee-44fb-9891-28fc54831c45,"Droits contractuels tels que rapportés dans les Comptes publics du Canada",https://ouvert.canada.ca/data/fr/dataset/e087cc23-20ee-44fb-9891-28fc54831c45,"Data file",https://donnees-data.tpsgc-pwgsc.gc.ca/ba1/droitscontractuels-contractualrights/droitscontractuels-contractualrights.csv,"Fichier de données",https://donnees-data.tpsgc-pwgsc.gc.ca/ba1/droitscontractuels-contractualrights/droitscontractuels-contractualrights.csv
2022/2023,I,11,11.6,,,"Guarantees provided by the government",https://www.tpsgc-pwgsc.gc.ca/recgen/cpc-pac/2023/vol1/s11/pe-cl-eng.html#t11.6,"Garanties accordées par le gouvernement",https://www.tpsgc-pwgsc.gc.ca/recgen/cpc-pac/2023/vol1/s11/pe-cl-fra.html#t11.6,"Guarantees provided by the Government as per the Public Accounts of Canada",https://open.canada.ca/data/en/dataset/5e3887f0-3b50-49ec-8377-116d79882316,"Garanties accordées par le gouvernement selon les Comptes publics du Canada",https://ouvert.canada.ca/data/fr/dataset/5e3887f0-3b50-49ec-8377-116d79882316,"Data file",https://donnees-data.tpsgc-pwgsc.gc.ca/ba1/garanties-guarantees/garanties-guarantees.csv,"Fichier de données",https://donnees-data.tpsgc-pwgsc.gc.ca/ba1/garanties-guarantees/garanties-guarantees.csv
2022/2023,I,11,11.7,,,"International organizations—Contingent liabilities",https://www.tpsgc-pwgsc.gc.ca/recgen/cpc-pac/2023/vol1/s11/pe-cl-eng.html#t11.7,"Organisations internationales  –  Passif éventuel",https://www.tpsgc-pwgsc.gc.ca/recgen/cpc-pac/2023/vol1/s11/pe-cl-fra.html#t11.7,"International organizations contingent liabilities as per the Public Accounts of Canada",https://open.canada.ca/data/en/dataset/8c77c1b3-6b53-4b1f-a0ab-f361ea9b1807,"Organisations internationales - Passif éventuel selon les Comptes publics du Canada",https://ouvert.canada.ca/data/fr/dataset/8c77c1b3-6b53-4b1f-a0ab-f361ea9b1807,"Data file",https://donnees-data.tpsgc-pwgsc.gc.ca/ba1/orgintpassifeventuel-Intorgcontingentliab/orgintpassifeventuel-Intorgcontingentliab.csv,"Fichier de données",https://donnees-data.tpsgc-pwgsc.gc.ca/ba1/orgintpassifeventuel-Intorgcontingentliab/orgintpassifeventuel-Intorgcontingentliab.csv
2022/2023,I,11,11.8,,,"Summary of insurance programs of agent enterprise Crown corporations for the year",https://www.tpsgc-pwgsc.gc.ca/recgen/cpc-pac/2023/vol1/s11/pe-cl-eng.html#t11.8,"Sommaire des programmes d'assurance des sociétés d'État entreprises mandataires pour l'exercice",https://www.tpsgc-pwgsc.gc.ca/recgen/cpc-pac/2023/vol1/s11/pe-cl-fra.html#t11.8,"N/A - Not published","N/A - Not published","s.o. - Non publié","s.o. - Non publié","N/A - Not published","N/A - Not published","s.o. - Non publié","s.o. - Non publié"
2022/2023,II,1,1,,,"Consolidated statement of revenues and expenses",https://www.tpsgc-pwgsc.gc.ca/recgen/cpc-pac/2023/vol2/s1/ecrc-csre-eng.html#t1,"État consolidé des revenus et charges",https://www.tpsgc-pwgsc.gc.ca/recgen/cpc-pac/2023/vol2/s1/ecrc-csre-fra.html#t1,"Consolidated Statement of Revenues and Expenses as per the Public Accounts",https://open.canada.ca/data/en/dataset/dff11e4c-c258-46cf-94e4-e4cc4b8a04e9,"État consolidé des revenus et charges selon les Comptes publics du Canada",https://ouvert.canada.ca/data/fr/dataset/dff11e4c-c258-46cf-94e4-e4cc4b8a04e9,"Data file",https://donnees-data.tpsgc-pwgsc.gc.ca/ba1/ecrc-csre/ecrc-csre.csv,"Fichier de données",https://donnees-data.tpsgc-pwgsc.gc.ca/ba1/ecrc-csre/ecrc-csre.csv
2022/2023,II,1,2,,,"Ministerial expenditures by type",https://www.tpsgc-pwgsc.gc.ca/recgen/cpc-pac/2023/vol2/s1/dmc-met-eng.html#t2,"Dépenses ministérielles par catégorie",https://www.tpsgc-pwgsc.gc.ca/recgen/cpc-pac/2023/vol2/s1/dmc-met-fra.html#t2,"Ministerial Expenditures by Type as per the Public Accounts of Canada",https://open.canada.ca/data/en/dataset/9df1d5f2-3c03-4dad-9b9b-67fcbafcc791,"Dépenses ministérielles par catégorie selon les Comptes publics du Canada",https://ouvert.canada.ca/data/fr/dataset/9df1d5f2-3c03-4dad-9b9b-67fcbafcc791,"2023 - Volume 2, Table 2 - Ministerial Expenditures by Type",https://donnees-data.tpsgc-pwgsc.gc.ca/ba1/dmc-met/dmc-met-2023-eng.csv,"2023 - Volume 2, Tableau 2 - Dépenses ministérielles par catégorie",https://donnees-data.tpsgc-pwgsc.gc.ca/ba1/dmc-met/dmc-met-2023-fra.csv
2022/2023,II,1,2a,,,"Recapitulation of external expenses by type",https://www.tpsgc-pwgsc.gc.ca/recgen/cpc-pac/2023/vol2/s1/rcec-reet-eng.html#t2a,"Récapitulation des charges externes par catégorie",https://www.tpsgc-pwgsc.gc.ca/recgen/cpc-pac/2023/vol2/s1/rcec-reet-fra.html#t2a,"Recapitulation of External Expenses by Type as per the Public Accounts of Canada",https://open.canada.ca/data/en/dataset/1c0cb853-80ae-48f6-b237-36185cfe8b1b,"Récapitulation des charges externes par catégorie selon les Comptes publics du Canada",https://ouvert.canada.ca/data/fr/dataset/1c0cb853-80ae-48f6-b237-36185cfe8b1b,"Data file",https://donnees-data.tpsgc-pwgsc.gc.ca/ba1/externalexp-charexterne/externalexp-charexterne.csv,"Fichier de données",https://donnees-data.tpsgc-pwgsc.gc.ca/ba1/externalexp-charexterne/externalexp-charexterne.csv
2022/2023,II,1,2b,,,"Details of other transfer payments by ministry",https://www.tpsgc-pwgsc.gc.ca/recgen/cpc-pac/2023/vol2/s1/daptpm-dotpm-eng.html#t2b,"Détail des autres paiements de transfert par portefeuille ministériel",https://www.tpsgc-pwgsc.gc.ca/recgen/cpc-pac/2023/vol2/s1/daptpm-dotpm-fra.html#t2b,"Details of Other Transfer Payments by Ministry and Details of Other Program Expenses of Other Ministries",https://open.canada.ca/data/en/dataset/f6db2071-1f97-4d88-8af0-1deeb949ee2f,"Détail des autres paiements de transfert par portefeuille ministériel et Détail des autres charges de programmes des autres portefeuilles ministériels",https://ouvert.canada.ca/data/fr/dataset/f6db2071-1f97-4d88-8af0-1deeb949ee2f,"2023 - Other Transfer Payments and Other Program Expenses",https://donnees-data.tpsgc-pwgsc.gc.ca/ba1/otpmopeom-apdtmacdpam/otpmopeom-apdtmacdpam-2023-eng.csv,"2023 - autres paiements de transfert et autres charges de programmes",https://donnees-data.tpsgc-pwgsc.gc.ca/ba1/otpmopeom-apdtmacdpam/otpmopeom-apdtmacdpam-2023-fra.csv
2022/2023,II,1,3,,,"Ministerial expenditures by standard object",https://www.tpsgc-pwgsc.gc.ca/recgen/cpc-pac/2023/vol2/s1/dmac-meso-eng.html#t3,"Dépenses ministérielles par article courant",https://www.tpsgc-pwgsc.gc.ca/recgen/cpc-pac/2023/vol2/s1/dmac-meso-fra.html#t3,"Ministerial Expenditures by Standard Object as per the Public Accounts of Canada",https://open.canada.ca/data/en/dataset/9c4bcc95-bd73-4476-b86f-03553d489a45,"Dépenses ministérielles par article courant selon les Comptes publics du Canada",https://ouvert.canada.ca/data/fr/dataset/9c4bcc95-bd73-4476-b86f-03553d489a45,"2023 - Volume 2, Table 3 - Ministerial Expenditures by Standard Object",https://donnees-data.tpsgc-pwgsc.gc.ca/ba1/dmac-meso/dmac-meso-2023-eng.csv,"2023 - Volume 2, Tableau 3 - Dépenses ministérielles par article courant",https://donnees-data.tpsgc-pwgsc.gc.ca/ba1/dmac-meso/dmac-meso-2023-fra.csv
2022/2023,II,1,3a,,,"Reconciliation of external expenditures by standard object to expenses",https://www.tpsgc-pwgsc.gc.ca/recgen/cpc-pac/2023/vol2/s1/rdeacc-reesoe-eng.html#t3a,"Rapprochement des dépenses externes par article courant avec les charges",https://www.tpsgc-pwgsc.gc.ca/recgen/cpc-pac/2023/vol2/s1/rdeacc-reesoe-fra.html#t3a,"Reconciliation of External Expenditures by Standard Object to Expenses as per the Public Accounts of Canada",https://open.canada.ca/data/en/dataset/fd5f8b66-649d-42e8-8d86-7f09928f5f19,"Rapprochement des dépenses externes par article courant avec les charges selon les Comptes publics du Canada",https://ouvert.canada.ca/data/fr/dataset/fd5f8b66-649d-42e8-8d86-7f09928f5f19,"2023 - Reconciliation of External Expenditures to Expenses",https://donnees-data.tpsgc-pwgsc.gc.ca/ba1/reesoe-rdeacc/reesoe-rdeacc-2023-eng.csv,"2023 - Rapprochement des dépenses externes avec les charges",https://donnees-data.tpsgc-pwgsc.gc.ca/ba1/reesoe-rdeacc/reesoe-rdeacc-2023-fra.csv
2022/2023,II,1,4,,,"Ministerial revenues",https://www.tpsgc-pwgsc.gc.ca/recgen/cpc-pac/2023/vol2/s1/rm-mr-eng.html#t4,"Revenus ministériels",https://www.tpsgc-pwgsc.gc.ca/recgen/cpc-pac/2023/vol2/s1/rm-mr-fra.html#t4,"Ministerial Revenues as per the Public Accounts of Canada",https://open.canada.ca/data/en/dataset/e5e419f8-7219-4faa-8b0d-22c006b5434f,"Revenus ministériels selon les Comptes publics du Canada",https://ouvert.canada.ca/data/fr/dataset/e5e419f8-7219-4faa-8b0d-22c006b5434f,"2023 - Volume 2, Table 4 - Ministerial Revenues",https://donnees-data.tpsgc-pwgsc.gc.ca/ba1/rm-mr/rm-mr-2023-eng.csv,"2023 - Volume 2, Tableau 4 - Revenus ministériels",https://donnees-data.tpsgc-pwgsc.gc.ca/ba1/rm-mr/rm-mr-2023-fra.csv
2022/2023,II,1,4a,,,"Recapitulation of external revenues by source",https://www.tpsgc-pwgsc.gc.ca/recgen/cpc-pac/2023/vol2/s1/rrep-rers-eng.html#t4a,"Récapitulation des revenus externes par provenance",https://www.tpsgc-pwgsc.gc.ca/recgen/cpc-pac/2023/vol2/s1/rrep-rers-fra.html#t4a,"Recapitulation of External Revenues by Source as per the Public Accounts of Canada",https://open.canada.ca/data/en/dataset/1dd16480-fd7e-4c45-b1cc-be6c07f11ab7,"Récapitulation des revenus externes par provenance selon les Comptes publics du Canada",https://ouvert.canada.ca/data/fr/dataset/1dd16480-fd7e-4c45-b1cc-be6c07f11ab7,"Data file",https://donnees-data.tpsgc-pwgsc.gc.ca/ba1/recaprevenu/recaprevenu.csv,"Fichier de données",https://donnees-data.tpsgc-pwgsc.gc.ca/ba1/recaprevenu/recaprevenu.csv
2022/2023,II,1,4b,,,"Sales of goods and services",https://www.tpsgc-pwgsc.gc.ca/recgen/cpc-pac/2023/vol2/s1/vbs-sgs-eng.html#t4b,"Ventes de biens et de services",https://www.tpsgc-pwgsc.gc.ca/recgen/cpc-pac/2023/vol2/s1/vbs-sgs-fra.html#t4b,"Sales of Goods and Services as per the Public Accounts of Canada",https://open.canada.ca/data/en/dataset/57bd4dfa-8321-4123-aa74-2a740b9e25ae,"Ventes de biens et de services selon les Comptes publics du Canada",https://ouvert.canada.ca/data/fr/dataset/57bd4dfa-8321-4123-aa74-2a740b9e25ae,"2023 - Sales of Goods and Services",https://donnees-data.tpsgc-pwgsc.gc.ca/ba1/vbs-sgs/vbs-sgs-2023-eng.csv,"2023 - Ventes de biens et de services",https://donnees-data.tpsgc-pwgsc.gc.ca/ba1/vbs-sgs/vbs-sgs-2023-fra.csv
2022/2023,II,1,5,,,"Source and disposition of budgetary authorities by ministry",https://www.tpsgc-pwgsc.gc.ca/recgen/cpc-pac/2023/vol2/s1/puabpm-sdbam-eng.html#t5,"Provenance et utilisation des autorisations budgétaires par portefeuille ministériel",https://www.tpsgc-pwgsc.gc.ca/recgen/cpc-pac/2023/vol2/s1/puabpm-sdbam-fra.html#t5,"Source and Disposition of Budgetary and Non-Budgetary Authorities by Ministry as per the Public Accounts of Canada",https://open.canada.ca/data/en/dataset/5ec5a46d-a050-4ddf-b9f9-4607f186c801,"Provenance et utilisation des autorisations budgétaires et non budgétaires par portefeuille ministériel selon les Comptes publics du Canada",https://ouvert.canada.ca/data/fr/dataset/5ec5a46d-a050-4ddf-b9f9-4607f186c801,"Data file",https://donnees-data.tpsgc-pwgsc.gc.ca/ba1/budgetaires-budgetary/budgetaires-budgetary.csv,"Fichier de données",https://donnees-data.tpsgc-pwgsc.gc.ca/ba1/budgetaires-budgetary/budgetaires-budgetary.csv
2022/2023,II,1,6,,,"Source and disposition of non-budgetary authorities by ministry",https://www.tpsgc-pwgsc.gc.ca/recgen/cpc-pac/2023/vol2/s1/puanbpm-sdnbam-eng.html#t6,"Provenance et utilisation des autorisations non budgétaires par portefeuille ministériel",https://www.tpsgc-pwgsc.gc.ca/recgen/cpc-pac/2023/vol2/s1/puanbpm-sdnbam-fra.html#t6,"Source and Disposition of Budgetary and Non-Budgetary Authorities by Ministry as per the Public Accounts of Canada",https://open.canada.ca/data/en/dataset/5ec5a46d-a050-4ddf-b9f9-4607f186c801,"Provenance et utilisation des autorisations budgétaires et non budgétaires par portefeuille ministériel selon les Comptes publics du Canada",https://ouvert.canada.ca/data/fr/dataset/5ec5a46d-a050-4ddf-b9f9-4607f186c801,"Data file",https://donnees-data.tpsgc-pwgsc.gc.ca/ba1/budgetaires-budgetary/budgetaires-budgetary.csv,"Fichier de données",https://donnees-data.tpsgc-pwgsc.gc.ca/ba1/budgetaires-budgetary/budgetaires-budgetary.csv
2022/2023,II,1,7,,,"Source and disposition of authorities by type (voted and statutory)",https://www.tpsgc-pwgsc.gc.ca/recgen/cpc-pac/2023/vol2/s1/puagvl-sdatvs-eng.html#t7,"Provenance et utilisation des autorisations par genre (votées et législatives)",https://www.tpsgc-pwgsc.gc.ca/recgen/cpc-pac/2023/vol2/s1/puagvl-sdatvs-fra.html#t7,"Source and Disposition of Authorities by Type (voted and statutory) as per the Public Accounts of Canada",https://open.canada.ca/data/en/dataset/d18df88b-657e-4418-b830-3b41f80e4339,"Provenance et utilisation des autorisations par genre (votées et législatives) selon les Comptes publics du Canada",https://ouvert.canada.ca/data/fr/dataset/d18df88b-657e-4418-b830-3b41f80e4339,"Data file",https://donnees-data.tpsgc-pwgsc.gc.ca/ba1/provutiliautorisationsgenre-srcdispauthoritiestype/provutiliautorisationsgenre-srcdispauthoritiestype.csv,"Fichier de données",https://donnees-data.tpsgc-pwgsc.gc.ca/ba1/provutiliautorisationsgenre-srcdispauthoritiestype/provutiliautorisationsgenre-srcdispauthoritiestype.csv
2022/2023,II,1,"App. 1",,,"Authorities granted in current year appropriation acts",https://www.tpsgc-pwgsc.gc.ca/recgen/cpc-pac/2023/vol2/s1/aalce-agcyaa-eng.html#td1,"Autorisations accordées dans les lois de crédits de l'exercice",https://www.tpsgc-pwgsc.gc.ca/recgen/cpc-pac/2023/vol2/s1/aalce-agcyaa-fra.html#td1,"N/A - Not published","N/A - Not published","s.o. - Non publié","s.o. - Non publié","N/A - Not published","N/A - Not published","s.o. - Non publié","s.o. - Non publié"
2022/2023,II,1,"App. 2",,,"Authorities granted by statutes other than Appropriation Acts",https://www.tpsgc-pwgsc.gc.ca/recgen/cpc-pac/2023/vol2/s1/aalaqlc-agsotaa-eng.html#td2,"Autorisations accordées par des lois autres que les lois de crédits",https://www.tpsgc-pwgsc.gc.ca/recgen/cpc-pac/2023/vol2/s1/aalaqlc-agsotaa-fra.html#td2,"N/A - Not published","N/A - Not published","s.o. - Non publié","s.o. - Non publié","N/A - Not published","N/A - Not published","s.o. - Non publié","s.o. - Non publié"
2022/2023,II,1,"App. 3",,,"Authorities available from previous years",https://www.tpsgc-pwgsc.gc.ca/recgen/cpc-pac/2023/vol2/s1/adea-aaopy-eng.html#td3,"Autorisations disponibles des exercices antérieurs",https://www.tpsgc-pwgsc.gc.ca/recgen/cpc-pac/2023/vol2/s1/adea-aaopy-fra.html#td3,"Authorities Available from Previous Years as per the Public Accounts of Canada",https://open.canada.ca/data/en/dataset/cef9908c-ee31-4279-b77a-499f408f73a9,"Autorisations disponibles des exercices antérieurs selon les Comptes publics du Canada",https://ouvert.canada.ca/data/fr/dataset/cef9908c-ee31-4279-b77a-499f408f73a9,"Data file",https://donnees-data.tpsgc-pwgsc.gc.ca/ba1/autodisp-authoravail/autodisp-authoravail.csv,"Fichier de données",https://donnees-data.tpsgc-pwgsc.gc.ca/ba1/autodisp-authoravail/autodisp-authoravail.csv
2022/2023,II,1,"App. 4",,,"Non-lapsing authorities granted/repealed in the current year",https://www.tpsgc-pwgsc.gc.ca/recgen/cpc-pac/2023/vol2/s1/apaace-nlagrcy-eng.html#td4,"Autorisations permanentes accordées/abrogées au cours de l'exercice",https://www.tpsgc-pwgsc.gc.ca/recgen/cpc-pac/2023/vol2/s1/apaace-nlagrcy-fra.html#td4,"Non-Lapsing Authorities Granted/Repealed In the Current Year as per the Public Accounts of Canada",https://open.canada.ca/data/en/dataset/72005e14-f916-4111-8a1f-5b37416077d1,"Autorisations permanentes accordées/abrogées au cours de l'exercice selon les Comptes publics du Canada",https://ouvert.canada.ca/data/fr/dataset/72005e14-f916-4111-8a1f-5b37416077d1,"Data file",https://donnees-data.tpsgc-pwgsc.gc.ca/ba1/autopermanent-nonlapseauth/autopermanent-nonlapseauth.csv,"Ficher de données",https://donnees-data.tpsgc-pwgsc.gc.ca/ba1/autopermanent-nonlapseauth/autopermanent-nonlapseauth.csv
2022/2023,II,1,"App. 5",,,"Authorities for the spending of proceeds from the disposal of surplus Crown assets",https://www.tpsgc-pwgsc.gc.ca/recgen/cpc-pac/2023/vol2/s1/ardpvbee-aspdsca-eng.html#td5,"Autorisations relatives à la dépense des produits de la vente de biens excédentaires de l'État",https://www.tpsgc-pwgsc.gc.ca/recgen/cpc-pac/2023/vol2/s1/ardpvbee-aspdsca-fra.html#td5,"Authorities for the Spending of Proceeds from the Disposal of Surplus Crown Assets as per the Public Accounts",https://open.canada.ca/data/en/dataset/61b122cf-7bff-4451-8c88-f233fcd508b0,"Autorisations relatives à la dépense des produits de la vente de biens excédentaires de l'État selon les Comptes publics du Canada",https://ouvert.canada.ca/data/fr/dataset/61b122cf-7bff-4451-8c88-f233fcd508b0,"Data file",https://donnees-data.tpsgc-pwgsc.gc.ca/ba1/ardpvbe-aspdsca/ardpvbe-aspdsca.csv,"Ficher de données",https://donnees-data.tpsgc-pwgsc.gc.ca/ba1/ardpvbe-aspdsca/ardpvbe-aspdsca.csv
2022/2023,II,"2 to/à 28","Various / Divers","Refer to Supporting Documentation","Reportez-vous à la documentation de soutien","Ministry summary",https://www.tpsgc-pwgsc.gc.ca/recgen/cpc-pac/2023/vol2/intro-eng.html,"Sommaire du portefeuille ministériel",https://www.tpsgc-pwgsc.gc.ca/recgen/cpc-pac/2023/vol2/intro-fra.html,"N/A - Not published","N/A - Not published","s.o. - Non publié","s.o. - Non publié","N/A - Not published","N/A - Not published","s.o. - Non publié","s.o. - Non publié"
2022/2023,II,"2 to/à 28","Various / Divers","Refer to Supporting Documentation","Reportez-vous à la documentation de soutien","Budgetary details by allotment",https://www.tpsgc-pwgsc.gc.ca/recgen/cpc-pac/2023/vol2/intro-eng.html,"Détail budgétaire par affectation",https://www.tpsgc-pwgsc.gc.ca/recgen/cpc-pac/2023/vol2/intro-fra.html,"Budgetary details by allotment as per the Public Accounts of Canada",https://open.canada.ca/data/en/dataset/63f81721-208c-4ef3-8d18-8ffe378803ef,"Détail budgétaire par affectation selon les Comptes publics du Canada",https://ouvert.canada.ca/data/fr/dataset/63f81721-208c-4ef3-8d18-8ffe378803ef,"Data file",https://donnees-data.tpsgc-pwgsc.gc.ca/ba1/detailbudgetaireaffectation-budgetarydetailsallotment/detailbudgetaireaffectation-budgetarydetailsallotment.csv,"Fichier de données",https://donnees-data.tpsgc-pwgsc.gc.ca/ba1/detailbudgetaireaffectation-budgetarydetailsallotment/detailbudgetaireaffectation-budgetarydetailsallotment.csv
2022/2023,II,"2 to/à 28","Various / Divers","Refer to Supporting Documentation","Reportez-vous à la documentation de soutien","Core responsibilities",https://www.tpsgc-pwgsc.gc.ca/recgen/cpc-pac/2023/vol2/intro-eng.html,"Responsabilités essentielles",https://www.tpsgc-pwgsc.gc.ca/recgen/cpc-pac/2023/vol2/intro-fra.html,"Core responsibilities as per the Public Accounts of Canada",https://open.canada.ca/data/en/dataset/c9675417-100a-433a-92d4-79b710408def,"Responsabilités essentielles selon les Comptes publics du Canada",https://open.canada.ca/data/fr/dataset/c9675417-100a-433a-92d4-79b710408def,"Data file",https://donnees-data.tpsgc-pwgsc.gc.ca/ba1/respessentielles-coreresp/respessentielles-coreresp.csv,"Fichier de données",https://donnees-data.tpsgc-pwgsc.gc.ca/ba1/respessentielles-coreresp/respessentielles-coreresp.csv
2022/2023,II,"2 to/à 28","Various / Divers","Refer to Supporting Documentation","Reportez-vous à la documentation de soutien","Transfer payments",https://www.tpsgc-pwgsc.gc.ca/recgen/cpc-pac/2023/vol2/intro-eng.html,"Paiements de transfert",https://www.tpsgc-pwgsc.gc.ca/recgen/cpc-pac/2023/vol2/intro-fra.html,"Transfer payments as per the Public Accounts of Canada",https://open.canada.ca/data/en/dataset/2c408900-c540-4a98-994e-06465b15c27a,"Paiements de transfert selon les Comptes publics du Canada",https://open.canada.ca/data/fr/dataset/2c408900-c540-4a98-994e-06465b15c27a,"Data file",https://donnees-data.tpsgc-pwgsc.gc.ca/ba1/paiementstransfert-transferpayments/paiementstransfert-transferpayments.csv,"Fichier de données",https://donnees-data.tpsgc-pwgsc.gc.ca/ba1/paiementstransfert-transferpayments/paiementstransfert-transferpayments.csv
2022/2023,II,"2 to/à 28","Various / Divers","Refer to Supporting Documentation","Reportez-vous à la documentation de soutien","Details of respendable amounts",https://www.tpsgc-pwgsc.gc.ca/recgen/cpc-pac/2023/vol2/intro-eng.html,"Détail des montants disponibles pour être dépensés",https://www.tpsgc-pwgsc.gc.ca/recgen/cpc-pac/2023/vol2/intro-fra.html,"Details of Respendable Amounts as per the Public Accounts of Canada",https://open.canada.ca/data/en/dataset/3eac04b7-b790-4b90-a6b0-a088f44f76d7,"Détails des montants disponibles pour être dépensés selon les Comptes publics du Canada",https://open.canada.ca/data/fr/dataset/3eac04b7-b790-4b90-a6b0-a088f44f76d7,"Data file",https://donnees-data.tpsgc-pwgsc.gc.ca/ba1/detailsmontantsdepenses-detailsrespendableamounts/detailsmontantsdepenses-detailsrespendableamounts.csv,"Fichier de données",https://donnees-data.tpsgc-pwgsc.gc.ca/ba1/detailsmontantsdepenses-detailsrespendableamounts/detailsmontantsdepenses-detailsrespendableamounts.csv
2022/2023,II,"2 to/à 28","Various / Divers","Refer to Supporting Documentation","Reportez-vous à la documentation de soutien",Revenues,https://www.tpsgc-pwgsc.gc.ca/recgen/cpc-pac/2023/vol2/intro-eng.html,Revenus,https://www.tpsgc-pwgsc.gc.ca/recgen/cpc-pac/2023/vol2/intro-fra.html,"N/A - Not published","N/A - Not published","s.o. - Non publié","s.o. - Non publié","N/A - Not published","N/A - Not published","s.o. - Non publié","s.o. - Non publié"
2022/2023,III,2,1,,,"Summary of remissions of taxes, fees, penalties and other debts",https://www.tpsgc-pwgsc.gc.ca/recgen/cpc-pac/2023/vol3/s2/rtdpad-rtfpod-eng.html#w3s2remisst2,"Sommaire sur les remises de taxes, droits, pénalités et autres dettes",https://www.tpsgc-pwgsc.gc.ca/recgen/cpc-pac/2023/vol3/s2/rtdpad-rtfpod-fra.html#w3s2remisst2f,"Remissions of Taxes, fees, Penalties and Other Debts as per the Public Accounts of Canada",https://open.canada.ca/data/en/dataset/192eaf3d-c5f0-4d0b-a2e9-504c96e796ea,"Remises de taxes, droits, pénalités et autres dettes selon les Comptes publics du Canada",https://ouvert.canada.ca/data/fr/dataset/192eaf3d-c5f0-4d0b-a2e9-504c96e796ea,"Data file",https://donnees-data.tpsgc-pwgsc.gc.ca/ba1/remtaxesdroitspenalitesad-remtaxesfeespenaltiesod/remtaxesdroitspenalitesad-remtaxesfeespenaltiesod.csv,"Fichier de données",https://donnees-data.tpsgc-pwgsc.gc.ca/ba1/remtaxesdroitspenalitesad-remtaxesfeespenaltiesod/remtaxesdroitspenalitesad-remtaxesfeespenaltiesod.csv
2022/2023,III,2,2,,,"Details of remissions of taxes, fees, penalties and other debts",https://www.tpsgc-pwgsc.gc.ca/recgen/cpc-pac/2023/vol3/s2/rtdpad-rtfpod-eng.html#w3s2remisst1e,"Détail sur les remises de taxes, droits, pénalités et autres dettes",https://www.tpsgc-pwgsc.gc.ca/recgen/cpc-pac/2023/vol3/s2/rtdpad-rtfpod-fra.html#w3s2remisst1f,"Remissions of Taxes, fees, Penalties and Other Debts as per the Public Accounts of Canada",https://open.canada.ca/data/en/dataset/192eaf3d-c5f0-4d0b-a2e9-504c96e796ea,"Remises de taxes, droits, pénalités et autres dettes selon les Comptes publics du Canada",https://ouvert.canada.ca/data/fr/dataset/192eaf3d-c5f0-4d0b-a2e9-504c96e796ea,"Data file",https://donnees-data.tpsgc-pwgsc.gc.ca/ba1/remtaxesdroitspenalitesad-remtaxesfeespenaltiesod/remtaxesdroitspenalitesad-remtaxesfeespenaltiesod.csv,"Fichier de données",https://donnees-data.tpsgc-pwgsc.gc.ca/ba1/remtaxesdroitspenalitesad-remtaxesfeespenaltiesod/remtaxesdroitspenalitesad-remtaxesfeespenaltiesod.csv
2022/2023,III,2,1,,,"Debts, obligations and claims written off or forgiven",https://www.tpsgc-pwgsc.gc.ca/recgen/cpc-pac/2023/vol3/s2/crr-docwof-eng.html#t2.8,"Créances, radiations ou renonciations",https://www.tpsgc-pwgsc.gc.ca/recgen/cpc-pac/2023/vol3/s2/crr-docwof-fra.html#t2.8,"Debts, Obligations and Claims Written Off or Forgiven as per the Public Accounts of Canada",https://open.canada.ca/data/en/dataset/257d9576-1d54-43bd-aee8-294c955c956d,"Créances - radiations ou renonciations selon les Comptes publics du Canada",https://ouvert.canada.ca/data/fr/dataset/257d9576-1d54-43bd-aee8-294c955c956d,"Data file",https://donnees-data.tpsgc-pwgsc.gc.ca/ba1/creancerenon-debtforgive/creancerenon-debtforgive.csv,"Fichier de données",https://donnees-data.tpsgc-pwgsc.gc.ca/ba1/creancerenon-debtforgive/creancerenon-debtforgive.csv
2022/2023,III,2,1,,,"Accountable advances",https://www.tpsgc-pwgsc.gc.ca/recgen/cpc-pac/2023/vol3/s2/aj-aa-eng.html#w3s2acctadvt1,"Avances à justifier",https://www.tpsgc-pwgsc.gc.ca/recgen/cpc-pac/2023/vol3/s2/aj-aa-fra.html#w3s2acctadvt1f,"Accountable Advances as per the Public Accounts of Canada",https://open.canada.ca/data/en/dataset/8d8699ae-c080-4e73-90a1-daaab94b84df,"Avances à justifier selon les Comptes publics du Canada",https://ouvert.canada.ca/data/fr/dataset/8d8699ae-c080-4e73-90a1-daaab94b84df,"Data file",https://donnees-data.tpsgc-pwgsc.gc.ca/ba1/avancesjustifier-accountableadvances/avancesjustifier-accountableadvances.csv,"Fichier de données",https://donnees-data.tpsgc-pwgsc.gc.ca/ba1/avancesjustifier-accountableadvances/avancesjustifier-accountableadvances.csv
2022/2023,III,2,1,,,"Losses of revenues due to fraud or willful misrepresentation",https://www.tpsgc-pwgsc.gc.ca/recgen/cpc-pac/2023/vol3/s2/pfbp-lpmp-eng.html#w3s2lossT1,"Pertes de revenus suite à une fraude ou à une fausse déclaration intentionnelle",https://www.tpsgc-pwgsc.gc.ca/recgen/cpc-pac/2023/vol3/s2/pfbp-lpmp-fra.html#w3s2lossT1f,"Losses of Public Money or Property as per the Public Accounts of Canada",https://open.canada.ca/data/en/dataset/024ec008-653b-4632-ade8-3d6c0c27729a,"Pertes de fonds ou de biens publics selon les Comptes publics du Canada",https://ouvert.canada.ca/data/fr/dataset/024ec008-653b-4632-ade8-3d6c0c27729a,"Data file",https://donnees-data.tpsgc-pwgsc.gc.ca/ba1/perteargentbienspublic-losspublicmoneyproperty/perteargentbienspublic-losspublicmoneyproperty.csv,"Fichier de données",https://donnees-data.tpsgc-pwgsc.gc.ca/ba1/perteargentbienspublic-losspublicmoneyproperty/perteargentbienspublic-losspublicmoneyproperty.csv
2022/2023,III,2,2,,,"Losses of public money due to an offence, illegal act or accident",https://www.tpsgc-pwgsc.gc.ca/recgen/cpc-pac/2023/vol3/s2/pfbp-lpmp-eng.html#w3s2lossT2,"Pertes de fonds publics attribuables à une infraction, un acte illégal ou un accident",https://www.tpsgc-pwgsc.gc.ca/recgen/cpc-pac/2023/vol3/s2/pfbp-lpmp-fra.html#w3s2lossT2f,"Losses of Public Money or Property as per the Public Accounts of Canada",https://open.canada.ca/data/en/dataset/024ec008-653b-4632-ade8-3d6c0c27729a,"Pertes de fonds ou de biens publics selon les Comptes publics du Canada",https://ouvert.canada.ca/data/fr/dataset/024ec008-653b-4632-ade8-3d6c0c27729a,"Data file",https://donnees-data.tpsgc-pwgsc.gc.ca/ba1/perteargentbienspublic-losspublicmoneyproperty/perteargentbienspublic-losspublicmoneyproperty.csv,"Fichier de données",https://donnees-data.tpsgc-pwgsc.gc.ca/ba1/perteargentbienspublic-losspublicmoneyproperty/perteargentbienspublic-losspublicmoneyproperty.csv
2022/2023,III,2,3,,,"Losses of public property due to an offence or other illegal act",https://www.tpsgc-pwgsc.gc.ca/recgen/cpc-pac/2023/vol3/s2/pfbp-lpmp-eng.html#w3s2lossT3,"Pertes de biens publics attribuables à une infraction ou autre acte illégal",https://www.tpsgc-pwgsc.gc.ca/recgen/cpc-pac/2023/vol3/s2/pfbp-lpmp-fra.html#w3s2lossT3f,"Losses of Public Money or Property as per the Public Accounts of Canada",https://open.canada.ca/data/en/dataset/024ec008-653b-4632-ade8-3d6c0c27729a,"Pertes de fonds ou de biens publics selon les Comptes publics du Canada",https://ouvert.canada.ca/data/fr/dataset/024ec008-653b-4632-ade8-3d6c0c27729a,"Data file",https://donnees-data.tpsgc-pwgsc.gc.ca/ba1/perteargentbienspublic-losspublicmoneyproperty/perteargentbienspublic-losspublicmoneyproperty.csv,"Fichier de données",https://donnees-data.tpsgc-pwgsc.gc.ca/ba1/perteargentbienspublic-losspublicmoneyproperty/perteargentbienspublic-losspublicmoneyproperty.csv
2022/2023,III,2,4,,,"Losses of public property due to accidental loss, destruction or damage",https://www.tpsgc-pwgsc.gc.ca/recgen/cpc-pac/2023/vol3/s2/pfbp-lpmp-eng.html#w3s2lossT4,"Pertes de biens publics attribuables à une perte, destruction ou un dommage accidentel",https://www.tpsgc-pwgsc.gc.ca/recgen/cpc-pac/2023/vol3/s2/pfbp-lpmp-fra.html#w3s2lossT4f,"Losses of Public Money or Property as per the Public Accounts of Canada",https://open.canada.ca/data/en/dataset/024ec008-653b-4632-ade8-3d6c0c27729a,"Pertes de fonds ou de biens publics selon les Comptes publics du Canada",https://ouvert.canada.ca/data/fr/dataset/024ec008-653b-4632-ade8-3d6c0c27729a,"Data file",https://donnees-data.tpsgc-pwgsc.gc.ca/ba1/perteargentbienspublic-losspublicmoneyproperty/perteargentbienspublic-losspublicmoneyproperty.csv,"Fichier de données",https://donnees-data.tpsgc-pwgsc.gc.ca/ba1/perteargentbienspublic-losspublicmoneyproperty/perteargentbienspublic-losspublicmoneyproperty.csv
2022/2023,III,2,5,,,"Losses of public money or property—Update to cases reported in previous years' Public Accounts of Canada",https://www.tpsgc-pwgsc.gc.ca/recgen/cpc-pac/2023/vol3/s2/pfbp-lpmp-eng.html#w3s2lossT5,"Pertes de fonds ou de biens publics  —  Mise à jour des cas déclarés dans les Comptes publics du Canada des exercices antérieurs",https://www.tpsgc-pwgsc.gc.ca/recgen/cpc-pac/2023/vol3/s2/pfbp-lpmp-fra.html#w3s2lossT5f,"Losses of Public Money or Property as per the Public Accounts of Canada",https://open.canada.ca/data/en/dataset/024ec008-653b-4632-ade8-3d6c0c27729a,"Pertes de fonds ou de biens publics selon les Comptes publics du Canada",https://ouvert.canada.ca/data/fr/dataset/024ec008-653b-4632-ade8-3d6c0c27729a,"Data file",https://donnees-data.tpsgc-pwgsc.gc.ca/ba1/perteargentbienspublic-losspublicmoneyproperty/perteargentbienspublic-losspublicmoneyproperty.csv,"Fichier de données",https://donnees-data.tpsgc-pwgsc.gc.ca/ba1/perteargentbienspublic-losspublicmoneyproperty/perteargentbienspublic-losspublicmoneyproperty.csv
2022/2023,III,3,1,,,"Professional and special services",https://www.tpsgc-pwgsc.gc.ca/recgen/cpc-pac/2023/vol3/s3/index-eng.html#w3s3proft1e,"Services professionnels et spéciaux",https://www.tpsgc-pwgsc.gc.ca/recgen/cpc-pac/2023/vol3/s3/index-fra.html#w3s3proft1f,"Detailed information on Professional and Special Services, as per the Public Accounts of Canada",https://open.canada.ca/data/en/dataset/ac597ff8-ee13-48c3-b315-42e528090af2,"Information détaillée sur les Services professionnels et spéciaux, selon les Comptes publics du Canada",https://ouvert.canada.ca/data/fr/dataset/ac597ff8-ee13-48c3-b315-42e528090af2,"2023 - Professional and Special Services",https://donnees-data.tpsgc-pwgsc.gc.ca/ba1/idsps-dipss/idsps-dipss-2023.csv,"2023 - Services professionnels et spéciaux",https://donnees-data.tpsgc-pwgsc.gc.ca/ba1/idsps-dipss/idsps-dipss-2023.csv
2022/2023,III,4,1,,,"Acquisition of land, buildings and works",https://www.tpsgc-pwgsc.gc.ca/recgen/cpc-pac/2023/vol3/s4/index-eng.html#w3s4landT1e,"Acquisition de terrains, bâtiments et travaux",https://www.tpsgc-pwgsc.gc.ca/recgen/cpc-pac/2023/vol3/s4/index-fra.html#w3s4landT1f,"Detailed information on Acquisition of Land, Building and Works, as per the Public Accounts of Canada",https://open.canada.ca/data/en/dataset/8776785b-445c-42bb-bb53-c29a1bff44dd,"Information détaillée sur l’acquisition de terrains, bâtiments et travaux, selon les Comptes publics du Canada",https://ouvert.canada.ca/data/fr/dataset/8776785b-445c-42bb-bb53-c29a1bff44dd,"2023 - Acquisition of Land, Buildings and Works",https://donnees-data.tpsgc-pwgsc.gc.ca/ba1/atbt-albw/atbt-albw-2023.csv,"2023 - Acquisition de terrains, bâtiments et travaux",https://donnees-data.tpsgc-pwgsc.gc.ca/ba1/atbt-albw/atbt-albw-2023.csv
2022/2023,III,5,1,,,"Acquisition of machinery and equipment",https://www.tpsgc-pwgsc.gc.ca/recgen/cpc-pac/2023/vol3/s5/index-eng.html#w3s5machineryT1e,"Acquisition de machinerie et matériel",https://www.tpsgc-pwgsc.gc.ca/recgen/cpc-pac/2023/vol3/s5/index-fra.html#w3s5machineryT1f,"Detailed information on Acquisition of Machinery and Equipment, as per the Public Accounts of Canada",https://open.canada.ca/data/en/dataset/2667652d-0484-4e93-b67e-9aa129cf152d,"Information détaillée sur l’acquisition de matériel et d'outillage, selon les Comptes publics du Canada",https://ouvert.canada.ca/data/fr/dataset/2667652d-0484-4e93-b67e-9aa129cf152d,"2023 - Detailed information on Acquisition of Machinery and Equipment",https://donnees-data.tpsgc-pwgsc.gc.ca/ba1/amo-ame/amo-ame-2023.csv,"2023 - Information détaillée sur l’acquisition de matériel et d'outillage",https://donnees-data.tpsgc-pwgsc.gc.ca/ba1/amo-ame/amo-ame-2023.csv
2022/2023,III,6,1,,,"Transfer payments",https://www.tpsgc-pwgsc.gc.ca/recgen/cpc-pac/2023/vol3/s6/index-eng.html#w3s6transpmtT1e,"Paiements de transfert",https://www.tpsgc-pwgsc.gc.ca/recgen/cpc-pac/2023/vol3/s6/index-fra.html#w3s6transpmtT1f,"Detailed information on Transfer Payments, as per the Public Accounts of Canada",https://open.canada.ca/data/en/dataset/69bdc3eb-e919-4854-bc52-a435a3e19092,"Information détaillée sur les paiements de transfert, selon les Comptes publics du Canada",https://ouvert.canada.ca/data/fr/dataset/69bdc3eb-e919-4854-bc52-a435a3e19092,"2023 - Transfer Payments",https://donnees-data.tpsgc-pwgsc.gc.ca/ba1/pt-tp/pt-tp-2023.csv,"2023 - Paiements de transfert",https://donnees-data.tpsgc-pwgsc.gc.ca/ba1/pt-tp/pt-tp-2023.csv
2022/2023,III,7,1,,,"Public debt charges",https://www.tpsgc-pwgsc.gc.ca/recgen/cpc-pac/2023/vol3/s7/index-eng.html#w3s7pdcT1,"Frais de la dette publique",https://www.tpsgc-pwgsc.gc.ca/recgen/cpc-pac/2023/vol3/s7/index-fra.html#w3s7pdcT1f,"Public Debt Charges as per the Public Accounts",https://open.canada.ca/data/en/dataset/38be36d2-7c40-40c8-a782-783f4c56c4ce,"Frais de la dette publique selon les Comptes publics du Canada",https://ouvert.canada.ca/data/fr/dataset/38be36d2-7c40-40c8-a782-783f4c56c4ce,"Data file",https://donnees-data.tpsgc-pwgsc.gc.ca/ba1/fraisdettepublique-publicdebtcharges/fraisdettepublique-publicdebtcharges.csv,"Fichier de données",https://donnees-data.tpsgc-pwgsc.gc.ca/ba1/fraisdettepublique-publicdebtcharges/fraisdettepublique-publicdebtcharges.csv
2022/2023,III,8,1,,,"Payments of claims against the Crown",https://www.tpsgc-pwgsc.gc.ca/recgen/cpc-pac/2023/vol3/s8/prce-pcac-eng.html#w3s8claimt1e,"Paiements de réclamations contre l'État",https://www.tpsgc-pwgsc.gc.ca/recgen/cpc-pac/2023/vol3/s8/prce-pcac-fra.html#w3s8claimt1f,"Payments of Claims against the Crown as per Public Accounts of Canada",https://open.canada.ca/data/en/dataset/d7ea1810-69d6-4934-a5ad-1cfdce27d45b,"Paiements de réclamations contre l'État selon les Comptes publics du Canada",https://ouvert.canada.ca/data/fr/dataset/d7ea1810-69d6-4934-a5ad-1cfdce27d45b,"2023 - Volume 3, Section 8, Payments of Claims against the Crown",https://donnees-data.tpsgc-pwgsc.gc.ca/ba1/pocatc-pdrclsl/pocatc-pdrclsl-2023.csv,"2023 - Volume 3, Section 8, Paiements de réclamations contre l'État",https://donnees-data.tpsgc-pwgsc.gc.ca/ba1/pocatc-pdrclsl/pocatc-pdrclsl-2023.csv
2022/2023,III,8,1,,,"Ex gratia payments",https://www.tpsgc-pwgsc.gc.ca/recgen/cpc-pac/2023/vol3/s8/ptg-egp-eng.html#w3s8exgratia1e,"Paiements à titre gracieux",https://www.tpsgc-pwgsc.gc.ca/recgen/cpc-pac/2023/vol3/s8/ptg-egp-fra.html#w3s8exgratia1f,"Ex Gratia Payments as per the Public Accounts of Canada",https://open.canada.ca/data/en/dataset/87906970-eae3-4b4a-8726-d688ee6dcaba,"Paiements à titre gracieux selon les Comptes publics du Canada",https://ouvert.canada.ca/data/fr/dataset/87906970-eae3-4b4a-8726-d688ee6dcaba,"Data file",https://donnees-data.tpsgc-pwgsc.gc.ca/ba1/exgp-ptgs/exgp-ptgs.csv,"Fichier de données",https://donnees-data.tpsgc-pwgsc.gc.ca/ba1/exgp-ptgs/exgp-ptgs.csv
2022/2023,III,8,1,,,"Court awards",https://www.tpsgc-pwgsc.gc.ca/recgen/cpc-pac/2023/vol3/s8/mapuc-ca-eng.html#w3s8courtawt1e,"Montants adjugés par une cour",https://www.tpsgc-pwgsc.gc.ca/recgen/cpc-pac/2023/vol3/s8/mapuc-ca-fra.html#w3s8courtawt1f,"Court awards as per the Public Accounts of Canada",https://open.canada.ca/data/en/dataset/d02f1c50-5e0b-4aa8-8874-6960b2d1c63e,"Montants adjugés par une cour selon les Comptes publics du Canada",https://ouvert.canada.ca/data/fr/dataset/d02f1c50-5e0b-4aa8-8874-6960b2d1c63e,"Data file",https://donnees-data.tpsgc-pwgsc.gc.ca/ba1/montantadjuges-courtawards/montantadjuges-courtawards.csv,"Fichier de données",https://donnees-data.tpsgc-pwgsc.gc.ca/ba1/montantadjuges-courtawards/montantadjuges-courtawards.csv
2022/2023,III,9,"Various / Divers","Refer to Supporting Documentation","Reportez-vous à la documentation de soutien","Federal-provincial shared-cost programs",https://www.tpsgc-pwgsc.gc.ca/recgen/cpc-pac/2023/vol3/s9/index-eng.html#wb-cont,"Programmes fédéraux-provinciaux à frais partagés",https://www.tpsgc-pwgsc.gc.ca/recgen/cpc-pac/2023/vol3/s9/index-fra.html#wb-cont,"Federal-Provincial Shared-Cost Programs as per the Public Accounts of Canada",https://open.canada.ca/data/en/dataset/f198074c-9e91-419a-a5c1-c5ad3c805474,"Programmes fédéraux-provinciaux à frais partagés selon les Comptes publics du Canada",https://ouvert.canada.ca/data/fr/dataset/f198074c-9e91-419a-a5c1-c5ad3c805474,"Data file",https://donnees-data.tpsgc-pwgsc.gc.ca/ba1/programmesfraispartages-sharedcostprograms/programmesfraispartages-sharedcostprograms.csv,"Fichier de données",https://donnees-data.tpsgc-pwgsc.gc.ca/ba1/programmesfraispartages-sharedcostprograms/programmesfraispartages-sharedcostprograms.csv
2022/2023,III,10,1,,,"General information by commission",https://www.tpsgc-pwgsc.gc.ca/recgen/cpc-pac/2023/vol3/s10/commissions-eng.html#w3s10commissT1e,"Information générale par commission",https://www.tpsgc-pwgsc.gc.ca/recgen/cpc-pac/2023/vol3/s10/commissions-fra.html#w3s10commissT1f,"Commissions - General Information by Commission as per the Public Accounts of Canada",https://open.canada.ca/data/en/dataset/202331df-5e12-4666-a694-abc830649b02,"Commissions - Information générale par commission selon les Comptes publics du Canada",https://ouvert.canada.ca/data/fr/dataset/202331df-5e12-4666-a694-abc830649b02,"Data file",https://donnees-data.tpsgc-pwgsc.gc.ca/ba1/commission/commission.csv,"Fichier de données",https://donnees-data.tpsgc-pwgsc.gc.ca/ba1/commission/commission.csv
2022/2023,III,10,1,,,"Travel and living costs by commission",https://www.tpsgc-pwgsc.gc.ca/recgen/cpc-pac/2023/vol3/s10/fdsc-tlec-eng.html#w3s10commissT2e,"Frais de déplacement et de séjour par commission",https://www.tpsgc-pwgsc.gc.ca/recgen/cpc-pac/2023/vol3/s10/fdsc-tlec-fra.html#w3s10commissT2f,"Commissions - Details of Travel and Living Expenses as per the Public Accounts of Canada",https://open.canada.ca/data/en/dataset/f768e7db-5b5f-490c-9948-3b151e5734cf,"Commissions - Frais de déplacement et de séjour par commission selon les Comptes publics du Canada",https://ouvert.canada.ca/data/fr/dataset/f768e7db-5b5f-490c-9948-3b151e5734cf,"Data file",https://donnees-data.tpsgc-pwgsc.gc.ca/ba1/deplacement-travel/deplacement-travel.csv,"Fichier de données",https://donnees-data.tpsgc-pwgsc.gc.ca/ba1/deplacement-travel/deplacement-travel.csv
2022/2023,III,10,1,,,"Education costs",https://www.tpsgc-pwgsc.gc.ca/recgen/cpc-pac/2023/vol3/s10/fe-ec-eng.html#w3s10educT1e,"Frais d'études",https://www.tpsgc-pwgsc.gc.ca/recgen/cpc-pac/2023/vol3/s10/fe-ec-fra.html#w3s10educT1f,"Education Costs as per the Public Accounts of Canada",https://open.canada.ca/data/en/dataset/f2f51625-148b-40b7-8a4c-140c285e4d70,"Frais d'études selon les Comptes publics du Canada",https://ouvert.canada.ca/data/fr/dataset/f2f51625-148b-40b7-8a4c-140c285e4d70,"Data file",https://donnees-data.tpsgc-pwgsc.gc.ca/ba1/etudes-education/etudes-education.csv,"Fichier de données",https://donnees-data.tpsgc-pwgsc.gc.ca/ba1/etudes-education/etudes-education.csv
2022/2023,III,10,1,,,"Return on investments",https://www.tpsgc-pwgsc.gc.ca/recgen/cpc-pac/2023/vol3/s10/rdp-roi-eng.html#w3s10roiT1e,"Revenus de placements",https://www.tpsgc-pwgsc.gc.ca/recgen/cpc-pac/2023/vol3/s10/rdp-roi-fra.html#w3s10roiT1f,"Return on Investments as per the Public Accounts of Canada",https://open.canada.ca/data/en/dataset/9da36050-9a09-476f-ac85-3d580a328443,"Revenus de placements selon les Comptes publics du Canada",https://ouvert.canada.ca/data/fr/dataset/9da36050-9a09-476f-ac85-3d580a328443,"Data file",https://donnees-data.tpsgc-pwgsc.gc.ca/ba1/revenusplace-returninvest/revenusplace-returninvest.csv,"Fichier de données",https://donnees-data.tpsgc-pwgsc.gc.ca/ba1/revenusplace-returninvest/revenusplace-returninvest.csv
2022/2023,III,10,1,,,"Expenditures of ministers' offices",https://www.tpsgc-pwgsc.gc.ca/recgen/cpc-pac/2023/vol3/s10/dcm-emo-eng.html#w3s10expendT1e,"Dépenses des cabinets des ministres",https://www.tpsgc-pwgsc.gc.ca/recgen/cpc-pac/2023/vol3/s10/dcm-emo-fra.html#w3s10expendT1f,"Ministers’ offices expenses",https://open.canada.ca/data/en/dataset/508edfe7-0cba-4d76-afe8-d19e42e9df8a,"Dépenses des bureaux des ministres",https://ouvert.canada.ca/data/fr/dataset/508edfe7-0cba-4d76-afe8-d19e42e9df8a,"Data file 2022 - 2023",https://donnees-data.tpsgc-pwgsc.gc.ca/ba1/depensesbureauminstre-ministerofficeexpenses/depensesbureauminstre-ministerofficeexpenses-2022-2023.csv,"Fichier de données 2022 - 2023",https://donnees-data.tpsgc-pwgsc.gc.ca/ba1/depensesbureauminstre-ministerofficeexpenses/depensesbureauminstre-ministerofficeexpenses-2022-2023.csv
2022/2023,III,10,1,,,"Travel expenditures of ministers and parliamentary secretaries",https://www.tpsgc-pwgsc.gc.ca/recgen/cpc-pac/2023/vol3/s10/fdmsp-temps-eng.html#w3s10travelT1e,"Frais de déplacement des ministres et secrétaires parlementaires",https://www.tpsgc-pwgsc.gc.ca/recgen/cpc-pac/2023/vol3/s10/fdmsp-temps-fra.html#w3s10travelT1f,"Travel expenditures of ministers and parliamentary secretaries as per the Public Accounts of Canada",https://open.canada.ca/data/en/dataset/b7447260-62b5-493b-a9d9-285edd3587c2,"Frais de déplacement des ministres et secrétaires parlementaires selon les Comptes publics du Canada",https://ouvert.canada.ca/data/fr/dataset/b7447260-62b5-493b-a9d9-285edd3587c2,"Data file",https://donnees-data.tpsgc-pwgsc.gc.ca/ba1/fraisdeplacminparlemen-travelexpenminparlimen/fraisdeplacminparlemen-travelexpenminparlimen.csv,"Fichier de données",https://donnees-data.tpsgc-pwgsc.gc.ca/ba1/fraisdeplacminparlemen-travelexpenminparlimen/fraisdeplacminparlemen-travelexpenminparlimen.csv
2022/2023,III,10,1,,,"International travel expenditures of ministers, parliamentary secretaries and ministers' staff",https://www.tpsgc-pwgsc.gc.ca/recgen/cpc-pac/2023/vol3/s10/ddimsppm-itempsms-eng.html#w3s10internt1e,"Dépenses de déplacements internationaux des ministres, des secrétaires parlementaires et du personnel des ministres",https://www.tpsgc-pwgsc.gc.ca/recgen/cpc-pac/2023/vol3/s10/ddimsppm-itempsms-fra.html#w3s10internt1f,"International travel expenditures of ministers, parliamentary secretaries, and ministers' staff as per the Public Accounts of Canada",https://open.canada.ca/data/en/dataset/1fb0df6c-3666-4d87-8b7b-b1d9bd21a3ba,"Dépenses de déplacements internationaux des ministres, des secrétaires parlementaires selon les Comptes publics du Canada",https://ouvert.canada.ca/data/fr/dataset/1fb0df6c-3666-4d87-8b7b-b1d9bd21a3ba,"Data file",https://donnees-data.tpsgc-pwgsc.gc.ca/ba1/deplaceinternation-internationaltravel/deplaceinternation-internationaltravel.csv,"Fichier de données",https://donnees-data.tpsgc-pwgsc.gc.ca/ba1/deplaceinternation-internationaltravel/deplaceinternation-internationaltravel.csv
2022/2023,III,"N/A | s.o.","N/A | s.o.","Does not apply to a specific table","Ne s'applique pas à un tableau spécifique","N/A - Does not apply to a specific table","N/A - Does not apply to a specific table","s.o. - Ne s'applique pas à un tableau spécifique","s.o. - Ne s'applique pas à un tableau spécifique","The Public Accounts of Canada posted on the web",https://open.canada.ca/data/en/dataset/256ea1e0-fe32-4808-a95d-619d54f4466e,"Les comptes publics du Canada affichés sur le Web",https://ouvert.canada.ca/data/fr/dataset/256ea1e0-fe32-4808-a95d-619d54f4466e,"Data file",https://donnees-data.tpsgc-pwgsc.gc.ca/ba1/cpcweb-pacweb/cpcweb-pacweb.csv,"Ficher de données",https://donnees-data.tpsgc-pwgsc.gc.ca/ba1/cpcweb-pacweb/cpcweb-pacweb.csv
2023/2024,I,1,1.1,,,"Consolidated Statement of Operations and Accumulated Operating Deficit—detailed",https://www.tpsgc-pwgsc.gc.ca/recgen/cpc-pac/2024/vol1/s1/cdeif-tycfi-eng.html#t1.1,"État consolidé des résultats et du déficit accumulé lié aux activités –  détaillé",https://www.tpsgc-pwgsc.gc.ca/recgen/cpc-pac/2024/vol1/s1/cdeif-tycfi-fra.html#t1.1,"Ten Year Comparative Financial Information as per the Public Accounts of Canada",https://open.canada.ca/data/en/dataset/a679f1eb-2038-455d-8312-d6e111ff79ff,"Comparaison sur dix exercices d’informations financières selon les Comptes publics du Canada",https://ouvert.canada.ca/data/fr/dataset/a679f1eb-2038-455d-8312-d6e111ff79ff,"2015-2024 - Volume 1, Ten Year Comparative Financial Information",https://donnees-data.tpsgc-pwgsc.gc.ca/ba1/cdeif-tycfi/cdeif-tycfi-2024.csv,"2015-2024 - Volume 1, Comparaison sur dix exercices d'informations financières",https://donnees-data.tpsgc-pwgsc.gc.ca/ba1/cdeif-tycfi/cdeif-tycfi-2024.csv
2023/2024,I,1,1.2,,,"Consolidated Statement of Financial Position—detailed",https://www.tpsgc-pwgsc.gc.ca/recgen/cpc-pac/2024/vol1/s1/cdeif-tycfi-eng.html#t1.2,"État consolidé de la situation financière  –  détaillé",https://www.tpsgc-pwgsc.gc.ca/recgen/cpc-pac/2024/vol1/s1/cdeif-tycfi-fra.html#t1.2,"Ten Year Comparative Financial Information as per the Public Accounts of Canada",https://open.canada.ca/data/en/dataset/a679f1eb-2038-455d-8312-d6e111ff79ff,"Comparaison sur dix exercices d’informations financières selon les Comptes publics du Canada",https://ouvert.canada.ca/data/fr/dataset/a679f1eb-2038-455d-8312-d6e111ff79ff,"2015-2024 - Volume 1, Ten Year Comparative Financial Information",https://donnees-data.tpsgc-pwgsc.gc.ca/ba1/cdeif-tycfi/cdeif-tycfi-2024.csv,"2015-2024 - Volume 1, Comparaison sur dix exercices d'informations financières",https://donnees-data.tpsgc-pwgsc.gc.ca/ba1/cdeif-tycfi/cdeif-tycfi-2024.csv
2023/2024,I,1,1.3,,,"Consolidated Statement of Change in Net Debt—detailed",https://www.tpsgc-pwgsc.gc.ca/recgen/cpc-pac/2024/vol1/s1/cdeif-tycfi-eng.html#t1.3,"État consolidé de la variation de la dette nette  –  détaillé",https://www.tpsgc-pwgsc.gc.ca/recgen/cpc-pac/2024/vol1/s1/cdeif-tycfi-fra.html#t1.3,"Ten Year Comparative Financial Information as per the Public Accounts of Canada",https://open.canada.ca/data/en/dataset/a679f1eb-2038-455d-8312-d6e111ff79ff,"Comparaison sur dix exercices d’informations financières selon les Comptes publics du Canada",https://ouvert.canada.ca/data/fr/dataset/a679f1eb-2038-455d-8312-d6e111ff79ff,"2015-2024 - Volume 1, Ten Year Comparative Financial Information",https://donnees-data.tpsgc-pwgsc.gc.ca/ba1/cdeif-tycfi/cdeif-tycfi-2024.csv,"2015-2024 - Volume 1, Comparaison sur dix exercices d'informations financières",https://donnees-data.tpsgc-pwgsc.gc.ca/ba1/cdeif-tycfi/cdeif-tycfi-2024.csv
2023/2024,I,1,1.4,,,"Consolidated Statement of Cash Flow—detailed",https://www.tpsgc-pwgsc.gc.ca/recgen/cpc-pac/2024/vol1/s1/cdeif-tycfi-eng.html#t1.4,"État consolidé des flux de trésorerie  –  détaillé",https://www.tpsgc-pwgsc.gc.ca/recgen/cpc-pac/2024/vol1/s1/cdeif-tycfi-fra.html#t1.4,"Ten Year Comparative Financial Information as per the Public Accounts of Canada",https://open.canada.ca/data/en/dataset/a679f1eb-2038-455d-8312-d6e111ff79ff,"Comparaison sur dix exercices d’informations financières selon les Comptes publics du Canada",https://ouvert.canada.ca/data/fr/dataset/a679f1eb-2038-455d-8312-d6e111ff79ff,"2015-2024 - Volume 1, Ten Year Comparative Financial Information",https://donnees-data.tpsgc-pwgsc.gc.ca/ba1/cdeif-tycfi/cdeif-tycfi-2024.csv,"2015-2024 - Volume 1, Comparaison sur dix exercices d'informations financières",https://donnees-data.tpsgc-pwgsc.gc.ca/ba1/cdeif-tycfi/cdeif-tycfi-2024.csv
2023/2024,I,1,1.5,,,"Consolidated Statement of Non-Budgetary Transactions and of Non‑Financial Assets—detailed",https://www.tpsgc-pwgsc.gc.ca/recgen/cpc-pac/2024/vol1/s1/cdeif-tycfi-eng.html#t1.5,"État consolidé des opérations non budgétaires et des actifs non financiers  –  détaillé",https://www.tpsgc-pwgsc.gc.ca/recgen/cpc-pac/2024/vol1/s1/cdeif-tycfi-fra.html#t1.5,"Ten Year Comparative Financial Information as per the Public Accounts of Canada",https://open.canada.ca/data/en/dataset/a679f1eb-2038-455d-8312-d6e111ff79ff,"Comparaison sur dix exercices d’informations financières selon les Comptes publics du Canada",https://ouvert.canada.ca/data/fr/dataset/a679f1eb-2038-455d-8312-d6e111ff79ff,"2015-2024 - Volume 1, Ten Year Comparative Financial Information",https://donnees-data.tpsgc-pwgsc.gc.ca/ba1/cdeif-tycfi/cdeif-tycfi-2024.csv,"2015-2024 - Volume 1, Comparaison sur dix exercices d'informations financières",https://donnees-data.tpsgc-pwgsc.gc.ca/ba1/cdeif-tycfi/cdeif-tycfi-2024.csv
2023/2024,I,1,1.6,,,"Consolidated Statement of Foreign Exchange, Unmatured Debt and Cash Transactions—detailed",https://www.tpsgc-pwgsc.gc.ca/recgen/cpc-pac/2024/vol1/s1/cdeif-tycfi-eng.html#t1.6,"État consolidé des opérations de change, de la dette non échue et des opérations en espèces  –  détaillé",https://www.tpsgc-pwgsc.gc.ca/recgen/cpc-pac/2024/vol1/s1/cdeif-tycfi-fra.html#t1.6,"Ten Year Comparative Financial Information as per the Public Accounts of Canada",https://open.canada.ca/data/en/dataset/a679f1eb-2038-455d-8312-d6e111ff79ff,"Comparaison sur dix exercices d’informations financières selon les Comptes publics du Canada",https://ouvert.canada.ca/data/fr/dataset/a679f1eb-2038-455d-8312-d6e111ff79ff,"2015-2024 - Volume 1, Ten Year Comparative Financial Information",https://donnees-data.tpsgc-pwgsc.gc.ca/ba1/cdeif-tycfi/cdeif-tycfi-2024.csv,"2015-2024 - Volume 1, Comparaison sur dix exercices d'informations financières",https://donnees-data.tpsgc-pwgsc.gc.ca/ba1/cdeif-tycfi/cdeif-tycfi-2024.csv
2023/2024,I,3,3.1,,,"Revenues, expenses and accumulated operating deficit",https://www.tpsgc-pwgsc.gc.ca/recgen/cpc-pac/2024/vol1/s3/index-eng.html#t3.1,"Revenus, charges et déficit accumulé lié aux activités",https://www.tpsgc-pwgsc.gc.ca/recgen/cpc-pac/2024/vol1/s3/index-fra.html#t3.1,"Revenues, expenses and accumulated deficit, as per the Public Accounts of Canada",https://open.canada.ca/data/en/dataset/2599fe61-0e6e-40b9-958a-f56dd7f1fa09,"Revenus, charges et déficit accumulé, selon les Comptes publics du Canada",https://ouvert.canada.ca/data/fr/dataset/2599fe61-0e6e-40b9-958a-f56dd7f1fa09,"2023-2024 data file",https://donnees-data.tpsgc-pwgsc.gc.ca/ba1/revenuesdeficit/revenuesdeficit-2024.csv,"2023-2024 fichier de données",https://donnees-data.tpsgc-pwgsc.gc.ca/ba1/revenuesdeficit/revenuesdeficit-2024.csv
2023/2024,I,3,3.2,,,"Tax revenues",https://www.tpsgc-pwgsc.gc.ca/recgen/cpc-pac/2024/vol1/s3/rvnu-eng.html#t3.2,"Revenus fiscaux",https://www.tpsgc-pwgsc.gc.ca/recgen/cpc-pac/2024/vol1/s3/rvnu-fra.html#t3.2,"Revenues, expenses and accumulated deficit, as per the Public Accounts of Canada",https://open.canada.ca/data/en/dataset/2599fe61-0e6e-40b9-958a-f56dd7f1fa09,"Revenus, charges et déficit accumulé, selon les Comptes publics du Canada",https://ouvert.canada.ca/data/fr/dataset/2599fe61-0e6e-40b9-958a-f56dd7f1fa09,"2023-2024 data file",https://donnees-data.tpsgc-pwgsc.gc.ca/ba1/revenuesdeficit/revenuesdeficit-2024.csv,"2023-2024 fichier de données",https://donnees-data.tpsgc-pwgsc.gc.ca/ba1/revenuesdeficit/revenuesdeficit-2024.csv
2023/2024,I,3,3.3,,,"Goods and services tax",https://www.tpsgc-pwgsc.gc.ca/recgen/cpc-pac/2024/vol1/s3/rvnu-eng.html#t3.3,"Taxe sur les produits et services",https://www.tpsgc-pwgsc.gc.ca/recgen/cpc-pac/2024/vol1/s3/rvnu-fra.html#t3.3,"Revenues, expenses and accumulated deficit, as per the Public Accounts of Canada",https://open.canada.ca/data/en/dataset/2599fe61-0e6e-40b9-958a-f56dd7f1fa09,"Revenus, charges et déficit accumulé, selon les Comptes publics du Canada",https://ouvert.canada.ca/data/fr/dataset/2599fe61-0e6e-40b9-958a-f56dd7f1fa09,"2023-2024 data file",https://donnees-data.tpsgc-pwgsc.gc.ca/ba1/revenuesdeficit/revenuesdeficit-2024.csv,"2023-2024 fichier de données",https://donnees-data.tpsgc-pwgsc.gc.ca/ba1/revenuesdeficit/revenuesdeficit-2024.csv
2023/2024,I,3,3.4,,,"Other revenues",https://www.tpsgc-pwgsc.gc.ca/recgen/cpc-pac/2024/vol1/s3/rvnu-eng.html#t3.4,"Autres revenus",https://www.tpsgc-pwgsc.gc.ca/recgen/cpc-pac/2024/vol1/s3/rvnu-fra.html#t3.4,"Revenues, expenses and accumulated deficit, as per the Public Accounts of Canada",https://open.canada.ca/data/en/dataset/2599fe61-0e6e-40b9-958a-f56dd7f1fa09,"Revenus, charges et déficit accumulé, selon les Comptes publics du Canada",https://ouvert.canada.ca/data/fr/dataset/2599fe61-0e6e-40b9-958a-f56dd7f1fa09,"2023-2024 data file",https://donnees-data.tpsgc-pwgsc.gc.ca/ba1/revenuesdeficit/revenuesdeficit-2024.csv,"2023-2024 fichier de données",https://donnees-data.tpsgc-pwgsc.gc.ca/ba1/revenuesdeficit/revenuesdeficit-2024.csv
2023/2024,I,3,3.5,,,"Return on investments",https://www.tpsgc-pwgsc.gc.ca/recgen/cpc-pac/2024/vol1/s3/rvnu-eng.html#t3.5,"Revenus de placements",https://www.tpsgc-pwgsc.gc.ca/recgen/cpc-pac/2024/vol1/s3/rvnu-fra.html#t3.5,"Revenues, expenses and accumulated deficit, as per the Public Accounts of Canada",https://open.canada.ca/data/en/dataset/2599fe61-0e6e-40b9-958a-f56dd7f1fa09,"Revenus, charges et déficit accumulé, selon les Comptes publics du Canada",https://ouvert.canada.ca/data/fr/dataset/2599fe61-0e6e-40b9-958a-f56dd7f1fa09,"2023-2024 data file",https://donnees-data.tpsgc-pwgsc.gc.ca/ba1/revenuesdeficit/revenuesdeficit-2024.csv,"2023-2024 fichier de données",https://donnees-data.tpsgc-pwgsc.gc.ca/ba1/revenuesdeficit/revenuesdeficit-2024.csv
2023/2024,I,3,3.6,,,"External expenses by segment and by type",https://www.tpsgc-pwgsc.gc.ca/recgen/cpc-pac/2024/vol1/s3/charges-expenses-eng.html#t3.6,"Charges externes par secteur et par type",https://www.tpsgc-pwgsc.gc.ca/recgen/cpc-pac/2024/vol1/s3/charges-expenses-fra.html#t3.6,"External Expenses by Segment and by Type as per the Public Accounts of Canada",https://open.canada.ca/data/en/dataset/353333bd-3b26-4b05-8088-ca883188b80c,"Charges externes par secteur et par type selon les Comptes publics du Canada",https://ouvert.canada.ca/data/fr/dataset/353333bd-3b26-4b05-8088-ca883188b80c,"2024 - External Expenses by Segment and by Type",https://donnees-data.tpsgc-pwgsc.gc.ca/ba1/cest-eest/cest-eest-2024.csv,"2024 - Charges externes par secteur et par type",https://donnees-data.tpsgc-pwgsc.gc.ca/ba1/cest-eest/cest-eest-2024.csv
2023/2024,I,3,3.7,,,"Major transfer payments by province and territory",https://www.tpsgc-pwgsc.gc.ca/recgen/cpc-pac/2024/vol1/s3/charges-expenses-eng.html#t3.7,"Principaux paiements de transfert par province et territoire",https://www.tpsgc-pwgsc.gc.ca/recgen/cpc-pac/2024/vol1/s3/charges-expenses-fra.html#t3.7,"Major Transfer Payments by Province and Territory as per the Public Accounts of Canada",https://open.canada.ca/data/en/dataset/fcf3e4d7-054c-4165-ac34-b8809b2ae0cd,"Principaux paiements de transfert par province et territoire selon les Comptes publics du Canada",https://ouvert.canada.ca/data/fr/dataset/fcf3e4d7-054c-4165-ac34-b8809b2ae0cd,"2024 - Major Transfer Payments by Province and Territory",https://donnees-data.tpsgc-pwgsc.gc.ca/ba1/ppt-mtp/ppt-mtp-2024.csv,"2024 - Principaux paiements de transfert par province et territoire",https://donnees-data.tpsgc-pwgsc.gc.ca/ba1/ppt-mtp/ppt-mtp-2024.csv
2023/2024,I,3,3.8,,,"Public debt charges",https://www.tpsgc-pwgsc.gc.ca/recgen/cpc-pac/2024/vol1/s3/charges-expenses-eng.html#t3.8,"Frais de la dette publique",https://www.tpsgc-pwgsc.gc.ca/recgen/cpc-pac/2024/vol1/s3/charges-expenses-fra.html#t3.8,"Revenues, expenses and accumulated deficit, as per the Public Accounts of Canada",https://open.canada.ca/data/en/dataset/2599fe61-0e6e-40b9-958a-f56dd7f1fa09,"Revenus, charges et déficit accumulé, selon les Comptes publics du Canada",https://ouvert.canada.ca/data/fr/dataset/2599fe61-0e6e-40b9-958a-f56dd7f1fa09,"2023-2024 data file",https://donnees-data.tpsgc-pwgsc.gc.ca/ba1/revenuesdeficit/revenuesdeficit-2024.csv,"2023-2024 fichier de données",https://donnees-data.tpsgc-pwgsc.gc.ca/ba1/revenuesdeficit/revenuesdeficit-2024.csv
2023/2024,I,3,3.9,,,"Total expenses by object",https://www.tpsgc-pwgsc.gc.ca/recgen/cpc-pac/2024/vol1/s3/charges-expenses-eng.html#t3.9,"Charges totales par article",https://www.tpsgc-pwgsc.gc.ca/recgen/cpc-pac/2024/vol1/s3/charges-expenses-fra.html#t3.9,"Reconciliation of External Expenditures by Standard Object to Expenses as per the Public Accounts of Canada",https://open.canada.ca/data/en/dataset/fd5f8b66-649d-42e8-8d86-7f09928f5f19,"Rapprochement des dépenses externes par article courant avec les charges selon les Comptes publics du Canada",https://ouvert.canada.ca/data/fr/dataset/fd5f8b66-649d-42e8-8d86-7f09928f5f19,"2024 - Reconciliation of External Expenditures to Expenses",https://donnees-data.tpsgc-pwgsc.gc.ca/ba1/reesoe-rdeacc/reesoe-rdeacc-2024.csv,"2024 - Rapprochement des dépenses externes avec les charges",https://donnees-data.tpsgc-pwgsc.gc.ca/ba1/reesoe-rdeacc/reesoe-rdeacc-2024.csv
2023/2024,I,3,3.10,,,"Expenditures under statutory authorities",https://www.tpsgc-pwgsc.gc.ca/recgen/cpc-pac/2024/vol1/s3/charges-expenses-eng.html#t3.10,"Dépenses en vertu d'autorisations législatives",https://www.tpsgc-pwgsc.gc.ca/recgen/cpc-pac/2024/vol1/s3/charges-expenses-fra.html#t3.10,"Expenditures under statutory authorities, as per the Public Accounts of Canada",https://open.canada.ca/data/en/dataset/81e5f22d-d969-411d-bb6b-d716a4c0aad1,"Dépenses en vertu des autorisations législatives, selon les Comptes publics du Canada",https://ouvert.canada.ca/data/fr/dataset/81e5f22d-d969-411d-bb6b-d716a4c0aad1,"2023-2024 data file",https://donnees-data.tpsgc-pwgsc.gc.ca/ba1/depleg-expstat/depleg-expstat-2023-2024.csv,"2023-2024 fichier de données",https://donnees-data.tpsgc-pwgsc.gc.ca/ba1/depleg-expstat/depleg-expstat-2023-2024.csv
2023/2024,I,4,4.1,,,"Financial position of consolidated Crown corporations and other entities",https://www.tpsgc-pwgsc.gc.ca/recgen/cpc-pac/2024/vol1/s4/seaec-cccoe-eng.html#t4.1,"Situation financière des sociétés d'État et autres entités consolidées",https://www.tpsgc-pwgsc.gc.ca/recgen/cpc-pac/2024/vol1/s4/seaec-cccoe-fra.html#t4.1,"Financial Position of Consolidated Crown Corporations and Other Entities as per the Public Accounts of Canada",https://open.canada.ca/data/en/dataset/7d619a41-3f53-4e3e-852d-0ffca2fccbe0,"Situation financière des sociétés d'État et autres entités consolidées selon les Comptes publics du Canada",https://ouvert.canada.ca/data/fr/dataset/7d619a41-3f53-4e3e-852d-0ffca2fccbe0,"2006-2025 - data file",https://donnees-data.tpsgc-pwgsc.gc.ca/ba1/fpccc-scfda/fpccc-scfda.csv,"2006-2025 - fichier de données",https://donnees-data.tpsgc-pwgsc.gc.ca/ba1/fpccc-scfda/fpccc-scfda.csv
2023/2024,I,4,4.2,,,"Revenues, expenses and other changes in equity of consolidated Crown corporations and other entities for the year",https://www.tpsgc-pwgsc.gc.ca/recgen/cpc-pac/2024/vol1/s4/seaec-cccoe-eng.html#t4.2,"Revenus, charges et autres variations de l'avoir des sociétés d'État et autres entités consolidées pour l'exercice",https://www.tpsgc-pwgsc.gc.ca/recgen/cpc-pac/2024/vol1/s4/seaec-cccoe-fra.html#t4.2,"Revenues, Expenses and Other Changes in Equity of Consolidated Crown Corporations and Other Entities as per the Public Accounts of Canada",https://open.canada.ca/data/en/dataset/920b1c08-eb7f-4be0-bfdb-5a204ba6381d,"Revenus, charges et autres variations de l'avoir des sociétés d'État et autres entités consolidées selon les Comptes publics du Canada",https://ouvert.canada.ca/data/fr/dataset/920b1c08-eb7f-4be0-bfdb-5a204ba6381d,"2006-2025 - data file",https://donnees-data.tpsgc-pwgsc.gc.ca/ba1/receccc-rcvdsae/receccc-rcvdsae.csv,"2006-2025 - fichier de données",https://donnees-data.tpsgc-pwgsc.gc.ca/ba1/receccc-rcvdsae/receccc-rcvdsae.csv
2023/2024,I,4,4.3,,,"Borrowings by consolidated agent Crown corporations",https://www.tpsgc-pwgsc.gc.ca/recgen/cpc-pac/2024/vol1/s4/seaec-cccoe-eng.html#t4.3,"Emprunts effectués par les sociétés d'État mandataires consolidées",https://www.tpsgc-pwgsc.gc.ca/recgen/cpc-pac/2024/vol1/s4/seaec-cccoe-fra.html#t4.3,"Borrowings by consolidated agent Crown corporations and enterprise Crown corporations and other government business enterprises (GBEs), as per the Public Accounts of Canada",https://open.canada.ca/data/en/dataset/a55ef5d6-312b-44a5-970e-c4a4749e474c,"Emprunts effectués par les sociétés d'État mandataires consolidées et les sociétés d’État entreprises et autres entreprises publiques, selon les Comptes publics du Canada",https://ouvert.canada.ca/data/fr/dataset/a55ef5d6-312b-44a5-970e-c4a4749e474c,"2007-2025 - data file",https://donnees-data.tpsgc-pwgsc.gc.ca/ba1/emcm-bcac/emcm-bcac.csv,"2007-2025 - fichier de données",https://donnees-data.tpsgc-pwgsc.gc.ca/ba1/emcm-bcac/emcm-bcac.csv
2023/2024,I,4,4.4,,,"Contingent liabilities of consolidated Crown corporations and other entities",https://www.tpsgc-pwgsc.gc.ca/recgen/cpc-pac/2024/vol1/s4/seaec-cccoe-eng.html#t4.4,"Passifs éventuels des sociétés d'État et autres entités consolidées",https://www.tpsgc-pwgsc.gc.ca/recgen/cpc-pac/2024/vol1/s4/seaec-cccoe-fra.html#t4.4,"Contingent liabilities of consolidated Crown corporations and other entities and enterprise Crown corporations and other government business enterprises (GBEs), as per the Public Accounts of Canada",https://open.canada.ca/data/en/dataset/176259fb-0ecd-4c0f-a068-1905442f2ad8,"Passif éventuel des sociétés d'État et autres entités consolidées et des sociétés d’État entreprises et autres entreprises publiques, selon les Comptes publics du Canada",https://ouvert.canada.ca/data/fr/dataset/176259fb-0ecd-4c0f-a068-1905442f2ad8,"2018-2025 - data file",https://donnees-data.tpsgc-pwgsc.gc.ca/ba1/pesae-clcce/pesae-clcce.csv,"2018-2025 - fichier de données",https://donnees-data.tpsgc-pwgsc.gc.ca/ba1/pesae-clcce/pesae-clcce.csv
2023/2024,I,4,4.5,,,"Financial assistance under budgetary appropriations to consolidated Crown corporations for the year",https://www.tpsgc-pwgsc.gc.ca/recgen/cpc-pac/2024/vol1/s4/seaec-cccoe-eng.html#t4.5,"Aide financière aux sociétés d'État consolidées provenant de crédits budgétaires pour l'exercice",https://www.tpsgc-pwgsc.gc.ca/recgen/cpc-pac/2024/vol1/s4/seaec-cccoe-fra.html#t4.5,"Financial assistance under budgetary appropriations to consolidated Crown corporations, enterprise Crown corporations and other government business enterprises (GBEs), as per the Public Accounts of Canada",https://open.canada.ca/data/en/dataset/5e6d0313-b81e-4c8b-a0d5-360e4411b77a,"Aide financière aux sociétés d'État consolidées provenant de crédits budgétaires, aux sociétés d’État entreprises et autres entreprises publiques, selon les Comptes publics du Canada",https://ouvert.canada.ca/data/fr/dataset/5e6d0313-b81e-4c8b-a0d5-360e4411b77a,"2007-2025 - data file",https://donnees-data.tpsgc-pwgsc.gc.ca/ba1/afscpcb-fabacc/afscpcb-fabacc.csv,"2007-2025 - fichier de données",https://donnees-data.tpsgc-pwgsc.gc.ca/ba1/afscpcb-fabacc/afscpcb-fabacc.csv
2023/2024,I,4,4.6,,,"Consolidated specified purpose accounts",https://www.tpsgc-pwgsc.gc.ca/recgen/cpc-pac/2024/vol1/s4/cfdc-cspa-eng.html#t4.6,"Comptes à fins déterminées consolidés",https://www.tpsgc-pwgsc.gc.ca/recgen/cpc-pac/2024/vol1/s4/cfdc-cspa-fra.html#t4.6,"Consolidated specified purpose accounts as per the Public Accounts of Canada",https://open.canada.ca/data/en/dataset/494ed9a0-4ef5-4002-8e4f-c77ec1a88697,"Comptes à fins déterminées consolidés selon les Comptes publics du Canada",https://ouvert.canada.ca/data/fr/dataset/494ed9a0-4ef5-4002-8e4f-c77ec1a88697,"2007-2025 - data file",https://donnees-data.tpsgc-pwgsc.gc.ca/ba1/cfdc-cspa/cfdc-cspa.csv,"2007-2025 - fichier de données",https://donnees-data.tpsgc-pwgsc.gc.ca/ba1/cfdc-cspa/cfdc-cspa.csv
2023/2024,I,4,4.7,,,"Transactions in the Employment Insurance Operating Account",https://www.tpsgc-pwgsc.gc.ca/recgen/cpc-pac/2024/vol1/s4/cfdc-cspa-eng.html#t4.7,"Opérations du Compte des opérations de l'assurance-emploi",https://www.tpsgc-pwgsc.gc.ca/recgen/cpc-pac/2024/vol1/s4/cfdc-cspa-fra.html#t4.7,"Transactions in the Employment Insurance Operating Account as per the Public Accounts of Canada",https://open.canada.ca/data/en/dataset/a0b27ff0-0f23-489e-840a-90464ba92e3a,"Opérations du Compte des opérations de l’assurance-emploi selon les Comptes publics du Canada",https://ouvert.canada.ca/data/fr/dataset/a0b27ff0-0f23-489e-840a-90464ba92e3a,"2007-2025 - data file",https://donnees-data.tpsgc-pwgsc.gc.ca/ba1/ocoae-teioa/ocoae-teioa.csv,"2007-2025 - fichier de données",https://donnees-data.tpsgc-pwgsc.gc.ca/ba1/ocoae-teioa/ocoae-teioa.csv
2023/2024,I,5,5.1,,,"Accounts payable and accrued liabilities",https://www.tpsgc-pwgsc.gc.ca/recgen/cpc-pac/2024/vol1/s5/index-eng.html#t5.1,"Créditeurs et charges à payer",https://www.tpsgc-pwgsc.gc.ca/recgen/cpc-pac/2024/vol1/s5/index-fra.html#t5.1,"Accounts Payable and Accrued Liabilities as per the Public Accounts of Canada",https://open.canada.ca/data/en/dataset/f9ef820c-6956-4b58-a6af-d3774c1b03e5,"Créditeurs et charges à payer selon les Comptes publics du Canada",https://ouvert.canada.ca/data/fr/dataset/f9ef820c-6956-4b58-a6af-d3774c1b03e5,"Summary - Accounts payable and accrued liabilities",https://donnees-data.tpsgc-pwgsc.gc.ca/ba1/creditchargepaye-acctpayableaccrued/ccp-apal.csv,"Résumé - Créditeurs et charges à payer",https://donnees-data.tpsgc-pwgsc.gc.ca/ba1/creditchargepaye-acctpayableaccrued/ccp-apal.csv
2023/2024,I,5,5.2,,,"Other accounts payable and accrued liabilities",https://www.tpsgc-pwgsc.gc.ca/recgen/cpc-pac/2024/vol1/s5/accp-oapal-eng.html#t5.2,"Autres créditeurs et charges à payer",https://www.tpsgc-pwgsc.gc.ca/recgen/cpc-pac/2024/vol1/s5/accp-oapal-fra.html#t5.2,"Accounts Payable and Accrued Liabilities as per the Public Accounts of Canada",https://open.canada.ca/data/en/dataset/f9ef820c-6956-4b58-a6af-d3774c1b03e5,"Créditeurs et charges à payer selon les Comptes publics du Canada",https://ouvert.canada.ca/data/fr/dataset/f9ef820c-6956-4b58-a6af-d3774c1b03e5,"Summary - Accounts payable and accrued liabilities",https://donnees-data.tpsgc-pwgsc.gc.ca/ba1/creditchargepaye-acctpayableaccrued/ccp-apal.csv,"Résumé - Créditeurs et charges à payer",https://donnees-data.tpsgc-pwgsc.gc.ca/ba1/creditchargepaye-acctpayableaccrued/ccp-apal.csv
2023/2024,I,5,5.3,,,"Notes payable to international organizations",https://www.tpsgc-pwgsc.gc.ca/recgen/cpc-pac/2024/vol1/s5/accp-oapal-eng.html#t5.3,"Effets à payer aux organisations internationales",https://www.tpsgc-pwgsc.gc.ca/recgen/cpc-pac/2024/vol1/s5/accp-oapal-fra.html#t5.3,"Accounts Payable and Accrued Liabilities as per the Public Accounts of Canada",https://open.canada.ca/data/en/dataset/f9ef820c-6956-4b58-a6af-d3774c1b03e5,"Créditeurs et charges à payer selon les Comptes publics du Canada",https://ouvert.canada.ca/data/fr/dataset/f9ef820c-6956-4b58-a6af-d3774c1b03e5,"Notes payable to international organizations",https://donnees-data.tpsgc-pwgsc.gc.ca/ba1/creditchargepaye-acctpayableaccrued/eapaoi-nptio.csv,"Effets à payer aux organisations internationales",https://donnees-data.tpsgc-pwgsc.gc.ca/ba1/creditchargepaye-acctpayableaccrued/eapaoi-nptio.csv
2023/2024,I,5,5.4,,,"Provincial, Territorial and Indigenous Tax Agreements Account",https://www.tpsgc-pwgsc.gc.ca/recgen/cpc-pac/2024/vol1/s5/accp-oapal-eng.html#t5.4,"Compte relatif aux accords fiscaux provinciaux, territoriaux et autochtones",https://www.tpsgc-pwgsc.gc.ca/recgen/cpc-pac/2024/vol1/s5/accp-oapal-fra.html#t5.4,"Accounts Payable and Accrued Liabilities as per the Public Accounts of Canada",https://open.canada.ca/data/en/dataset/f9ef820c-6956-4b58-a6af-d3774c1b03e5,"Créditeurs et charges à payer selon les Comptes publics du Canada",https://ouvert.canada.ca/data/fr/dataset/f9ef820c-6956-4b58-a6af-d3774c1b03e5,"Provincial, Territorial and Aboriginal Tax Agreements Account",https://donnees-data.tpsgc-pwgsc.gc.ca/ba1/creditchargepaye-acctpayableaccrued/crcfpta-ptataa.csv,"Compte relatif aux accords fiscaux provinciaux, territoriaux et autochtones",https://donnees-data.tpsgc-pwgsc.gc.ca/ba1/creditchargepaye-acctpayableaccrued/crcfpta-ptataa.csv
2023/2024,I,5,5.5,,,"Deferred revenues",https://www.tpsgc-pwgsc.gc.ca/recgen/cpc-pac/2024/vol1/s5/rr-dr-eng.html#t5.5,"Revenus reportés",https://www.tpsgc-pwgsc.gc.ca/recgen/cpc-pac/2024/vol1/s5/rr-dr-fra.html#t5.5,"Accounts Payable and Accrued Liabilities as per the Public Accounts of Canada",https://open.canada.ca/data/en/dataset/f9ef820c-6956-4b58-a6af-d3774c1b03e5,"Créditeurs et charges à payer selon les Comptes publics du Canada",https://ouvert.canada.ca/data/fr/dataset/f9ef820c-6956-4b58-a6af-d3774c1b03e5,"Deferred revenues",https://donnees-data.tpsgc-pwgsc.gc.ca/ba1/creditchargepaye-acctpayableaccrued/rr-dr.csv,"Revenus reportés",https://donnees-data.tpsgc-pwgsc.gc.ca/ba1/creditchargepaye-acctpayableaccrued/rr-dr.csv
2023/2024,I,5,5.6,,,"Amounts payable related to tax",https://www.tpsgc-pwgsc.gc.ca/recgen/cpc-pac/2024/vol1/s5/impots-taxes-eng.html#t5.6,"Créditeurs fiscaux",https://www.tpsgc-pwgsc.gc.ca/recgen/cpc-pac/2024/vol1/s5/impots-taxes-fra.html#t5.6,"Accounts Payable and Accrued Liabilities as per the Public Accounts of Canada",https://open.canada.ca/data/en/dataset/f9ef820c-6956-4b58-a6af-d3774c1b03e5,"Créditeurs et charges à payer selon les Comptes publics du Canada",https://ouvert.canada.ca/data/fr/dataset/f9ef820c-6956-4b58-a6af-d3774c1b03e5,"Summary - Accounts payable and accrued liabilities",https://donnees-data.tpsgc-pwgsc.gc.ca/ba1/creditchargepaye-acctpayableaccrued/ccp-apal.csv,"Résumé - Créditeurs et charges à payer",https://donnees-data.tpsgc-pwgsc.gc.ca/ba1/creditchargepaye-acctpayableaccrued/ccp-apal.csv
2023/2024,I,5,5.7,,,"Environmental liabilities",https://www.tpsgc-pwgsc.gc.ca/recgen/cpc-pac/2024/vol1/s5/pe-el-eng.html#t5.7,"Passifs environnementaux",https://www.tpsgc-pwgsc.gc.ca/recgen/cpc-pac/2024/vol1/s5/pe-el-fra.html#t5.7,"Accounts Payable and Accrued Liabilities as per the Public Accounts of Canada",https://open.canada.ca/data/en/dataset/f9ef820c-6956-4b58-a6af-d3774c1b03e5,"Créditeurs et charges à payer selon les Comptes publics du Canada",https://ouvert.canada.ca/data/fr/dataset/f9ef820c-6956-4b58-a6af-d3774c1b03e5,"Environmental liabilities and asset retirement obligations",https://donnees-data.tpsgc-pwgsc.gc.ca/ba1/creditchargepaye-acctpayableaccrued/pe-el.csv,"Passif environnemental et obligations liées à la mise hors service d'immobilisations",https://donnees-data.tpsgc-pwgsc.gc.ca/ba1/creditchargepaye-acctpayableaccrued/pe-el.csv
2023/2024,I,5,5.8,,,"Changes in liability for remediation of contaminated sites",https://www.tpsgc-pwgsc.gc.ca/recgen/cpc-pac/2024/vol1/s5/pe-el-eng.html#t5.8,"Variations du passif relatif à l'assainissement des sites contaminés",https://www.tpsgc-pwgsc.gc.ca/recgen/cpc-pac/2024/vol1/s5/pe-el-fra.html#t5.8,"Accounts Payable and Accrued Liabilities as per the Public Accounts of Canada",https://open.canada.ca/data/en/dataset/f9ef820c-6956-4b58-a6af-d3774c1b03e5,"Créditeurs et charges à payer selon les Comptes publics du Canada",https://ouvert.canada.ca/data/fr/dataset/f9ef820c-6956-4b58-a6af-d3774c1b03e5,"Changes in liability for remediation of contaminated sites",https://donnees-data.tpsgc-pwgsc.gc.ca/ba1/creditchargepaye-acctpayableaccrued/vprasc-clrcs.csv,"Variations du passif relatif à l'assainissement des sites contaminés",https://donnees-data.tpsgc-pwgsc.gc.ca/ba1/creditchargepaye-acctpayableaccrued/vprasc-clrcs.csv
2023/2024,I,5,5.9,,,"Asset retirement obligations",https://www.tpsgc-pwgsc.gc.ca/recgen/cpc-pac/2024/vol1/s5/ide-imd-eng.html#t5.9,"Obligations liées à la mise hors service d'immobilisations",https://www.tpsgc-pwgsc.gc.ca/recgen/cpc-pac/2024/vol1/s5/ide-imd-fra.html#t5.9,"Accounts Payable and Accrued Liabilities as per the Public Accounts of Canada",https://open.canada.ca/data/en/dataset/f9ef820c-6956-4b58-a6af-d3774c1b03e5,"Créditeurs et charges à payer selon les Comptes publics du Canada",https://ouvert.canada.ca/data/fr/dataset/f9ef820c-6956-4b58-a6af-d3774c1b03e5,"Environmental liabilities and asset retirement obligations",https://donnees-data.tpsgc-pwgsc.gc.ca/ba1/creditchargepaye-acctpayableaccrued/pe-el.csv,"Passif environnemental et obligations liées à la mise hors service d'immobilisations",https://donnees-data.tpsgc-pwgsc.gc.ca/ba1/creditchargepaye-acctpayableaccrued/pe-el.csv
2023/2024,I,6,6.1,,,"Interest-bearing debt",https://www.tpsgc-pwgsc.gc.ca/recgen/cpc-pac/2024/vol1/s6/index-eng.html#t6.1,"Dette portant intérêt",https://www.tpsgc-pwgsc.gc.ca/recgen/cpc-pac/2024/vol1/s6/index-fra.html#t6.1,"N/A - Not published","N/A - Not published","s.o. - Non publié","s.o. - Non publié","N/A - Not published","N/A - Not published","s.o. - Non publié","s.o. - Non publié"
2023/2024,I,6,6.2,,,"Marketable bonds",https://www.tpsgc-pwgsc.gc.ca/recgen/cpc-pac/2024/vol1/s6/dne-ud-eng.html#t6.2,"Obligations négociables",https://www.tpsgc-pwgsc.gc.ca/recgen/cpc-pac/2024/vol1/s6/dne-ud-fra.html#t6.2,"N/A - Not published","N/A - Not published","s.o. - Non publié","s.o. - Non publié","N/A - Not published","N/A - Not published","s.o. - Non publié","s.o. - Non publié"
2023/2024,I,6,6.3,,,"Treasury bills",https://www.tpsgc-pwgsc.gc.ca/recgen/cpc-pac/2024/vol1/s6/dne-ud-eng.html#t6.3,"Bons du Trésor",https://www.tpsgc-pwgsc.gc.ca/recgen/cpc-pac/2024/vol1/s6/dne-ud-fra.html#t6.3,"N/A - Not published","N/A - Not published","s.o. - Non publié","s.o. - Non publié","N/A - Not published","N/A - Not published","s.o. - Non publié","s.o. - Non publié"
2023/2024,I,6,6.4,,,"Canada bills",https://www.tpsgc-pwgsc.gc.ca/recgen/cpc-pac/2024/vol1/s6/dne-ud-eng.html#t6.4,"Bons du Canada",https://www.tpsgc-pwgsc.gc.ca/recgen/cpc-pac/2024/vol1/s6/dne-ud-fra.html#t6.4,"N/A - Not published","N/A - Not published","s.o. - Non publié","s.o. - Non publié","N/A - Not published","N/A - Not published","s.o. - Non publié","s.o. - Non publié"
2023/2024,I,6,6.5,,,"Market debt as at March 31 of the preceding 5 years, with the average rate of interest thereon",https://www.tpsgc-pwgsc.gc.ca/recgen/cpc-pac/2024/vol1/s6/dne-ud-eng.html#t6.5,"Dette contractée sur les marchés au 31 mars, des 5 années précédentes, et taux d'intérêt moyen en vigueur",https://www.tpsgc-pwgsc.gc.ca/recgen/cpc-pac/2024/vol1/s6/dne-ud-fra.html#t6.5,"N/A - Not published","N/A - Not published","s.o. - Non publié","s.o. - Non publié","N/A - Not published","N/A - Not published","s.o. - Non publié","s.o. - Non publié"
2023/2024,I,6,6.6,,,"Treasury bills average yields at tender",https://www.tpsgc-pwgsc.gc.ca/recgen/cpc-pac/2024/vol1/s6/dne-ud-eng.html#t6.6,"Rendement moyen des bons du Trésor en adjudication",https://www.tpsgc-pwgsc.gc.ca/recgen/cpc-pac/2024/vol1/s6/dne-ud-fra.html#t6.6,"N/A - Not published","N/A - Not published","s.o. - Non publié","s.o. - Non publié","N/A - Not published","N/A - Not published","s.o. - Non publié","s.o. - Non publié"
2023/2024,I,6,6.7,,,"Maturity of Government debt",https://www.tpsgc-pwgsc.gc.ca/recgen/cpc-pac/2024/vol1/s6/dne-ud-eng.html#t6.7,"Échéance de la dette du gouvernement",https://www.tpsgc-pwgsc.gc.ca/recgen/cpc-pac/2024/vol1/s6/dne-ud-fra.html#t6.7,"N/A - Not published","N/A - Not published","s.o. - Non publié","s.o. - Non publié","N/A - Not published","N/A - Not published","s.o. - Non publié","s.o. - Non publié"
2023/2024,I,6,6.8,,,"Obligation related to capital leases",https://www.tpsgc-pwgsc.gc.ca/recgen/cpc-pac/2024/vol1/s6/dne-ud-eng.html#t6.8,"Obligation découlant de contrats de location‑acquisition",https://www.tpsgc-pwgsc.gc.ca/recgen/cpc-pac/2024/vol1/s6/dne-ud-fra.html#t6.8,"N/A - Not published","N/A - Not published","s.o. - Non publié","s.o. - Non publié","N/A - Not published","N/A - Not published","s.o. - Non publié","s.o. - Non publié"
2023/2024,I,6,6.9,,,"Details of obligation related to capital leases",https://www.tpsgc-pwgsc.gc.ca/recgen/cpc-pac/2024/vol1/s6/dne-ud-eng.html#t6.9,"Détail de l'obligation découlant de contrats de location‑acquisition",https://www.tpsgc-pwgsc.gc.ca/recgen/cpc-pac/2024/vol1/s6/dne-ud-fra.html#t6.9,"N/A - Not published","N/A - Not published","s.o. - Non publié","s.o. - Non publié","N/A - Not published","N/A - Not published","s.o. - Non publié","s.o. - Non publié"
2023/2024,I,6,6.10,,,"Minimum lease payments related to capital leases",https://www.tpsgc-pwgsc.gc.ca/recgen/cpc-pac/2024/vol1/s6/dne-ud-eng.html#t6.10,"Paiements minimaux exigibles de contrats de location‑acquisition",https://www.tpsgc-pwgsc.gc.ca/recgen/cpc-pac/2024/vol1/s6/dne-ud-fra.html#t6.10,"N/A - Not published","N/A - Not published","s.o. - Non publié","s.o. - Non publié","N/A - Not published","N/A - Not published","s.o. - Non publié","s.o. - Non publié"
2023/2024,I,6,6.11,,,"Obligation under public-private partnerships",https://www.tpsgc-pwgsc.gc.ca/recgen/cpc-pac/2024/vol1/s6/dne-ud-eng.html#t6.11,"Obligation en vertu des partenariats public-privé",https://www.tpsgc-pwgsc.gc.ca/recgen/cpc-pac/2024/vol1/s6/dne-ud-fra.html#t6.11,"N/A - Not published","N/A - Not published","s.o. - Non publié","s.o. - Non publié","N/A - Not published","N/A - Not published","s.o. - Non publié","s.o. - Non publié"
2023/2024,I,6,6.12,,,"Payments under public-private partnerships",https://www.tpsgc-pwgsc.gc.ca/recgen/cpc-pac/2024/vol1/s6/dne-ud-eng.html#t6.12,"Paiements en vertu des partenariats public-privé",https://www.tpsgc-pwgsc.gc.ca/recgen/cpc-pac/2024/vol1/s6/dne-ud-fra.html#t6.12,"N/A - Not published","N/A - Not published","s.o. - Non publié","s.o. - Non publié","N/A - Not published","N/A - Not published","s.o. - Non publié","s.o. - Non publié"
2023/2024,I,6,6.13,,,"Public sector pensions",https://www.tpsgc-pwgsc.gc.ca/recgen/cpc-pac/2024/vol1/s6/rraaf-pofb-eng.html#t6.13,"Régimes de retraite du secteur public",https://www.tpsgc-pwgsc.gc.ca/recgen/cpc-pac/2024/vol1/s6/rraaf-pofb-fra.html#t6.13,"Financial Information Comparative of Public Sector Pension Accounts as per the Public Accounts of Canada",https://open.canada.ca/data/en/dataset/5fefdd9b-e7e9-4139-93a1-aa4e696fb237,"Comparatif de l’information financière des comptes de régimes de retraite selon les Comptes publics du Canada",https://ouvert.canada.ca/data/fr/dataset/5fefdd9b-e7e9-4139-93a1-aa4e696fb237,"2024 - Volume 1, Public Sector Pensions",https://donnees-data.tpsgc-pwgsc.gc.ca/ba1/cdifdcdrdr-ficpspapac/cdifdcdrdr-ficpspapac-2024.csv,"2024 - Volume 1, Régimes de retraite du secteur public",https://donnees-data.tpsgc-pwgsc.gc.ca/ba1/cdifdcdrdr-ficpspapac/cdifdcdrdr-ficpspapac-2024.csv
2023/2024,I,6,6.14,,,"Summary of transactions in public sector pensions that resulted in charges to expenses",https://www.tpsgc-pwgsc.gc.ca/recgen/cpc-pac/2024/vol1/s6/rraaf-pofb-eng.html#t6.14,"Sommaire des opérations relatives aux régimes de retraite du secteur public qui ont produit des imputations aux charges",https://www.tpsgc-pwgsc.gc.ca/recgen/cpc-pac/2024/vol1/s6/rraaf-pofb-fra.html#t6.14,"Summary of transactions in public sector pensions that resulted in charges to expenditures, as per the Public Accounts of Canada",https://open.canada.ca/data/en/dataset/e371bc8c-4d06-4fc1-b9c6-e1e72a87a6a5,"Sommaire des opérations relatives aux régimes de retraite du secteur public qui ont produit des imputations aux charges selon les Comptes publics du Canada",https://ouvert.canada.ca/data/fr/dataset/e371bc8c-4d06-4fc1-b9c6-e1e72a87a6a5,"2008-2025 - data file",https://donnees-data.tpsgc-pwgsc.gc.ca/ba1/regimes-pensions/regimes-pensions.csv,"2008-2025 - fichier de données",https://donnees-data.tpsgc-pwgsc.gc.ca/ba1/regimes-pensions/regimes-pensions.csv
2023/2024,I,6,6.15,,,"Public Service Superannuation Account",https://www.tpsgc-pwgsc.gc.ca/recgen/cpc-pac/2024/vol1/s6/rraaf-pofb-eng.html#t6.15,"Compte de pension de retraite de la fonction publique",https://www.tpsgc-pwgsc.gc.ca/recgen/cpc-pac/2024/vol1/s6/rraaf-pofb-fra.html#t6.15,"Financial Information Comparative of Public Sector Pension Accounts as per the Public Accounts of Canada",https://open.canada.ca/data/en/dataset/5fefdd9b-e7e9-4139-93a1-aa4e696fb237,"Comparatif de l’information financière des comptes de régimes de retraite selon les Comptes publics du Canada",https://ouvert.canada.ca/data/fr/dataset/5fefdd9b-e7e9-4139-93a1-aa4e696fb237,"2024 - Volume 1, Public Sector Pensions",https://donnees-data.tpsgc-pwgsc.gc.ca/ba1/cdifdcdrdr-ficpspapac/cdifdcdrdr-ficpspapac-2024.csv,"2024 - Volume 1, Régimes de retraite du secteur public",https://donnees-data.tpsgc-pwgsc.gc.ca/ba1/cdifdcdrdr-ficpspapac/cdifdcdrdr-ficpspapac-2024.csv
2023/2024,I,6,6.16,,,"Public Service Pension Fund Account",https://www.tpsgc-pwgsc.gc.ca/recgen/cpc-pac/2024/vol1/s6/rraaf-pofb-eng.html#t6.16,"Compte de la caisse de retraite de la fonction publique",https://www.tpsgc-pwgsc.gc.ca/recgen/cpc-pac/2024/vol1/s6/rraaf-pofb-fra.html#t6.16,"Financial Information Comparative of Public Sector Pension Accounts as per the Public Accounts of Canada",https://open.canada.ca/data/en/dataset/5fefdd9b-e7e9-4139-93a1-aa4e696fb237,"Comparatif de l’information financière des comptes de régimes de retraite selon les Comptes publics du Canada",https://ouvert.canada.ca/data/fr/dataset/5fefdd9b-e7e9-4139-93a1-aa4e696fb237,"2024 - Volume 1, Public Sector Pensions",https://donnees-data.tpsgc-pwgsc.gc.ca/ba1/cdifdcdrdr-ficpspapac/cdifdcdrdr-ficpspapac-2024.csv,"2024 - Volume 1, Régimes de retraite du secteur public",https://donnees-data.tpsgc-pwgsc.gc.ca/ba1/cdifdcdrdr-ficpspapac/cdifdcdrdr-ficpspapac-2024.csv
2023/2024,I,6,6.17,,,"Canadian Forces Superannuation Account",https://www.tpsgc-pwgsc.gc.ca/recgen/cpc-pac/2024/vol1/s6/rraaf-pofb-eng.html#t6.17,"Compte de pension de retraite des Forces canadiennes",https://www.tpsgc-pwgsc.gc.ca/recgen/cpc-pac/2024/vol1/s6/rraaf-pofb-fra.html#t6.17,"Financial Information Comparative of Public Sector Pension Accounts as per the Public Accounts of Canada",https://open.canada.ca/data/en/dataset/5fefdd9b-e7e9-4139-93a1-aa4e696fb237,"Comparatif de l’information financière des comptes de régimes de retraite selon les Comptes publics du Canada",https://ouvert.canada.ca/data/fr/dataset/5fefdd9b-e7e9-4139-93a1-aa4e696fb237,"2024 - Volume 1, Public Sector Pensions",https://donnees-data.tpsgc-pwgsc.gc.ca/ba1/cdifdcdrdr-ficpspapac/cdifdcdrdr-ficpspapac-2024.csv,"2024 - Volume 1, Régimes de retraite du secteur public",https://donnees-data.tpsgc-pwgsc.gc.ca/ba1/cdifdcdrdr-ficpspapac/cdifdcdrdr-ficpspapac-2024.csv
2023/2024,I,6,6.18,,,"Canadian Forces Pension Fund Account",https://www.tpsgc-pwgsc.gc.ca/recgen/cpc-pac/2024/vol1/s6/rraaf-pofb-eng.html#t6.18,"Compte de la caisse de retraite des Forces canadiennes",https://www.tpsgc-pwgsc.gc.ca/recgen/cpc-pac/2024/vol1/s6/rraaf-pofb-fra.html#t6.18,"Financial Information Comparative of Public Sector Pension Accounts as per the Public Accounts of Canada",https://open.canada.ca/data/en/dataset/5fefdd9b-e7e9-4139-93a1-aa4e696fb237,"Comparatif de l’information financière des comptes de régimes de retraite selon les Comptes publics du Canada",https://ouvert.canada.ca/data/fr/dataset/5fefdd9b-e7e9-4139-93a1-aa4e696fb237,"2024 - Volume 1, Public Sector Pensions",https://donnees-data.tpsgc-pwgsc.gc.ca/ba1/cdifdcdrdr-ficpspapac/cdifdcdrdr-ficpspapac-2024.csv,"2024 - Volume 1, Régimes de retraite du secteur public",https://donnees-data.tpsgc-pwgsc.gc.ca/ba1/cdifdcdrdr-ficpspapac/cdifdcdrdr-ficpspapac-2024.csv
2023/2024,I,6,6.19,,,"Reserve Force Pension Fund Account",https://www.tpsgc-pwgsc.gc.ca/recgen/cpc-pac/2024/vol1/s6/rraaf-pofb-eng.html#t6.19,"Compte de la caisse de retraite de la force de réserve",https://www.tpsgc-pwgsc.gc.ca/recgen/cpc-pac/2024/vol1/s6/rraaf-pofb-fra.html#t6.19,"Financial Information Comparative of Public Sector Pension Accounts as per the Public Accounts of Canada",https://open.canada.ca/data/en/dataset/5fefdd9b-e7e9-4139-93a1-aa4e696fb237,"Comparatif de l’information financière des comptes de régimes de retraite selon les Comptes publics du Canada",https://ouvert.canada.ca/data/fr/dataset/5fefdd9b-e7e9-4139-93a1-aa4e696fb237,"2024 - Volume 1, Public Sector Pensions",https://donnees-data.tpsgc-pwgsc.gc.ca/ba1/cdifdcdrdr-ficpspapac/cdifdcdrdr-ficpspapac-2024.csv,"2024 - Volume 1, Régimes de retraite du secteur public",https://donnees-data.tpsgc-pwgsc.gc.ca/ba1/cdifdcdrdr-ficpspapac/cdifdcdrdr-ficpspapac-2024.csv
2023/2024,I,6,6.20,,,"Royal Canadian Mounted Police Superannuation Account",https://www.tpsgc-pwgsc.gc.ca/recgen/cpc-pac/2024/vol1/s6/rraaf-pofb-eng.html#t6.20,"Compte de pension de retraite de la Gendarmerie royale du Canada",https://www.tpsgc-pwgsc.gc.ca/recgen/cpc-pac/2024/vol1/s6/rraaf-pofb-fra.html#t6.20,"Financial Information Comparative of Public Sector Pension Accounts as per the Public Accounts of Canada",https://open.canada.ca/data/en/dataset/5fefdd9b-e7e9-4139-93a1-aa4e696fb237,"Comparatif de l’information financière des comptes de régimes de retraite selon les Comptes publics du Canada",https://ouvert.canada.ca/data/fr/dataset/5fefdd9b-e7e9-4139-93a1-aa4e696fb237,"2024 - Volume 1, Public Sector Pensions",https://donnees-data.tpsgc-pwgsc.gc.ca/ba1/cdifdcdrdr-ficpspapac/cdifdcdrdr-ficpspapac-2024.csv,"2024 - Volume 1, Régimes de retraite du secteur public",https://donnees-data.tpsgc-pwgsc.gc.ca/ba1/cdifdcdrdr-ficpspapac/cdifdcdrdr-ficpspapac-2024.csv
2023/2024,I,6,6.21,,,"Royal Canadian Mounted Police Pension Fund Account",https://www.tpsgc-pwgsc.gc.ca/recgen/cpc-pac/2024/vol1/s6/rraaf-pofb-eng.html#t6.21,"Compte de la caisse de retraite de la Gendarmerie royale du Canada",https://www.tpsgc-pwgsc.gc.ca/recgen/cpc-pac/2024/vol1/s6/rraaf-pofb-fra.html#t6.21,"Financial Information Comparative of Public Sector Pension Accounts as per the Public Accounts of Canada",https://open.canada.ca/data/en/dataset/5fefdd9b-e7e9-4139-93a1-aa4e696fb237,"Comparatif de l’information financière des comptes de régimes de retraite selon les Comptes publics du Canada",https://ouvert.canada.ca/data/fr/dataset/5fefdd9b-e7e9-4139-93a1-aa4e696fb237,"2024 - Volume 1, Public Sector Pensions",https://donnees-data.tpsgc-pwgsc.gc.ca/ba1/cdifdcdrdr-ficpspapac/cdifdcdrdr-ficpspapac-2024.csv,"2024 - Volume 1, Régimes de retraite du secteur public",https://donnees-data.tpsgc-pwgsc.gc.ca/ba1/cdifdcdrdr-ficpspapac/cdifdcdrdr-ficpspapac-2024.csv
2023/2024,I,6,6.22,,,"Members of Parliament Retiring Allowances Account",https://www.tpsgc-pwgsc.gc.ca/recgen/cpc-pac/2024/vol1/s6/rraaf-pofb-eng.html#t6.22,"Compte d'allocations de retraite des parlementaires",https://www.tpsgc-pwgsc.gc.ca/recgen/cpc-pac/2024/vol1/s6/rraaf-pofb-fra.html#t6.22,"Financial Information Comparative of Public Sector Pension Accounts as per the Public Accounts of Canada",https://open.canada.ca/data/en/dataset/5fefdd9b-e7e9-4139-93a1-aa4e696fb237,"Comparatif de l’information financière des comptes de régimes de retraite selon les Comptes publics du Canada",https://ouvert.canada.ca/data/fr/dataset/5fefdd9b-e7e9-4139-93a1-aa4e696fb237,"2024 - Volume 1, Public Sector Pensions",https://donnees-data.tpsgc-pwgsc.gc.ca/ba1/cdifdcdrdr-ficpspapac/cdifdcdrdr-ficpspapac-2024.csv,"2024 - Volume 1, Régimes de retraite du secteur public",https://donnees-data.tpsgc-pwgsc.gc.ca/ba1/cdifdcdrdr-ficpspapac/cdifdcdrdr-ficpspapac-2024.csv
2023/2024,I,6,6.23,,,"Members of Parliament Retirement Compensation Arrangements Account",https://www.tpsgc-pwgsc.gc.ca/recgen/cpc-pac/2024/vol1/s6/rraaf-pofb-eng.html#t6.23,"Compte de convention de retraite des parlementaires",https://www.tpsgc-pwgsc.gc.ca/recgen/cpc-pac/2024/vol1/s6/rraaf-pofb-fra.html#t6.23,"Financial Information Comparative of Public Sector Pension Accounts as per the Public Accounts of Canada",https://open.canada.ca/data/en/dataset/5fefdd9b-e7e9-4139-93a1-aa4e696fb237,"Comparatif de l’information financière des comptes de régimes de retraite selon les Comptes publics du Canada",https://ouvert.canada.ca/data/fr/dataset/5fefdd9b-e7e9-4139-93a1-aa4e696fb237,"2024 - Volume 1, Public Sector Pensions",https://donnees-data.tpsgc-pwgsc.gc.ca/ba1/cdifdcdrdr-ficpspapac/cdifdcdrdr-ficpspapac-2024.csv,"2024 - Volume 1, Régimes de retraite du secteur public",https://donnees-data.tpsgc-pwgsc.gc.ca/ba1/cdifdcdrdr-ficpspapac/cdifdcdrdr-ficpspapac-2024.csv
2023/2024,I,6,6.24,,,"Retirement Compensation Arrangements Accounts",https://www.tpsgc-pwgsc.gc.ca/recgen/cpc-pac/2024/vol1/s6/rraaf-pofb-eng.html#t6.24,"Comptes des régimes compensatoires",https://www.tpsgc-pwgsc.gc.ca/recgen/cpc-pac/2024/vol1/s6/rraaf-pofb-fra.html#t6.24,"N/A - Not published","N/A - Not published","s.o. - Non publié","s.o. - Non publié","N/A - Not published","N/A - Not published","s.o. - Non publié","s.o. - Non publié"
2023/2024,I,6,6.25,,,"Supplementary Retirement Benefits Account",https://www.tpsgc-pwgsc.gc.ca/recgen/cpc-pac/2024/vol1/s6/rraaf-pofb-eng.html#t6.25,"Compte de prestations de retraite supplémentaires",https://www.tpsgc-pwgsc.gc.ca/recgen/cpc-pac/2024/vol1/s6/rraaf-pofb-fra.html#t6.25,"Supplementary retirement benefits account as per the Public Accounts of Canada",https://open.canada.ca/data/en/dataset/67f2c91a-4a53-4eb8-8d27-2baf05284a49,"Compte de prestations de retraite supplémentaires selon les Comptes publics du Canada",https://ouvert.canada.ca/data/fr/dataset/67f2c91a-4a53-4eb8-8d27-2baf05284a49,"Data file",https://donnees-data.tpsgc-pwgsc.gc.ca/ba1/compteprestationsretraitesup-suppretirementbenefitsaccount/compteprestationsretraitesup-suppretirementbenefitsaccount.csv,"Fichier de données",https://donnees-data.tpsgc-pwgsc.gc.ca/ba1/compteprestationsretraitesup-suppretirementbenefitsaccount/compteprestationsretraitesup-suppretirementbenefitsaccount.csv
2023/2024,I,6,6.26,,,"Other employee and veteran future benefits",https://www.tpsgc-pwgsc.gc.ca/recgen/cpc-pac/2024/vol1/s6/rraaf-pofb-eng.html#t6.26,"Autres avantages futurs des employés et des anciens combattants",https://www.tpsgc-pwgsc.gc.ca/recgen/cpc-pac/2024/vol1/s6/rraaf-pofb-fra.html#t6.26,"N/A - Not published","N/A - Not published","s.o. - Non publié","s.o. - Non publié","N/A - Not published","N/A - Not published","s.o. - Non publié","s.o. - Non publié"
2023/2024,I,6,6.27,,,"Canada Pension Plan Accounts",https://www.tpsgc-pwgsc.gc.ca/recgen/cpc-pac/2024/vol1/s6/pssfs-lblts-eng.html#t6.27,"Comptes du Régime de pensions du Canada",https://www.tpsgc-pwgsc.gc.ca/recgen/cpc-pac/2024/vol1/s6/pssfs-lblts-fra.html#t6.27,"N/A - Not published","N/A - Not published","s.o. - Non publié","s.o. - Non publié","N/A - Not published","N/A - Not published","s.o. - Non publié","s.o. - Non publié"
2023/2024,I,6,6.28,,,"Deposit and trust accounts",https://www.tpsgc-pwgsc.gc.ca/recgen/cpc-pac/2024/vol1/s6/pssfs-lblts-eng.html#t6.28,"Comptes de dépôt et en fiducie",https://www.tpsgc-pwgsc.gc.ca/recgen/cpc-pac/2024/vol1/s6/pssfs-lblts-fra.html#t6.28,"N/A - Not published","N/A - Not published","s.o. - Non publié","s.o. - Non publié","N/A - Not published","N/A - Not published","s.o. - Non publié","s.o. - Non publié"
2023/2024,I,6,6.29,,,"Indian band funds—Capital accounts",https://www.tpsgc-pwgsc.gc.ca/recgen/cpc-pac/2024/vol1/s6/pssfs-lblts-eng.html#t6.29,"Fonds des bandes indiennes – Comptes de capital",https://www.tpsgc-pwgsc.gc.ca/recgen/cpc-pac/2024/vol1/s6/pssfs-lblts-fra.html#t6.29,"N/A - Not published","N/A - Not published","s.o. - Non publié","s.o. - Non publié","N/A - Not published","N/A - Not published","s.o. - Non publié","s.o. - Non publié"
2023/2024,I,6,6.30,,,"Indian band funds—Revenue accounts",https://www.tpsgc-pwgsc.gc.ca/recgen/cpc-pac/2024/vol1/s6/pssfs-lblts-eng.html#t6.30,"Fonds des bandes indiennes – Comptes de recettes",https://www.tpsgc-pwgsc.gc.ca/recgen/cpc-pac/2024/vol1/s6/pssfs-lblts-fra.html#t6.30,"N/A - Not published","N/A - Not published","s.o. - Non publié","s.o. - Non publié","N/A - Not published","N/A - Not published","s.o. - Non publié","s.o. - Non publié"
2023/2024,I,6,6.31,,,"Other specified purpose accounts",https://www.tpsgc-pwgsc.gc.ca/recgen/cpc-pac/2024/vol1/s6/pssfs-lblts-eng.html#t6.31,"Autres comptes à fins déterminées",https://www.tpsgc-pwgsc.gc.ca/recgen/cpc-pac/2024/vol1/s6/pssfs-lblts-fra.html#t6.31,"N/A - Not published","N/A - Not published","s.o. - Non publié","s.o. - Non publié","N/A - Not published","N/A - Not published","s.o. - Non publié","s.o. - Non publié"
2023/2024,I,6,6.32,,,"Regular Force Death Benefit Account",https://www.tpsgc-pwgsc.gc.ca/recgen/cpc-pac/2024/vol1/s6/pssfs-lblts-eng.html#t6.32,"Compte de prestations de décès de la force régulière",https://www.tpsgc-pwgsc.gc.ca/recgen/cpc-pac/2024/vol1/s6/pssfs-lblts-fra.html#t6.32,"N/A - Not published","N/A - Not published","s.o. - Non publié","s.o. - Non publié","N/A - Not published","N/A - Not published","s.o. - Non publié","s.o. - Non publié"
2023/2024,I,6,6.33,,,"Public Service Death Benefit Account",https://www.tpsgc-pwgsc.gc.ca/recgen/cpc-pac/2024/vol1/s6/pssfs-lblts-eng.html#t6.33,"Compte de prestations de décès de la fonction publique",https://www.tpsgc-pwgsc.gc.ca/recgen/cpc-pac/2024/vol1/s6/pssfs-lblts-fra.html#t6.33,"N/A - Not published","N/A - Not published","s.o. - Non publié","s.o. - Non publié","N/A - Not published","N/A - Not published","s.o. - Non publié","s.o. - Non publié"
2023/2024,I,7,7.1,,,"Cash and accounts receivable",https://www.tpsgc-pwgsc.gc.ca/recgen/cpc-pac/2024/vol1/s7/index-eng.html#t7.1,"Trésorerie et créances",https://www.tpsgc-pwgsc.gc.ca/recgen/cpc-pac/2024/vol1/s7/index-fra.html#t7.1,"Cash and accounts receivable; Cash, Tax receivables & Other Accounts Receivable as at March 31 as per the Public Accounts",https://open.canada.ca/data/en/dataset/32036a30-67ce-49bf-90a4-bf2bc9517c9d,"Trésorerie et créances; Trésorerie et équivalents de trésorerie; Impôts à recevoir & Autres créances selon les Comptes publics du Canada",https://ouvert.canada.ca/data/fr/dataset/32036a30-67ce-49bf-90a4-bf2bc9517c9d,"2009-2025 - data file",https://donnees-data.tpsgc-pwgsc.gc.ca/ba1/tresorerieimpotsrecevoir-cashtaxreceivable/tresorerieimpotsrecevoir-cashtaxreceivable.csv,"2009-2025 - fichier de données",https://donnees-data.tpsgc-pwgsc.gc.ca/ba1/tresorerieimpotsrecevoir-cashtaxreceivable/tresorerieimpotsrecevoir-cashtaxreceivable.csv
2023/2024,I,7,7.2,,,"Cash and cash equivalents",https://www.tpsgc-pwgsc.gc.ca/recgen/cpc-pac/2024/vol1/s7/tet-cce-eng.html#t7.2,"Trésorerie et équivalents de trésorerie",https://www.tpsgc-pwgsc.gc.ca/recgen/cpc-pac/2024/vol1/s7/tet-cce-fra.html#t7.2,"Cash and accounts receivable; Cash, Tax receivables & Other Accounts Receivable as at March 31 as per the Public Accounts",https://open.canada.ca/data/en/dataset/32036a30-67ce-49bf-90a4-bf2bc9517c9d,"Trésorerie et créances; Trésorerie et équivalents de trésorerie; Impôts à recevoir & Autres créances selon les Comptes publics du Canada",https://ouvert.canada.ca/data/fr/dataset/32036a30-67ce-49bf-90a4-bf2bc9517c9d,"2009-2025 - data file",https://donnees-data.tpsgc-pwgsc.gc.ca/ba1/tresorerieimpotsrecevoir-cashtaxreceivable/tresorerieimpotsrecevoir-cashtaxreceivable.csv,"2009-2025 - fichier de données",https://donnees-data.tpsgc-pwgsc.gc.ca/ba1/tresorerieimpotsrecevoir-cashtaxreceivable/tresorerieimpotsrecevoir-cashtaxreceivable.csv
2023/2024,I,7,7.3,,,"Taxes receivable as at March 31",https://www.tpsgc-pwgsc.gc.ca/recgen/cpc-pac/2024/vol1/s7/impots-taxes-eng.html#t7.3,"Impôts à recevoir au 31 mars",https://www.tpsgc-pwgsc.gc.ca/recgen/cpc-pac/2024/vol1/s7/impots-taxes-fra.html#t7.3,"Cash and accounts receivable; Cash, Tax receivables & Other Accounts Receivable as at March 31 as per the Public Accounts",https://open.canada.ca/data/en/dataset/32036a30-67ce-49bf-90a4-bf2bc9517c9d,"Trésorerie et créances; Trésorerie et équivalents de trésorerie; Impôts à recevoir & Autres créances selon les Comptes publics du Canada",https://ouvert.canada.ca/data/fr/dataset/32036a30-67ce-49bf-90a4-bf2bc9517c9d,"2009-2025 - data file",https://donnees-data.tpsgc-pwgsc.gc.ca/ba1/tresorerieimpotsrecevoir-cashtaxreceivable/tresorerieimpotsrecevoir-cashtaxreceivable.csv,"2009-2025 - fichier de données",https://donnees-data.tpsgc-pwgsc.gc.ca/ba1/tresorerieimpotsrecevoir-cashtaxreceivable/tresorerieimpotsrecevoir-cashtaxreceivable.csv
2023/2024,I,7,7.4,,,"Aging of taxes receivable",https://www.tpsgc-pwgsc.gc.ca/recgen/cpc-pac/2024/vol1/s7/impots-taxes-eng.html#t7.4,"Classement chronologique des impôts à recevoir",https://www.tpsgc-pwgsc.gc.ca/recgen/cpc-pac/2024/vol1/s7/impots-taxes-fra.html#t7.4,"Aging of Taxes & Other Accounts Receivable as per the Public Accounts",https://open.canada.ca/data/en/dataset/fd9ede21-859d-41d8-8c4a-d3f24d98ef55,"Classement chronologique des impôts et autres créances à recevoir selon les Comptes publics du Canada",https://ouvert.canada.ca/data/fr/dataset/fd9ede21-859d-41d8-8c4a-d3f24d98ef55,"2009-2025 - data file",https://donnees-data.tpsgc-pwgsc.gc.ca/ba1/chronoimpots-agingtaxes/chronoimpots-agingtaxes.csv,"2009-2025 - fichier de données",https://donnees-data.tpsgc-pwgsc.gc.ca/ba1/chronoimpots-agingtaxes/chronoimpots-agingtaxes.csv
2023/2024,I,7,7.5,,,"Other accounts receivable as at March 31",https://www.tpsgc-pwgsc.gc.ca/recgen/cpc-pac/2024/vol1/s7/ac-oar-eng.html#t7.5,"Autres créances au 31 mars",https://www.tpsgc-pwgsc.gc.ca/recgen/cpc-pac/2024/vol1/s7/ac-oar-fra.html#t7.5,"Cash and accounts receivable; Cash, Tax receivables & Other Accounts Receivable as at March 31 as per the Public Accounts",https://open.canada.ca/data/en/dataset/32036a30-67ce-49bf-90a4-bf2bc9517c9d,"Trésorerie et créances; Trésorerie et équivalents de trésorerie; Impôts à recevoir & Autres créances selon les Comptes publics du Canada",https://ouvert.canada.ca/data/fr/dataset/32036a30-67ce-49bf-90a4-bf2bc9517c9d,"2009-2025 - data file",https://donnees-data.tpsgc-pwgsc.gc.ca/ba1/tresorerieimpotsrecevoir-cashtaxreceivable/tresorerieimpotsrecevoir-cashtaxreceivable.csv,"2009-2025 - fichier de données",https://donnees-data.tpsgc-pwgsc.gc.ca/ba1/tresorerieimpotsrecevoir-cashtaxreceivable/tresorerieimpotsrecevoir-cashtaxreceivable.csv
2023/2024,I,8,8.1,,,"Foreign exchange accounts assets",https://www.tpsgc-pwgsc.gc.ca/recgen/cpc-pac/2024/vol1/s8/index-eng.html#t8.1,"Actifs des Comptes d'opérations de change",https://www.tpsgc-pwgsc.gc.ca/recgen/cpc-pac/2024/vol1/s8/index-fra.html#t8.1,"Foreign exchange accounts as per the Public Accounts of Canada",https://open.canada.ca/data/en/dataset/428cdde1-b58d-4efc-b561-57db1d9cdc46,"Comptes d'opérations de change selon les Comptes publics du Canada",https://ouvert.canada.ca/data/fr/dataset/428cdde1-b58d-4efc-b561-57db1d9cdc46,"Data file",https://donnees-data.tpsgc-pwgsc.gc.ca/ba1/comptesoperationsechange-foreignexchangeaccounts/comptesoperationsechange-foreignexchangeaccounts.csv,"Fichier de données",https://donnees-data.tpsgc-pwgsc.gc.ca/ba1/comptesoperationsechange-foreignexchangeaccounts/comptesoperationsechange-foreignexchangeaccounts.csv
2023/2024,I,8,8.2,,,"Foreign exchange accounts liabilities",https://www.tpsgc-pwgsc.gc.ca/recgen/cpc-pac/2024/vol1/s8/index-eng.html#t8.2,"Passifs des comptes d'opérations de change",https://www.tpsgc-pwgsc.gc.ca/recgen/cpc-pac/2024/vol1/s8/index-fra.html#t8.2,"Foreign exchange accounts as per the Public Accounts of Canada",https://open.canada.ca/data/en/dataset/428cdde1-b58d-4efc-b561-57db1d9cdc46,"Comptes d'opérations de change selon les Comptes publics du Canada",https://ouvert.canada.ca/data/fr/dataset/428cdde1-b58d-4efc-b561-57db1d9cdc46,"Data file",https://donnees-data.tpsgc-pwgsc.gc.ca/ba1/comptesoperationsechange-foreignexchangeaccounts/comptesoperationsechange-foreignexchangeaccounts.csv,"Fichier de données",https://donnees-data.tpsgc-pwgsc.gc.ca/ba1/comptesoperationsechange-foreignexchangeaccounts/comptesoperationsechange-foreignexchangeaccounts.csv
2023/2024,I,8,8.3,,,"International reserves held in the Exchange Fund Account",https://www.tpsgc-pwgsc.gc.ca/recgen/cpc-pac/2024/vol1/s8/rlidcfc-irhefa-eng.html#t8.3,"Réserves de liquidités internationales détenues dans le Compte du fonds des changes",https://www.tpsgc-pwgsc.gc.ca/recgen/cpc-pac/2024/vol1/s8/rlidcfc-irhefa-fra.html#t8.3,"International reserves held in the exchange fund account as per the Public Accounts of Canada",https://open.canada.ca/data/en/dataset/193d0818-6403-422e-ba25-a2d3699947f4,"Réserves de liquidités internationales détenues dans le Compte du fonds des changes selon les Comptes publics du Canada",https://ouvert.canada.ca/data/fr/dataset/193d0818-6403-422e-ba25-a2d3699947f4,"Data file",https://donnees-data.tpsgc-pwgsc.gc.ca/ba1/reservesinternationalesdetenues-internationalreservesheld/reservesinternationalesdetenues-internationalreservesheld.csv,"Fichier de données",https://donnees-data.tpsgc-pwgsc.gc.ca/ba1/reservesinternationalesdetenues-internationalreservesheld/reservesinternationalesdetenues-internationalreservesheld.csv
2023/2024,I,9,9.1,,,"Loans, investments and advances",https://www.tpsgc-pwgsc.gc.ca/recgen/cpc-pac/2024/vol1/s9/index-eng.html#t9.1,"Prêts, placements et avances",https://www.tpsgc-pwgsc.gc.ca/recgen/cpc-pac/2024/vol1/s9/index-fra.html#t9.1,"Loans, Investments and Advances as per the Public Accounts of Canada",https://open.canada.ca/data/en/dataset/6c0aa172-47ed-457a-a3f9-ed2eb3cd8d23,"Prêts, placements et avances selon les Comptes publics du Canada",https://ouvert.canada.ca/data/fr/dataset/6c0aa172-47ed-457a-a3f9-ed2eb3cd8d23,"Data file",https://donnees-data.tpsgc-pwgsc.gc.ca/ba1/pretplaceavance-loaninvestadvance/pretplaceavance-loaninvestadvance.csv,"Fichier de données",https://donnees-data.tpsgc-pwgsc.gc.ca/ba1/pretplaceavance-loaninvestadvance/pretplaceavance-loaninvestadvance.csv
2023/2024,I,9,9.2,,,"Enterprise Crown corporations and other government business enterprises",https://www.tpsgc-pwgsc.gc.ca/recgen/cpc-pac/2024/vol1/s9/seeaep-eccogbe-eng.html#t9.2,"Sociétés d'État entreprises et autres entreprises publiques",https://www.tpsgc-pwgsc.gc.ca/recgen/cpc-pac/2024/vol1/s9/seeaep-eccogbe-fra.html#t9.2,"Loans, Investments and Advances as per the Public Accounts of Canada",https://open.canada.ca/data/en/dataset/6c0aa172-47ed-457a-a3f9-ed2eb3cd8d23,"Prêts, placements et avances selon les Comptes publics du Canada",https://ouvert.canada.ca/data/fr/dataset/6c0aa172-47ed-457a-a3f9-ed2eb3cd8d23,"Data file",https://donnees-data.tpsgc-pwgsc.gc.ca/ba1/pretplaceavance-loaninvestadvance/pretplaceavance-loaninvestadvance.csv,"Fichier de données",https://donnees-data.tpsgc-pwgsc.gc.ca/ba1/pretplaceavance-loaninvestadvance/pretplaceavance-loaninvestadvance.csv
2023/2024,I,9,9.2a,,,"Interest paid to the government",https://www.tpsgc-pwgsc.gc.ca/recgen/cpc-pac/2024/vol1/s9/seeaep-eccogbe-eng.html#t9.2a,"Intérêt payé au gouvernement",https://www.tpsgc-pwgsc.gc.ca/recgen/cpc-pac/2024/vol1/s9/seeaep-eccogbe-fra.html#t9.2a,"N/A - Not published","N/A - Not published","s.o. - Non publié","s.o. - Non publié","N/A - Not published","N/A - Not published","s.o. - Non publié","s.o. - Non publié"
2023/2024,I,9,9.3,,,"Financial position of enterprise Crown corporations and other government business enterprises",https://www.tpsgc-pwgsc.gc.ca/recgen/cpc-pac/2024/vol1/s9/seeaep-eccogbe-eng.html#t9.3,"Situation financière des sociétés d'État entreprises et autres entreprises publiques",https://www.tpsgc-pwgsc.gc.ca/recgen/cpc-pac/2024/vol1/s9/seeaep-eccogbe-fra.html#t9.3,"Financial Position of Enterprise Crown Corporations and Other Government Business Enterprises as per the Public Accounts of Canada",https://open.canada.ca/data/en/dataset/ae2dd6b8-e846-4158-980b-41c9dfc63073,"Situation financière des sociétés d'État entreprises et autres entreprises publiques selon les Comptes publics du Canada",https://ouvert.canada.ca/data/fr/dataset/ae2dd6b8-e846-4158-980b-41c9dfc63073,"2006-2025 - data file",https://donnees-data.tpsgc-pwgsc.gc.ca/ba1/fpecc-sfdse/fpecc-sfdse.csv,"2006-2025 - fichier de données",https://donnees-data.tpsgc-pwgsc.gc.ca/ba1/fpecc-sfdse/fpecc-sfdse.csv
2023/2024,I,9,9.4,,,"Revenues, expenses and other changes in equity of enterprise Crown corporations and other government business enterprises for the year",https://www.tpsgc-pwgsc.gc.ca/recgen/cpc-pac/2024/vol1/s9/seeaep-eccogbe-eng.html#t9.4,"Revenus, charges et autres variations des capitaux propres des sociétés d'État entreprises et autres entreprises publiques pour l'exercice",https://www.tpsgc-pwgsc.gc.ca/recgen/cpc-pac/2024/vol1/s9/seeaep-eccogbe-fra.html#t9.4,"Revenues, Expenses and Other Changes in Equity of Enterprise Crown Corporations and Other Government Business Enterprises as per the Public Accounts of Canada",https://open.canada.ca/data/en/dataset/d594608a-2882-40b9-ae8f-79d1a07ea029,"Revenus, charges et autres variations des capitaux propres des sociétés d'État entreprises et autres entreprises publiques selon les Comptes publics du Canada",https://ouvert.canada.ca/data/fr/dataset/d594608a-2882-40b9-ae8f-79d1a07ea029,"2006-2025 - data file",https://donnees-data.tpsgc-pwgsc.gc.ca/ba1/reocee-rcavdl/reocee-rcavdl.csv,"2006-2025 - fichier de données",https://donnees-data.tpsgc-pwgsc.gc.ca/ba1/reocee-rcavdl/reocee-rcavdl.csv
2023/2024,I,9,9.5,,,"Borrowings by enterprise Crown corporations and other government business enterprises",https://www.tpsgc-pwgsc.gc.ca/recgen/cpc-pac/2024/vol1/s9/seeaep-eccogbe-eng.html#t9.5,"Emprunts effectués par les sociétés d'État entreprises et autres entreprises publiques",https://www.tpsgc-pwgsc.gc.ca/recgen/cpc-pac/2024/vol1/s9/seeaep-eccogbe-fra.html#t9.5,"Borrowings by consolidated agent Crown corporations and enterprise Crown corporations and other government business enterprises (GBEs), as per the Public Accounts of Canada",https://open.canada.ca/data/en/dataset/a55ef5d6-312b-44a5-970e-c4a4749e474c,"Emprunts effectués par les sociétés d'État mandataires consolidées et les sociétés d’État entreprises et autres entreprises publiques, selon les Comptes publics du Canada",https://ouvert.canada.ca/data/fr/dataset/a55ef5d6-312b-44a5-970e-c4a4749e474c,"2007-2025 - data file",https://donnees-data.tpsgc-pwgsc.gc.ca/ba1/emcm-bcac/emcm-bcac.csv,"2007-2025 - fichier de données",https://donnees-data.tpsgc-pwgsc.gc.ca/ba1/emcm-bcac/emcm-bcac.csv
2023/2024,I,9,9.6,,,"Maturity and currency of borrowings by enterprise Crown corporations and other government business enterprises",https://www.tpsgc-pwgsc.gc.ca/recgen/cpc-pac/2024/vol1/s9/seeaep-eccogbe-eng.html#t9.6,"Échéances et devises des emprunts des sociétés d'État entreprises et autres entreprises publiques",https://www.tpsgc-pwgsc.gc.ca/recgen/cpc-pac/2024/vol1/s9/seeaep-eccogbe-fra.html#t9.6,"Maturity and currency of borrowings by enterprise Crown corporations and other government enterprises as per the Public Accounts of Canada",https://open.canada.ca/data/en/dataset/b66bfcc6-9e82-4364-ab94-94d42ee828f5,"Échéances et devises des emprunts des sociétés d'État entreprises et autres entreprises publiques selon les Comptes publics du Canada",https://ouvert.canada.ca/data/fr/dataset/b66bfcc6-9e82-4364-ab94-94d42ee828f5,"2009-2025 - Maturity of borrowings by enterprise Crown corporations and other government enterprises",https://donnees-data.tpsgc-pwgsc.gc.ca/ba1/echeances-maturity/echeances-maturity.csv,"2009-2025 - Échéances des emprunts des sociétés d'État entreprises et autres entreprises publiques",https://donnees-data.tpsgc-pwgsc.gc.ca/ba1/echeances-maturity/echeances-maturity.csv
2023/2024,I,9,9.6.1,"Table footnote details","Détails de la note de bas du table","Maturity and currency of borrowings by enterprise Crown corporations and other government business enterprises - footnote",https://www.tpsgc-pwgsc.gc.ca/recgen/cpc-pac/2024/vol1/s9/seeaep-eccogbe-eng.html#ft_w1s9eccT06e-1,"Échéances et devises des emprunts des sociétés d'État entreprises et autres entreprises publiques - note de bas de page",https://www.tpsgc-pwgsc.gc.ca/recgen/cpc-pac/2024/vol1/s9/seeaep-eccogbe-fra.html#ft_w1s9eccT06f-1,"Maturity and currency of borrowings by enterprise Crown corporations and other government enterprises as per the Public Accounts of Canada",https://open.canada.ca/data/en/dataset/b66bfcc6-9e82-4364-ab94-94d42ee828f5,"Échéances et devises des emprunts des sociétés d'État entreprises et autres entreprises publiques selon les Comptes publics du Canada",https://ouvert.canada.ca/data/fr/dataset/b66bfcc6-9e82-4364-ab94-94d42ee828f5,"2009-2025 - Canadian dollar equivalent of borrowings",https://donnees-data.tpsgc-pwgsc.gc.ca/ba1/echeances-maturity/devises-currency.csv,"2009-2025 - Équivalent en dollars canadiens des emprunts",https://donnees-data.tpsgc-pwgsc.gc.ca/ba1/echeances-maturity/devises-currency.csv
2023/2024,I,9,9.7,,,"Contingent liabilities of enterprise Crown corporations and other government business enterprises",https://www.tpsgc-pwgsc.gc.ca/recgen/cpc-pac/2024/vol1/s9/seeaep-eccogbe-eng.html#t9.7,"Passif éventuel des sociétés d'État entreprises et autres entreprises publiques",https://www.tpsgc-pwgsc.gc.ca/recgen/cpc-pac/2024/vol1/s9/seeaep-eccogbe-fra.html#t9.7,"Contingent liabilities of consolidated Crown corporations and other entities and enterprise Crown corporations and other government business enterprises (GBEs), as per the Public Accounts of Canada",https://open.canada.ca/data/en/dataset/176259fb-0ecd-4c0f-a068-1905442f2ad8,"Passif éventuel des sociétés d'État et autres entités consolidées et des sociétés d’État entreprises et autres entreprises publiques, selon les Comptes publics du Canada",https://ouvert.canada.ca/data/fr/dataset/176259fb-0ecd-4c0f-a068-1905442f2ad8,"2018-2025 - data file",https://donnees-data.tpsgc-pwgsc.gc.ca/ba1/pesae-clcce/pesae-clcce.csv,"2018-2025 - fichier de données",https://donnees-data.tpsgc-pwgsc.gc.ca/ba1/pesae-clcce/pesae-clcce.csv
2023/2024,I,9,9.8,,,"Contractual obligations of enterprise Crown corporations and other government business enterprises",https://www.tpsgc-pwgsc.gc.ca/recgen/cpc-pac/2024/vol1/s9/seeaep-eccogbe-eng.html#t9.8,"Obligations contractuelles des sociétés d'État entreprises et autres entreprises publiques",https://www.tpsgc-pwgsc.gc.ca/recgen/cpc-pac/2024/vol1/s9/seeaep-eccogbe-fra.html#t9.8,"N/A - Not published","N/A - Not published","s.o. - Non publié","s.o. - Non publié","N/A - Not published","N/A - Not published","s.o. - Non publié","s.o. - Non publié"
2023/2024,I,9,9.9,,,"Financial assistance to enterprise Crown corporations and other government business enterprises for the year",https://www.tpsgc-pwgsc.gc.ca/recgen/cpc-pac/2024/vol1/s9/seeaep-eccogbe-eng.html#t9.9,"Aide financière aux sociétés d'État entreprises et autres entreprises publiques pour l'exercice",https://www.tpsgc-pwgsc.gc.ca/recgen/cpc-pac/2024/vol1/s9/seeaep-eccogbe-fra.html#t9.9,"Financial assistance under budgetary appropriations to consolidated Crown corporations, enterprise Crown corporations and other government business enterprises (GBEs), as per the Public Accounts of Canada",https://open.canada.ca/data/en/dataset/5e6d0313-b81e-4c8b-a0d5-360e4411b77a,"Aide financière aux sociétés d'État consolidées provenant de crédits budgétaires, aux sociétés d’État entreprises et autres entreprises publiques, selon les Comptes publics du Canada",https://ouvert.canada.ca/data/fr/dataset/5e6d0313-b81e-4c8b-a0d5-360e4411b77a,"2007-2025 - data file",https://donnees-data.tpsgc-pwgsc.gc.ca/ba1/afscpcb-fabacc/afscpcb-fabacc.csv,"2007-2025 - fichier de données",https://donnees-data.tpsgc-pwgsc.gc.ca/ba1/afscpcb-fabacc/afscpcb-fabacc.csv
2023/2024,I,9,9.10,,,"Portfolio investments",https://www.tpsgc-pwgsc.gc.ca/recgen/cpc-pac/2024/vol1/s9/pp-pi-eng.html#t9.10,"Placements de portefeuille",https://www.tpsgc-pwgsc.gc.ca/recgen/cpc-pac/2024/vol1/s9/pp-pi-fra.html#t9.10,"Loans, Investments and Advances as per the Public Accounts of Canada",https://open.canada.ca/data/en/dataset/6c0aa172-47ed-457a-a3f9-ed2eb3cd8d23,"Prêts, placements et avances selon les Comptes publics du Canada",https://ouvert.canada.ca/data/fr/dataset/6c0aa172-47ed-457a-a3f9-ed2eb3cd8d23,"Data file",https://donnees-data.tpsgc-pwgsc.gc.ca/ba1/pretplaceavance-loaninvestadvance/pretplaceavance-loaninvestadvance.csv,"Fichier de données",https://donnees-data.tpsgc-pwgsc.gc.ca/ba1/pretplaceavance-loaninvestadvance/pretplaceavance-loaninvestadvance.csv
2023/2024,I,9,9.11,,,"International organizations",https://www.tpsgc-pwgsc.gc.ca/recgen/cpc-pac/2024/vol1/s9/oi-io-eng.html#t9.11,"Organisations internationales",https://www.tpsgc-pwgsc.gc.ca/recgen/cpc-pac/2024/vol1/s9/oi-io-fra.html#t9.11,"Loans, Investments and Advances as per the Public Accounts of Canada",https://open.canada.ca/data/en/dataset/6c0aa172-47ed-457a-a3f9-ed2eb3cd8d23,"Prêts, placements et avances selon les Comptes publics du Canada",https://ouvert.canada.ca/data/fr/dataset/6c0aa172-47ed-457a-a3f9-ed2eb3cd8d23,"Data file",https://donnees-data.tpsgc-pwgsc.gc.ca/ba1/pretplaceavance-loaninvestadvance/pretplaceavance-loaninvestadvance.csv,"Fichier de données",https://donnees-data.tpsgc-pwgsc.gc.ca/ba1/pretplaceavance-loaninvestadvance/pretplaceavance-loaninvestadvance.csv
2023/2024,I,9,9.12,,,"Other loans and advances",https://www.tpsgc-pwgsc.gc.ca/recgen/cpc-pac/2024/vol1/s9/appa-olia-eng.html#t9.12,"Autres prêts, placements et avances",https://www.tpsgc-pwgsc.gc.ca/recgen/cpc-pac/2024/vol1/s9/appa-olia-fra.html#t9.12,"Loans, Investments and Advances as per the Public Accounts of Canada",https://open.canada.ca/data/en/dataset/6c0aa172-47ed-457a-a3f9-ed2eb3cd8d23,"Prêts, placements et avances selon les Comptes publics du Canada",https://ouvert.canada.ca/data/fr/dataset/6c0aa172-47ed-457a-a3f9-ed2eb3cd8d23,"Data file",https://donnees-data.tpsgc-pwgsc.gc.ca/ba1/pretplaceavance-loaninvestadvance/pretplaceavance-loaninvestadvance.csv,"Fichier de données",https://donnees-data.tpsgc-pwgsc.gc.ca/ba1/pretplaceavance-loaninvestadvance/pretplaceavance-loaninvestadvance.csv
2023/2024,I,9,9.12a,"9.12g is the numbering for this table in the French version of the document","9.12g est la numérotation de ce tableau dans la version française du document","International organizations - Loans and advances",https://www.tpsgc-pwgsc.gc.ca/recgen/cpc-pac/2024/vol1/s9/appa-olia-eng.html#t9.12a,"Organisations internationales - Prêts et avances",https://www.tpsgc-pwgsc.gc.ca/recgen/cpc-pac/2024/vol1/s9/appa-olia-fra.html#t9.12g,"Loans, Investments and Advances as per the Public Accounts of Canada",https://open.canada.ca/data/en/dataset/6c0aa172-47ed-457a-a3f9-ed2eb3cd8d23,"Prêts, placements et avances selon les Comptes publics du Canada",https://ouvert.canada.ca/data/fr/dataset/6c0aa172-47ed-457a-a3f9-ed2eb3cd8d23,"Data file",https://donnees-data.tpsgc-pwgsc.gc.ca/ba1/pretplaceavance-loaninvestadvance/pretplaceavance-loaninvestadvance.csv,"Fichier de données",https://donnees-data.tpsgc-pwgsc.gc.ca/ba1/pretplaceavance-loaninvestadvance/pretplaceavance-loaninvestadvance.csv
2023/2024,I,9,9.12b,"9.12a is the numbering for this table in the French version of the document","9.12a est la numérotation de ce tableau dans la version française du document","International development assistance—Developing countries",https://www.tpsgc-pwgsc.gc.ca/recgen/cpc-pac/2024/vol1/s9/appa-olia-eng.html#t9.12b,"Aide au développement international – Pays en développement",https://www.tpsgc-pwgsc.gc.ca/recgen/cpc-pac/2024/vol1/s9/appa-olia-fra.html#t9.12a,"Loans, Investments and Advances as per the Public Accounts of Canada",https://open.canada.ca/data/en/dataset/6c0aa172-47ed-457a-a3f9-ed2eb3cd8d23,"Prêts, placements et avances selon les Comptes publics du Canada",https://ouvert.canada.ca/data/fr/dataset/6c0aa172-47ed-457a-a3f9-ed2eb3cd8d23,"Data file",https://donnees-data.tpsgc-pwgsc.gc.ca/ba1/pretplaceavance-loaninvestadvance/pretplaceavance-loaninvestadvance.csv,"Fichier de données",https://donnees-data.tpsgc-pwgsc.gc.ca/ba1/pretplaceavance-loaninvestadvance/pretplaceavance-loaninvestadvance.csv
2023/2024,I,9,9.12c,"9.12d is the numbering for this table in the French version of the document","9.12d est la numérotation de ce tableau dans la version française du document","International Finance Corporation",https://www.tpsgc-pwgsc.gc.ca/recgen/cpc-pac/2024/vol1/s9/appa-olia-eng.html#t9.12c,"Société financière internationale",https://www.tpsgc-pwgsc.gc.ca/recgen/cpc-pac/2024/vol1/s9/appa-olia-fra.html#t9.12d,"Loans, Investments and Advances as per the Public Accounts of Canada",https://open.canada.ca/data/en/dataset/6c0aa172-47ed-457a-a3f9-ed2eb3cd8d23,"Prêts, placements et avances selon les Comptes publics du Canada",https://ouvert.canada.ca/data/fr/dataset/6c0aa172-47ed-457a-a3f9-ed2eb3cd8d23,"Data file",https://donnees-data.tpsgc-pwgsc.gc.ca/ba1/pretplaceavance-loaninvestadvance/pretplaceavance-loaninvestadvance.csv,"Fichier de données",https://donnees-data.tpsgc-pwgsc.gc.ca/ba1/pretplaceavance-loaninvestadvance/pretplaceavance-loaninvestadvance.csv
2023/2024,I,9,9.12d,"9.12c is the numbering for this table in the French version of the document","9.12c est la numérotation de ce tableau dans la version française du document","International financial institutions",https://www.tpsgc-pwgsc.gc.ca/recgen/cpc-pac/2024/vol1/s9/appa-olia-eng.html#t9.12d,"Institutions financières internationales",https://www.tpsgc-pwgsc.gc.ca/recgen/cpc-pac/2024/vol1/s9/appa-olia-fra.html#t9.12c,"Loans, Investments and Advances as per the Public Accounts of Canada",https://open.canada.ca/data/en/dataset/6c0aa172-47ed-457a-a3f9-ed2eb3cd8d23,"Prêts, placements et avances selon les Comptes publics du Canada",https://ouvert.canada.ca/data/fr/dataset/6c0aa172-47ed-457a-a3f9-ed2eb3cd8d23,"Data file",https://donnees-data.tpsgc-pwgsc.gc.ca/ba1/pretplaceavance-loaninvestadvance/pretplaceavance-loaninvestadvance.csv,"Fichier de données",https://donnees-data.tpsgc-pwgsc.gc.ca/ba1/pretplaceavance-loaninvestadvance/pretplaceavance-loaninvestadvance.csv
2023/2024,I,9,9.12e,"9.12b is the numbering for this table in the French version of the document","9.12b est la numérotation de ce tableau dans la version française du document","International organizations and associations",https://www.tpsgc-pwgsc.gc.ca/recgen/cpc-pac/2024/vol1/s9/appa-olia-eng.html#t9.12e,"Associations et organismes internationaux",https://www.tpsgc-pwgsc.gc.ca/recgen/cpc-pac/2024/vol1/s9/appa-olia-fra.html#t9.12b,"Loans, Investments and Advances as per the Public Accounts of Canada",https://open.canada.ca/data/en/dataset/6c0aa172-47ed-457a-a3f9-ed2eb3cd8d23,"Prêts, placements et avances selon les Comptes publics du Canada",https://ouvert.canada.ca/data/fr/dataset/6c0aa172-47ed-457a-a3f9-ed2eb3cd8d23,"Data file",https://donnees-data.tpsgc-pwgsc.gc.ca/ba1/pretplaceavance-loaninvestadvance/pretplaceavance-loaninvestadvance.csv,"Fichier de données",https://donnees-data.tpsgc-pwgsc.gc.ca/ba1/pretplaceavance-loaninvestadvance/pretplaceavance-loaninvestadvance.csv
2023/2024,I,9,9.12g,,,"Development of export trade - National governments",https://www.tpsgc-pwgsc.gc.ca/recgen/cpc-pac/2024/vol1/s9/appa-olia-eng.html#ft_w1s9liatable9_12ge-*a-ref,"Expansion du commerce d’exportation – Gouvernements étrangers",https://www.tpsgc-pwgsc.gc.ca/recgen/cpc-pac/2024/vol1/s9/appa-olia-fra.html#t9.12f,"Loans, Investments and Advances as per the Public Accounts of Canada",https://open.canada.ca/data/en/dataset/6c0aa172-47ed-457a-a3f9-ed2eb3cd8d23,"Prêts, placements et avances selon les Comptes publics du Canada",https://ouvert.canada.ca/data/fr/dataset/6c0aa172-47ed-457a-a3f9-ed2eb3cd8d23,"Data file",https://donnees-data.tpsgc-pwgsc.gc.ca/ba1/pretplaceavance-loaninvestadvance/pretplaceavance-loaninvestadvance.csv,"Fichier de données",https://donnees-data.tpsgc-pwgsc.gc.ca/ba1/pretplaceavance-loaninvestadvance/pretplaceavance-loaninvestadvance.csv
2023/2024,I,9,9.12f,"9.12e is the numbering for this table in the French version of the document","9.12e est la numérotation de ce tableau dans la version française du document","Support and Development of Export Trade",https://www.tpsgc-pwgsc.gc.ca/recgen/cpc-pac/2024/vol1/s9/appa-olia-eng.html#ft_w1s9liatable9_12fe-*a-ref,"Soutien au développement du Commerce d'exportation",https://www.tpsgc-pwgsc.gc.ca/recgen/cpc-pac/2024/vol1/s9/appa-olia-fra.html#t9.12e,"Loans, Investments and Advances as per the Public Accounts of Canada",https://open.canada.ca/data/en/dataset/6c0aa172-47ed-457a-a3f9-ed2eb3cd8d23,"Prêts, placements et avances selon les Comptes publics du Canada",https://ouvert.canada.ca/data/fr/dataset/6c0aa172-47ed-457a-a3f9-ed2eb3cd8d23,"Data file",https://donnees-data.tpsgc-pwgsc.gc.ca/ba1/pretplaceavance-loaninvestadvance/pretplaceavance-loaninvestadvance.csv,"Fichier de données",https://donnees-data.tpsgc-pwgsc.gc.ca/ba1/pretplaceavance-loaninvestadvance/pretplaceavance-loaninvestadvance.csv
2023/2024,I,10,10.1,,,"Non-financial assets by category",https://www.tpsgc-pwgsc.gc.ca/recgen/cpc-pac/2024/vol1/s10/anf-nfa-eng.html#t10.1,"Actifs non financiers par catégorie",https://www.tpsgc-pwgsc.gc.ca/recgen/cpc-pac/2024/vol1/s10/anf-nfa-fra.html#t10.1,"Non-financial assets; Vehicles & Assets under capital leases as per the Public Accounts of Canada",https://open.canada.ca/data/en/dataset/34e25481-a44d-491f-a1b4-97e37ce3a530,"Actifs non financiers; Véhicules & Biens loués en vertu de contrats de location-acquisition par catégories principales selon les Comptes publics du Canada",https://ouvert.canada.ca/data/fr/dataset/34e25481-a44d-491f-a1b4-97e37ce3a530,"Data file",https://donnees-data.tpsgc-pwgsc.gc.ca/ba1/anfcb-nfava/anfcb-nfava.csv,"Fichier de données",https://donnees-data.tpsgc-pwgsc.gc.ca/ba1/anfcb-nfava/anfcb-nfava.csv
2023/2024,I,10,10.2,,,"Tangible capital assets by main custodian ministries",https://www.tpsgc-pwgsc.gc.ca/recgen/cpc-pac/2024/vol1/s10/ic-tca-eng.html#t10.2,"Immobilisations corporelles par principaux portefeuilles ministériels ayant la garde des actifs",https://www.tpsgc-pwgsc.gc.ca/recgen/cpc-pac/2024/vol1/s10/ic-tca-fra.html#t10.2,"Tangible Capital Assets by Main Custodian Ministries as per the Public Accounts of Canada",https://open.canada.ca/data/en/dataset/1950a386-07cf-49f3-885a-1f0bd0779392,"Immobilisations corporelles par principaux portefeuilles ministériels ayant la garde de biens selon les Comptes publics du Canada",https://ouvert.canada.ca/data/fr/dataset/1950a386-07cf-49f3-885a-1f0bd0779392,"2005-2025 - Tangible Capital Assets",https://donnees-data.tpsgc-pwgsc.gc.ca/ba1/ppm-tca/ppm-tca.csv,"2005-2025 - Immobilisations corporelles",https://donnees-data.tpsgc-pwgsc.gc.ca/ba1/ppm-tca/ppm-tca.csv
2023/2024,I,10,10.3,,,"Vehicles by sub-category",https://www.tpsgc-pwgsc.gc.ca/recgen/cpc-pac/2024/vol1/s10/vehcls-eng.html#t10.3,"Véhicules par sous-catégorie",https://www.tpsgc-pwgsc.gc.ca/recgen/cpc-pac/2024/vol1/s10/vehcls-fra.html#t10.3,"Non-financial assets; Vehicles & Assets under capital leases as per the Public Accounts of Canada",https://open.canada.ca/data/en/dataset/34e25481-a44d-491f-a1b4-97e37ce3a530,"Actifs non financiers; Véhicules & Biens loués en vertu de contrats de location-acquisition par catégories principales selon les Comptes publics du Canada",https://ouvert.canada.ca/data/fr/dataset/34e25481-a44d-491f-a1b4-97e37ce3a530,"Data file",https://donnees-data.tpsgc-pwgsc.gc.ca/ba1/anfcb-nfava/anfcb-nfava.csv,"Fichier de données",https://donnees-data.tpsgc-pwgsc.gc.ca/ba1/anfcb-nfava/anfcb-nfava.csv
2023/2024,I,10,10.4,,,"Assets under capital leases by main category",https://www.tpsgc-pwgsc.gc.ca/recgen/cpc-pac/2024/vol1/s10/bscla-aucl-eng.html#t10.4,"Actifs loués en vertu de contrats de location-acquisition par catégories principales",https://www.tpsgc-pwgsc.gc.ca/recgen/cpc-pac/2024/vol1/s10/bscla-aucl-fra.html#t10.4,"Non-financial assets; Vehicles & Assets under capital leases as per the Public Accounts of Canada",https://open.canada.ca/data/en/dataset/34e25481-a44d-491f-a1b4-97e37ce3a530,"Actifs non financiers; Véhicules & Biens loués en vertu de contrats de location-acquisition par catégories principales selon les Comptes publics du Canada",https://ouvert.canada.ca/data/fr/dataset/34e25481-a44d-491f-a1b4-97e37ce3a530,"Data file",https://donnees-data.tpsgc-pwgsc.gc.ca/ba1/anfcb-nfava/anfcb-nfava.csv,"Fichier de données",https://donnees-data.tpsgc-pwgsc.gc.ca/ba1/anfcb-nfava/anfcb-nfava.csv
2023/2024,I,11,11.1,,,"Contractual obligations",https://www.tpsgc-pwgsc.gc.ca/recgen/cpc-pac/2024/vol1/s11/oc-co-eng.html#t11.1,"Obligations contractuelles",https://www.tpsgc-pwgsc.gc.ca/recgen/cpc-pac/2024/vol1/s11/oc-co-fra.html#t11.1,"Contractual Obligations (information from Transfer Payment Agreements, Capital Assets, Purchases and Operating Leases), as reported in the Public Accounts of Canada",https://open.canada.ca/data/en/dataset/02986ea0-3ab7-4a13-b391-209e535726d9,"Obligations contractuelles (informations sur les accords de paiements de transfert, immobilisations, achats et contrats de location-exploitation), telles que rapportées dans les Comptes publics du Canada",https://ouvert.canada.ca/data/fr/dataset/02986ea0-3ab7-4a13-b391-209e535726d9,"2024 - Contractual Obligations",https://donnees-data.tpsgc-pwgsc.gc.ca/ba1/oc-co/oc-co-2024-eng.csv,"2024 - Obligations contractuelles",https://donnees-data.tpsgc-pwgsc.gc.ca/ba1/oc-co/oc-co-2024-fra.csv
2023/2024,I,11,11.1,,,"Contractual obligations",https://www.tpsgc-pwgsc.gc.ca/recgen/cpc-pac/2024/vol1/s11/oc-co-eng.html#t11.1,"Obligations contractuelles",https://www.tpsgc-pwgsc.gc.ca/recgen/cpc-pac/2024/vol1/s11/oc-co-fra.html#t11.1,"International contractual obligations as per the Public Accounts of Canada",https://open.canada.ca/data/en/dataset/e59fc142-b6d8-4541-8b4b-81453f323709,"Obligations contractuelles internationales selon les Comptes publics du Canada",https://ouvert.canada.ca/data/fr/dataset/e59fc142-b6d8-4541-8b4b-81453f323709,"Data file",https://donnees-data.tpsgc-pwgsc.gc.ca/ba1/obligationscontractint-Intcontractobligations/obligationscontractint-Intcontractobligations.csv,"Fichier de données",https://donnees-data.tpsgc-pwgsc.gc.ca/ba1/obligationscontractint-Intcontractobligations/obligationscontractint-Intcontractobligations.csv
2023/2024,I,11,11.2,,,"Schedule of minimum payments",https://www.tpsgc-pwgsc.gc.ca/recgen/cpc-pac/2024/vol1/s11/oc-co-eng.html#t11.2,"Cédule des paiements minimums",https://www.tpsgc-pwgsc.gc.ca/recgen/cpc-pac/2024/vol1/s11/oc-co-fra.html#t11.2,"Contractual Obligations (information from Transfer Payment Agreements, Capital Assets, Purchases and Operating Leases), as reported in the Public Accounts of Canada",https://open.canada.ca/data/en/dataset/02986ea0-3ab7-4a13-b391-209e535726d9,"Obligations contractuelles (informations sur les accords de paiements de transfert, immobilisations, achats et contrats de location-exploitation), telles que rapportées dans les Comptes publics du Canada",https://ouvert.canada.ca/data/fr/dataset/02986ea0-3ab7-4a13-b391-209e535726d9,"2024 - Contractual Obligations",https://donnees-data.tpsgc-pwgsc.gc.ca/ba1/oc-co/oc-co-2024-eng.csv,"2024 - Obligations contractuelles",https://donnees-data.tpsgc-pwgsc.gc.ca/ba1/oc-co/oc-co-2024-fra.csv
2023/2024,I,11,11.2,,,"Schedule of minimum payments",https://www.tpsgc-pwgsc.gc.ca/recgen/cpc-pac/2024/vol1/s11/oc-co-eng.html#t11.2,"Cédule des paiements minimums",https://www.tpsgc-pwgsc.gc.ca/recgen/cpc-pac/2024/vol1/s11/oc-co-fra.html#t11.2,"International contractual obligations as per the Public Accounts of Canada",https://open.canada.ca/data/en/dataset/e59fc142-b6d8-4541-8b4b-81453f323709,"Obligations contractuelles internationales selon les Comptes publics du Canada",https://ouvert.canada.ca/data/fr/dataset/e59fc142-b6d8-4541-8b4b-81453f323709,"Data file",https://donnees-data.tpsgc-pwgsc.gc.ca/ba1/obligationscontractint-Intcontractobligations/obligationscontractint-Intcontractobligations.csv,"Fichier de données",https://donnees-data.tpsgc-pwgsc.gc.ca/ba1/obligationscontractint-Intcontractobligations/obligationscontractint-Intcontractobligations.csv
2023/2024,I,11,11.3,,,"Transfer payment agreements, capital assets, purchases and operating leases",https://www.tpsgc-pwgsc.gc.ca/recgen/cpc-pac/2024/vol1/s11/oc-co-eng.html#t11.3,"Accords de paiements de transfert, immobilisations, achats et contrats de location-exploitation",https://www.tpsgc-pwgsc.gc.ca/recgen/cpc-pac/2024/vol1/s11/oc-co-fra.html#t11.3,"Contractual Obligations (information from Transfer Payment Agreements, Capital Assets, Purchases and Operating Leases), as reported in the Public Accounts of Canada",https://open.canada.ca/data/en/dataset/02986ea0-3ab7-4a13-b391-209e535726d9,"Obligations contractuelles (informations sur les accords de paiements de transfert, immobilisations, achats et contrats de location-exploitation), telles que rapportées dans les Comptes publics du Canada",https://ouvert.canada.ca/data/fr/dataset/02986ea0-3ab7-4a13-b391-209e535726d9,"2024 - Contractual Obligations",https://donnees-data.tpsgc-pwgsc.gc.ca/ba1/oc-co/oc-co-2024-eng.csv,"2024 - Obligations contractuelles",https://donnees-data.tpsgc-pwgsc.gc.ca/ba1/oc-co/oc-co-2024-fra.csv
2023/2024,I,11,11.4,,,"International contractual obligations",https://www.tpsgc-pwgsc.gc.ca/recgen/cpc-pac/2024/vol1/s11/oc-co-eng.html#t11.4,"Obligations contractuelles internationales",https://www.tpsgc-pwgsc.gc.ca/recgen/cpc-pac/2024/vol1/s11/oc-co-fra.html#t11.4,"International contractual obligations as per the Public Accounts of Canada",https://open.canada.ca/data/en/dataset/e59fc142-b6d8-4541-8b4b-81453f323709,"Obligations contractuelles internationales selon les Comptes publics du Canada",https://ouvert.canada.ca/data/fr/dataset/e59fc142-b6d8-4541-8b4b-81453f323709,"Data file",https://donnees-data.tpsgc-pwgsc.gc.ca/ba1/obligationscontractint-Intcontractobligations/obligationscontractint-Intcontractobligations.csv,"Fichier de données",https://donnees-data.tpsgc-pwgsc.gc.ca/ba1/obligationscontractint-Intcontractobligations/obligationscontractint-Intcontractobligations.csv
2023/2024,I,11,11.5,,,"Sales of goods and services, leases of property, royalties and revenue/profit-sharing arrangements and other contractual rights",https://www.tpsgc-pwgsc.gc.ca/recgen/cpc-pac/2024/vol1/s11/dc-cr-eng.html#t11.5,"Vente de biens et de services, location de biens, ententes de redevances et de partage des revenus et des bénéfices et autres droits contractuels",https://www.tpsgc-pwgsc.gc.ca/recgen/cpc-pac/2024/vol1/s11/dc-cr-fra.html#t11.5,"Contractual rights as reported in the Public Accounts of Canada",https://open.canada.ca/data/en/dataset/e087cc23-20ee-44fb-9891-28fc54831c45,"Droits contractuels tels que rapportés dans les Comptes publics du Canada",https://ouvert.canada.ca/data/fr/dataset/e087cc23-20ee-44fb-9891-28fc54831c45,"Data file",https://donnees-data.tpsgc-pwgsc.gc.ca/ba1/droitscontractuels-contractualrights/droitscontractuels-contractualrights.csv,"Fichier de données",https://donnees-data.tpsgc-pwgsc.gc.ca/ba1/droitscontractuels-contractualrights/droitscontractuels-contractualrights.csv
2023/2024,I,11,11.6,,,"Guarantees provided by the government",https://www.tpsgc-pwgsc.gc.ca/recgen/cpc-pac/2024/vol1/s11/pe-cl-eng.html#t11.6,"Garanties accordées par le gouvernement",https://www.tpsgc-pwgsc.gc.ca/recgen/cpc-pac/2024/vol1/s11/pe-cl-fra.html#t11.6,"Guarantees provided by the Government as per the Public Accounts of Canada",https://open.canada.ca/data/en/dataset/5e3887f0-3b50-49ec-8377-116d79882316,"Garanties accordées par le gouvernement selon les Comptes publics du Canada",https://ouvert.canada.ca/data/fr/dataset/5e3887f0-3b50-49ec-8377-116d79882316,"Data file",https://donnees-data.tpsgc-pwgsc.gc.ca/ba1/garanties-guarantees/garanties-guarantees.csv,"Fichier de données",https://donnees-data.tpsgc-pwgsc.gc.ca/ba1/garanties-guarantees/garanties-guarantees.csv
2023/2024,I,11,11.7,,,"International organizations—Contingent liabilities",https://www.tpsgc-pwgsc.gc.ca/recgen/cpc-pac/2024/vol1/s11/pe-cl-eng.html#t11.7,"Organisations internationales  –  Passif éventuel",https://www.tpsgc-pwgsc.gc.ca/recgen/cpc-pac/2024/vol1/s11/pe-cl-fra.html#t11.7,"International organizations contingent liabilities as per the Public Accounts of Canada",https://open.canada.ca/data/en/dataset/8c77c1b3-6b53-4b1f-a0ab-f361ea9b1807,"Organisations internationales - Passif éventuel selon les Comptes publics du Canada",https://ouvert.canada.ca/data/fr/dataset/8c77c1b3-6b53-4b1f-a0ab-f361ea9b1807,"Data file",https://donnees-data.tpsgc-pwgsc.gc.ca/ba1/orgintpassifeventuel-Intorgcontingentliab/orgintpassifeventuel-Intorgcontingentliab.csv,"Fichier de données",https://donnees-data.tpsgc-pwgsc.gc.ca/ba1/orgintpassifeventuel-Intorgcontingentliab/orgintpassifeventuel-Intorgcontingentliab.csv
2023/2024,I,11,11.8,,,"Summary of insurance programs of agent enterprise Crown corporations for the year",https://www.tpsgc-pwgsc.gc.ca/recgen/cpc-pac/2024/vol1/s11/pe-cl-eng.html#t11.8,"Sommaire des programmes d'assurance des sociétés d'État entreprises mandataires pour l'exercice",https://www.tpsgc-pwgsc.gc.ca/recgen/cpc-pac/2024/vol1/s11/pe-cl-fra.html#t11.8,"N/A - Not published","N/A - Not published","s.o. - Non publié","s.o. - Non publié","N/A - Not published","N/A - Not published","s.o. - Non publié","s.o. - Non publié"
2023/2024,II,1,1,,,"Consolidated statement of revenues and expenses",https://www.tpsgc-pwgsc.gc.ca/recgen/cpc-pac/2024/vol2/s1/ecrc-csre-eng.html#t1,"État consolidé des revenus et charges",https://www.tpsgc-pwgsc.gc.ca/recgen/cpc-pac/2024/vol2/s1/ecrc-csre-fra.html#t1,"Consolidated Statement of Revenues and Expenses as per the Public Accounts",https://open.canada.ca/data/en/dataset/dff11e4c-c258-46cf-94e4-e4cc4b8a04e9,"État consolidé des revenus et charges selon les Comptes publics du Canada",https://ouvert.canada.ca/data/fr/dataset/dff11e4c-c258-46cf-94e4-e4cc4b8a04e9,"Data file",https://donnees-data.tpsgc-pwgsc.gc.ca/ba1/ecrc-csre/ecrc-csre.csv,"Fichier de données",https://donnees-data.tpsgc-pwgsc.gc.ca/ba1/ecrc-csre/ecrc-csre.csv
2023/2024,II,1,2,,,"Ministerial expenditures by type",https://www.tpsgc-pwgsc.gc.ca/recgen/cpc-pac/2024/vol2/s1/dmc-met-eng.html#t2,"Dépenses ministérielles par catégorie",https://www.tpsgc-pwgsc.gc.ca/recgen/cpc-pac/2024/vol2/s1/dmc-met-fra.html#t2,"Ministerial Expenditures by Type as per the Public Accounts of Canada",https://open.canada.ca/data/en/dataset/9df1d5f2-3c03-4dad-9b9b-67fcbafcc791,"Dépenses ministérielles par catégorie selon les Comptes publics du Canada",https://ouvert.canada.ca/data/fr/dataset/9df1d5f2-3c03-4dad-9b9b-67fcbafcc791,"2024 - Volume 2, Table 2 - Ministerial Expenditures by Type",https://donnees-data.tpsgc-pwgsc.gc.ca/ba1/dmc-met/dmc-met-2024-eng.csv,"2024 - Volume 2, Tableau 2 - Dépenses ministérielles par catégorie",https://donnees-data.tpsgc-pwgsc.gc.ca/ba1/dmc-met/dmc-met-2024-fra.csv
2023/2024,II,1,2a,,,"Recapitulation of external expenses by type",https://www.tpsgc-pwgsc.gc.ca/recgen/cpc-pac/2024/vol2/s1/rcec-reet-eng.html#t2a,"Récapitulation des charges externes par catégorie",https://www.tpsgc-pwgsc.gc.ca/recgen/cpc-pac/2024/vol2/s1/rcec-reet-fra.html#t2a,"Recapitulation of External Expenses by Type as per the Public Accounts of Canada",https://open.canada.ca/data/en/dataset/1c0cb853-80ae-48f6-b237-36185cfe8b1b,"Récapitulation des charges externes par catégorie selon les Comptes publics du Canada",https://ouvert.canada.ca/data/fr/dataset/1c0cb853-80ae-48f6-b237-36185cfe8b1b,"Data file",https://donnees-data.tpsgc-pwgsc.gc.ca/ba1/externalexp-charexterne/externalexp-charexterne.csv,"Fichier de données",https://donnees-data.tpsgc-pwgsc.gc.ca/ba1/externalexp-charexterne/externalexp-charexterne.csv
2023/2024,II,1,2b,,,"Details of other transfer payments by ministry",https://www.tpsgc-pwgsc.gc.ca/recgen/cpc-pac/2024/vol2/s1/daptpm-dotpm-eng.html#t2b,"Détail des autres paiements de transfert par portefeuille ministériel",https://www.tpsgc-pwgsc.gc.ca/recgen/cpc-pac/2024/vol2/s1/daptpm-dotpm-fra.html#t2b,"Details of Other Transfer Payments by Ministry and Details of Other Program Expenses of Other Ministries",https://open.canada.ca/data/en/dataset/f6db2071-1f97-4d88-8af0-1deeb949ee2f,"Détail des autres paiements de transfert par portefeuille ministériel et Détail des autres charges de programmes des autres portefeuilles ministériels",https://ouvert.canada.ca/data/fr/dataset/f6db2071-1f97-4d88-8af0-1deeb949ee2f,"2024 - Other Transfer Payments and Other Program Expenses",https://donnees-data.tpsgc-pwgsc.gc.ca/ba1/otpmopeom-apdtmacdpam/otpmopeom-apdtmacdpam-2024.csv,"2024 - autres paiements de transfert et autres charges de programmes",https://donnees-data.tpsgc-pwgsc.gc.ca/ba1/otpmopeom-apdtmacdpam/otpmopeom-apdtmacdpam-2024.csv
2023/2024,II,1,3,,,"Ministerial expenditures by standard object",https://www.tpsgc-pwgsc.gc.ca/recgen/cpc-pac/2024/vol2/s1/dmac-meso-eng.html#t3,"Dépenses ministérielles par article courant",https://www.tpsgc-pwgsc.gc.ca/recgen/cpc-pac/2024/vol2/s1/dmac-meso-fra.html#t3,"Ministerial Expenditures by Standard Object as per the Public Accounts of Canada",https://open.canada.ca/data/en/dataset/9c4bcc95-bd73-4476-b86f-03553d489a45,"Dépenses ministérielles par article courant selon les Comptes publics du Canada",https://ouvert.canada.ca/data/fr/dataset/9c4bcc95-bd73-4476-b86f-03553d489a45,"2024 - Volume 2, Table 3 - Ministerial Expenditures by Standard Object",https://donnees-data.tpsgc-pwgsc.gc.ca/ba1/dmac-meso/dmac-meso-2024.csv,"2024 - Volume 2, Tableau 3 - Dépenses ministérielles par article courant",https://donnees-data.tpsgc-pwgsc.gc.ca/ba1/dmac-meso/dmac-meso-2024.csv
2023/2024,II,1,3a,,,"Reconciliation of external expenditures by standard object to expenses",https://www.tpsgc-pwgsc.gc.ca/recgen/cpc-pac/2024/vol2/s1/rdeacc-reesoe-eng.html#t3a,"Rapprochement des dépenses externes par article courant avec les charges",https://www.tpsgc-pwgsc.gc.ca/recgen/cpc-pac/2024/vol2/s1/rdeacc-reesoe-fra.html#t3a,"Reconciliation of External Expenditures by Standard Object to Expenses as per the Public Accounts of Canada",https://open.canada.ca/data/en/dataset/fd5f8b66-649d-42e8-8d86-7f09928f5f19,"Rapprochement des dépenses externes par article courant avec les charges selon les Comptes publics du Canada",https://ouvert.canada.ca/data/fr/dataset/fd5f8b66-649d-42e8-8d86-7f09928f5f19,"2024 - Reconciliation of External Expenditures to Expenses",https://donnees-data.tpsgc-pwgsc.gc.ca/ba1/reesoe-rdeacc/reesoe-rdeacc-2024.csv,"2024 - Rapprochement des dépenses externes avec les charges",https://donnees-data.tpsgc-pwgsc.gc.ca/ba1/reesoe-rdeacc/reesoe-rdeacc-2024.csv
2023/2024,II,1,4,,,"Ministerial revenues",https://www.tpsgc-pwgsc.gc.ca/recgen/cpc-pac/2024/vol2/s1/rm-mr-eng.html#t4,"Revenus ministériels",https://www.tpsgc-pwgsc.gc.ca/recgen/cpc-pac/2024/vol2/s1/rm-mr-fra.html#t4,"Ministerial Revenues as per the Public Accounts of Canada",https://open.canada.ca/data/en/dataset/e5e419f8-7219-4faa-8b0d-22c006b5434f,"Revenus ministériels selon les Comptes publics du Canada",https://ouvert.canada.ca/data/fr/dataset/e5e419f8-7219-4faa-8b0d-22c006b5434f,"2024 - Volume 2, Table 4 - Ministerial Revenues",https://donnees-data.tpsgc-pwgsc.gc.ca/ba1/rm-mr/rm-mr-2024.csv,"2024 - Volume 2, Tableau 4 - Revenus ministériels",https://donnees-data.tpsgc-pwgsc.gc.ca/ba1/rm-mr/rm-mr-2024.csv
2023/2024,II,1,4a,,,"Recapitulation of external revenues by source",https://www.tpsgc-pwgsc.gc.ca/recgen/cpc-pac/2024/vol2/s1/rrep-rers-eng.html#t4a,"Récapitulation des revenus externes par provenance",https://www.tpsgc-pwgsc.gc.ca/recgen/cpc-pac/2024/vol2/s1/rrep-rers-fra.html#t4a,"Recapitulation of External Revenues by Source as per the Public Accounts of Canada",https://open.canada.ca/data/en/dataset/1dd16480-fd7e-4c45-b1cc-be6c07f11ab7,"Récapitulation des revenus externes par provenance selon les Comptes publics du Canada",https://ouvert.canada.ca/data/fr/dataset/1dd16480-fd7e-4c45-b1cc-be6c07f11ab7,"Data file",https://donnees-data.tpsgc-pwgsc.gc.ca/ba1/recaprevenu/recaprevenu.csv,"Fichier de données",https://donnees-data.tpsgc-pwgsc.gc.ca/ba1/recaprevenu/recaprevenu.csv
2023/2024,II,1,4b,,,"Sales of goods and services",https://www.tpsgc-pwgsc.gc.ca/recgen/cpc-pac/2024/vol2/s1/vbs-sgs-eng.html#t4b,"Ventes de biens et de services",https://www.tpsgc-pwgsc.gc.ca/recgen/cpc-pac/2024/vol2/s1/vbs-sgs-fra.html#t4b,"Sales of Goods and Services as per the Public Accounts of Canada",https://open.canada.ca/data/en/dataset/57bd4dfa-8321-4123-aa74-2a740b9e25ae,"Ventes de biens et de services selon les Comptes publics du Canada",https://ouvert.canada.ca/data/fr/dataset/57bd4dfa-8321-4123-aa74-2a740b9e25ae,"2024 - Sales of Goods and Services",https://donnees-data.tpsgc-pwgsc.gc.ca/ba1/vbs-sgs/vbs-sgs-2024.csv,"2024 - Ventes de biens et de services",https://donnees-data.tpsgc-pwgsc.gc.ca/ba1/vbs-sgs/vbs-sgs-2024.csv
2023/2024,II,1,5,,,"Source and disposition of budgetary authorities by ministry",https://www.tpsgc-pwgsc.gc.ca/recgen/cpc-pac/2024/vol2/s1/puabpm-sdbam-eng.html#t5,"Provenance et utilisation des autorisations budgétaires par portefeuille ministériel",https://www.tpsgc-pwgsc.gc.ca/recgen/cpc-pac/2024/vol2/s1/puabpm-sdbam-fra.html#t5,"Source and Disposition of Budgetary and Non-Budgetary Authorities by Ministry as per the Public Accounts of Canada",https://open.canada.ca/data/en/dataset/5ec5a46d-a050-4ddf-b9f9-4607f186c801,"Provenance et utilisation des autorisations budgétaires et non budgétaires par portefeuille ministériel selon les Comptes publics du Canada",https://ouvert.canada.ca/data/fr/dataset/5ec5a46d-a050-4ddf-b9f9-4607f186c801,"Data file",https://donnees-data.tpsgc-pwgsc.gc.ca/ba1/budgetaires-budgetary/budgetaires-budgetary.csv,"Fichier de données",https://donnees-data.tpsgc-pwgsc.gc.ca/ba1/budgetaires-budgetary/budgetaires-budgetary.csv
2023/2024,II,1,6,,,"Source and disposition of non-budgetary authorities by ministry",https://www.tpsgc-pwgsc.gc.ca/recgen/cpc-pac/2024/vol2/s1/puanbpm-sdnbam-eng.html#t6,"Provenance et utilisation des autorisations non budgétaires par portefeuille ministériel",https://www.tpsgc-pwgsc.gc.ca/recgen/cpc-pac/2024/vol2/s1/puanbpm-sdnbam-fra.html#t6,"Source and Disposition of Budgetary and Non-Budgetary Authorities by Ministry as per the Public Accounts of Canada",https://open.canada.ca/data/en/dataset/5ec5a46d-a050-4ddf-b9f9-4607f186c801,"Provenance et utilisation des autorisations budgétaires et non budgétaires par portefeuille ministériel selon les Comptes publics du Canada",https://ouvert.canada.ca/data/fr/dataset/5ec5a46d-a050-4ddf-b9f9-4607f186c801,"Data file",https://donnees-data.tpsgc-pwgsc.gc.ca/ba1/budgetaires-budgetary/budgetaires-budgetary.csv,"Fichier de données",https://donnees-data.tpsgc-pwgsc.gc.ca/ba1/budgetaires-budgetary/budgetaires-budgetary.csv
2023/2024,II,1,7,,,"Source and disposition of authorities by type (voted and statutory)",https://www.tpsgc-pwgsc.gc.ca/recgen/cpc-pac/2024/vol2/s1/puagvl-sdatvs-eng.html#t7,"Provenance et utilisation des autorisations par genre (votées et législatives)",https://www.tpsgc-pwgsc.gc.ca/recgen/cpc-pac/2024/vol2/s1/puagvl-sdatvs-fra.html#t7,"Source and Disposition of Authorities by Type (voted and statutory) as per the Public Accounts of Canada",https://open.canada.ca/data/en/dataset/d18df88b-657e-4418-b830-3b41f80e4339,"Provenance et utilisation des autorisations par genre (votées et législatives) selon les Comptes publics du Canada",https://ouvert.canada.ca/data/fr/dataset/d18df88b-657e-4418-b830-3b41f80e4339,"Data file",https://donnees-data.tpsgc-pwgsc.gc.ca/ba1/provutiliautorisationsgenre-srcdispauthoritiestype/provutiliautorisationsgenre-srcdispauthoritiestype.csv,"Fichier de données",https://donnees-data.tpsgc-pwgsc.gc.ca/ba1/provutiliautorisationsgenre-srcdispauthoritiestype/provutiliautorisationsgenre-srcdispauthoritiestype.csv
2023/2024,II,1,"App. 1",,,"Authorities granted in current year appropriation acts",https://www.tpsgc-pwgsc.gc.ca/recgen/cpc-pac/2024/vol2/s1/aalce-agcyaa-eng.html#td1,"Autorisations accordées dans les lois de crédits de l'exercice",https://www.tpsgc-pwgsc.gc.ca/recgen/cpc-pac/2024/vol2/s1/aalce-agcyaa-fra.html#td1,"N/A - Not published","N/A - Not published","s.o. - Non publié","s.o. - Non publié","N/A - Not published","N/A - Not published","s.o. - Non publié","s.o. - Non publié"
2023/2024,II,1,"App. 2",,,"Authorities granted by statutes other than Appropriation Acts",https://www.tpsgc-pwgsc.gc.ca/recgen/cpc-pac/2024/vol2/s1/aalaqlc-agsotaa-eng.html#td2,"Autorisations accordées par des lois autres que les lois de crédits",https://www.tpsgc-pwgsc.gc.ca/recgen/cpc-pac/2024/vol2/s1/aalaqlc-agsotaa-fra.html#td2,"N/A - Not published","N/A - Not published","s.o. - Non publié","s.o. - Non publié","N/A - Not published","N/A - Not published","s.o. - Non publié","s.o. - Non publié"
2023/2024,II,1,"App. 3",,,"Authorities available from previous years",https://www.tpsgc-pwgsc.gc.ca/recgen/cpc-pac/2024/vol2/s1/adea-aaopy-eng.html#td3,"Autorisations disponibles des exercices antérieurs",https://www.tpsgc-pwgsc.gc.ca/recgen/cpc-pac/2024/vol2/s1/adea-aaopy-fra.html#td3,"Authorities Available from Previous Years as per the Public Accounts of Canada",https://open.canada.ca/data/en/dataset/cef9908c-ee31-4279-b77a-499f408f73a9,"Autorisations disponibles des exercices antérieurs selon les Comptes publics du Canada",https://ouvert.canada.ca/data/fr/dataset/cef9908c-ee31-4279-b77a-499f408f73a9,"Data file",https://donnees-data.tpsgc-pwgsc.gc.ca/ba1/autodisp-authoravail/autodisp-authoravail.csv,"Fichier de données",https://donnees-data.tpsgc-pwgsc.gc.ca/ba1/autodisp-authoravail/autodisp-authoravail.csv
2023/2024,II,1,"App. 4",,,"Non-lapsing authorities granted/repealed in the current year",https://www.tpsgc-pwgsc.gc.ca/recgen/cpc-pac/2024/vol2/s1/apaace-nlagrcy-eng.html#td4,"Autorisations permanentes accordées/abrogées au cours de l'exercice",https://www.tpsgc-pwgsc.gc.ca/recgen/cpc-pac/2024/vol2/s1/apaace-nlagrcy-fra.html#td4,"Non-Lapsing Authorities Granted/Repealed In the Current Year as per the Public Accounts of Canada",https://open.canada.ca/data/en/dataset/72005e14-f916-4111-8a1f-5b37416077d1,"Autorisations permanentes accordées/abrogées au cours de l'exercice selon les Comptes publics du Canada",https://ouvert.canada.ca/data/fr/dataset/72005e14-f916-4111-8a1f-5b37416077d1,"Data file",https://donnees-data.tpsgc-pwgsc.gc.ca/ba1/autopermanent-nonlapseauth/autopermanent-nonlapseauth.csv,"Ficher de données",https://donnees-data.tpsgc-pwgsc.gc.ca/ba1/autopermanent-nonlapseauth/autopermanent-nonlapseauth.csv
2023/2024,II,1,"App. 5",,,"Authorities for the spending of proceeds from the disposal of surplus Crown assets",https://www.tpsgc-pwgsc.gc.ca/recgen/cpc-pac/2024/vol2/s1/ardpvbee-aspdsca-eng.html#td5,"Autorisations relatives à la dépense des produits de la vente de biens excédentaires de l'État",https://www.tpsgc-pwgsc.gc.ca/recgen/cpc-pac/2024/vol2/s1/ardpvbee-aspdsca-fra.html#td5,"Authorities for the Spending of Proceeds from the Disposal of Surplus Crown Assets as per the Public Accounts",https://open.canada.ca/data/en/dataset/61b122cf-7bff-4451-8c88-f233fcd508b0,"Autorisations relatives à la dépense des produits de la vente de biens excédentaires de l'État selon les Comptes publics du Canada",https://ouvert.canada.ca/data/fr/dataset/61b122cf-7bff-4451-8c88-f233fcd508b0,"Data file",https://donnees-data.tpsgc-pwgsc.gc.ca/ba1/ardpvbe-aspdsca/ardpvbe-aspdsca.csv,"Ficher de données",https://donnees-data.tpsgc-pwgsc.gc.ca/ba1/ardpvbe-aspdsca/ardpvbe-aspdsca.csv
2023/2024,II,"2 to/à 30","Various / Divers","Refer to Supporting Documentation","Reportez-vous à la documentation de soutien","Ministry summary",https://www.tpsgc-pwgsc.gc.ca/recgen/cpc-pac/2024/vol2/intro-eng.html,"Sommaire du portefeuille ministériel",https://www.tpsgc-pwgsc.gc.ca/recgen/cpc-pac/2024/vol2/intro-fra.html,"N/A - Not published","N/A - Not published","s.o. - Non publié","s.o. - Non publié","N/A - Not published","N/A - Not published","s.o. - Non publié","s.o. - Non publié"
2023/2024,II,"2 to/à 30","Various / Divers","Refer to Supporting Documentation","Reportez-vous à la documentation de soutien","Budgetary details by allotment",https://www.tpsgc-pwgsc.gc.ca/recgen/cpc-pac/2024/vol2/intro-eng.html,"Détail budgétaire par affectation",https://www.tpsgc-pwgsc.gc.ca/recgen/cpc-pac/2024/vol2/intro-fra.html,"Budgetary details by allotment as per the Public Accounts of Canada",https://open.canada.ca/data/en/dataset/63f81721-208c-4ef3-8d18-8ffe378803ef,"Détail budgétaire par affectation selon les Comptes publics du Canada",https://ouvert.canada.ca/data/fr/dataset/63f81721-208c-4ef3-8d18-8ffe378803ef,"Data file",https://donnees-data.tpsgc-pwgsc.gc.ca/ba1/detailbudgetaireaffectation-budgetarydetailsallotment/detailbudgetaireaffectation-budgetarydetailsallotment.csv,"Fichier de données",https://donnees-data.tpsgc-pwgsc.gc.ca/ba1/detailbudgetaireaffectation-budgetarydetailsallotment/detailbudgetaireaffectation-budgetarydetailsallotment.csv
2023/2024,II,"2 to/à 30","Various / Divers","Refer to Supporting Documentation","Reportez-vous à la documentation de soutien","Core responsibilities",https://www.tpsgc-pwgsc.gc.ca/recgen/cpc-pac/2024/vol2/intro-eng.html,"Responsabilités essentielles",https://www.tpsgc-pwgsc.gc.ca/recgen/cpc-pac/2024/vol2/intro-fra.html,"Core responsibilities as per the Public Accounts of Canada",https://open.canada.ca/data/en/dataset/c9675417-100a-433a-92d4-79b710408def,"Responsabilités essentielles selon les Comptes publics du Canada",https://open.canada.ca/data/fr/dataset/c9675417-100a-433a-92d4-79b710408def,"Data file",https://donnees-data.tpsgc-pwgsc.gc.ca/ba1/respessentielles-coreresp/respessentielles-coreresp.csv,"Fichier de données",https://donnees-data.tpsgc-pwgsc.gc.ca/ba1/respessentielles-coreresp/respessentielles-coreresp.csv
2023/2024,II,"2 to/à 30","Various / Divers","Refer to Supporting Documentation","Reportez-vous à la documentation de soutien","Transfer payments",https://www.tpsgc-pwgsc.gc.ca/recgen/cpc-pac/2024/vol2/intro-eng.html,"Paiements de transfert",https://www.tpsgc-pwgsc.gc.ca/recgen/cpc-pac/2024/vol2/intro-fra.html,"Transfer payments as per the Public Accounts of Canada",https://open.canada.ca/data/en/dataset/2c408900-c540-4a98-994e-06465b15c27a,"Paiements de transfert selon les Comptes publics du Canada",https://open.canada.ca/data/fr/dataset/2c408900-c540-4a98-994e-06465b15c27a,"Data file",https://donnees-data.tpsgc-pwgsc.gc.ca/ba1/paiementstransfert-transferpayments/paiementstransfert-transferpayments.csv,"Fichier de données",https://donnees-data.tpsgc-pwgsc.gc.ca/ba1/paiementstransfert-transferpayments/paiementstransfert-transferpayments.csv
2023/2024,II,"2 to/à 30","Various / Divers","Refer to Supporting Documentation","Reportez-vous à la documentation de soutien","Details of respendable amounts",https://www.tpsgc-pwgsc.gc.ca/recgen/cpc-pac/2024/vol2/intro-eng.html,"Détail des montants disponibles pour être dépensés",https://www.tpsgc-pwgsc.gc.ca/recgen/cpc-pac/2024/vol2/intro-fra.html,"Details of Respendable Amounts as per the Public Accounts of Canada",https://open.canada.ca/data/en/dataset/3eac04b7-b790-4b90-a6b0-a088f44f76d7,"Détails des montants disponibles pour être dépensés selon les Comptes publics du Canada",https://open.canada.ca/data/fr/dataset/3eac04b7-b790-4b90-a6b0-a088f44f76d7,"Data file",https://donnees-data.tpsgc-pwgsc.gc.ca/ba1/detailsmontantsdepenses-detailsrespendableamounts/detailsmontantsdepenses-detailsrespendableamounts.csv,"Fichier de données",https://donnees-data.tpsgc-pwgsc.gc.ca/ba1/detailsmontantsdepenses-detailsrespendableamounts/detailsmontantsdepenses-detailsrespendableamounts.csv
2023/2024,II,"2 to/à 30","Various / Divers","Refer to Supporting Documentation","Reportez-vous à la documentation de soutien",Revenues,https://www.tpsgc-pwgsc.gc.ca/recgen/cpc-pac/2024/vol2/intro-eng.html,Revenus,https://www.tpsgc-pwgsc.gc.ca/recgen/cpc-pac/2024/vol2/intro-fra.html,"N/A - Not published","N/A - Not published","s.o. - Non publié","s.o. - Non publié","N/A - Not published","N/A - Not published","s.o. - Non publié","s.o. - Non publié"
2023/2024,III,2,1,,,"Summary of remissions of taxes, fees, penalties and other debts",https://www.tpsgc-pwgsc.gc.ca/recgen/cpc-pac/2024/vol3/s2/rtdpad-rtfpod-eng.html#w3s2remisst2,"Sommaire sur les remises de taxes, droits, pénalités et autres dettes",https://www.tpsgc-pwgsc.gc.ca/recgen/cpc-pac/2024/vol3/s2/rtdpad-rtfpod-fra.html#w3s2remisst2f,"Remissions of Taxes, fees, Penalties and Other Debts as per the Public Accounts of Canada",https://open.canada.ca/data/en/dataset/192eaf3d-c5f0-4d0b-a2e9-504c96e796ea,"Remises de taxes, droits, pénalités et autres dettes selon les Comptes publics du Canada",https://ouvert.canada.ca/data/fr/dataset/192eaf3d-c5f0-4d0b-a2e9-504c96e796ea,"Data file",https://donnees-data.tpsgc-pwgsc.gc.ca/ba1/remtaxesdroitspenalitesad-remtaxesfeespenaltiesod/remtaxesdroitspenalitesad-remtaxesfeespenaltiesod.csv,"Fichier de données",https://donnees-data.tpsgc-pwgsc.gc.ca/ba1/remtaxesdroitspenalitesad-remtaxesfeespenaltiesod/remtaxesdroitspenalitesad-remtaxesfeespenaltiesod.csv
2023/2024,III,2,2,,,"Details of remissions of taxes, fees, penalties and other debts",https://www.tpsgc-pwgsc.gc.ca/recgen/cpc-pac/2024/vol3/s2/rtdpad-rtfpod-eng.html#w3s2remisst1e,"Détail sur les remises de taxes, droits, pénalités et autres dettes",https://www.tpsgc-pwgsc.gc.ca/recgen/cpc-pac/2024/vol3/s2/rtdpad-rtfpod-fra.html#w3s2remisst1f,"Remissions of Taxes, fees, Penalties and Other Debts as per the Public Accounts of Canada",https://open.canada.ca/data/en/dataset/192eaf3d-c5f0-4d0b-a2e9-504c96e796ea,"Remises de taxes, droits, pénalités et autres dettes selon les Comptes publics du Canada",https://ouvert.canada.ca/data/fr/dataset/192eaf3d-c5f0-4d0b-a2e9-504c96e796ea,"Data file",https://donnees-data.tpsgc-pwgsc.gc.ca/ba1/remtaxesdroitspenalitesad-remtaxesfeespenaltiesod/remtaxesdroitspenalitesad-remtaxesfeespenaltiesod.csv,"Fichier de données",https://donnees-data.tpsgc-pwgsc.gc.ca/ba1/remtaxesdroitspenalitesad-remtaxesfeespenaltiesod/remtaxesdroitspenalitesad-remtaxesfeespenaltiesod.csv
2023/2024,III,2,1,,,"Debts, obligations and claims written off or forgiven",https://www.tpsgc-pwgsc.gc.ca/recgen/cpc-pac/2024/vol3/s2/crr-docwof-eng.html#t2.8,"Créances, radiations ou renonciations",https://www.tpsgc-pwgsc.gc.ca/recgen/cpc-pac/2024/vol3/s2/crr-docwof-fra.html#t2.8,"Debts, Obligations and Claims Written Off or Forgiven as per the Public Accounts of Canada",https://open.canada.ca/data/en/dataset/257d9576-1d54-43bd-aee8-294c955c956d,"Créances - radiations ou renonciations selon les Comptes publics du Canada",https://ouvert.canada.ca/data/fr/dataset/257d9576-1d54-43bd-aee8-294c955c956d,"Data file",https://donnees-data.tpsgc-pwgsc.gc.ca/ba1/creancerenon-debtforgive/creancerenon-debtforgive.csv,"Fichier de données",https://donnees-data.tpsgc-pwgsc.gc.ca/ba1/creancerenon-debtforgive/creancerenon-debtforgive.csv
2023/2024,III,2,1,,,"Accountable advances",https://www.tpsgc-pwgsc.gc.ca/recgen/cpc-pac/2024/vol3/s2/aj-aa-eng.html#w3s2acctadvt1,"Avances à justifier",https://www.tpsgc-pwgsc.gc.ca/recgen/cpc-pac/2024/vol3/s2/aj-aa-fra.html#w3s2acctadvt1f,"Accountable Advances as per the Public Accounts of Canada",https://open.canada.ca/data/en/dataset/8d8699ae-c080-4e73-90a1-daaab94b84df,"Avances à justifier selon les Comptes publics du Canada",https://ouvert.canada.ca/data/fr/dataset/8d8699ae-c080-4e73-90a1-daaab94b84df,"Data file",https://donnees-data.tpsgc-pwgsc.gc.ca/ba1/avancesjustifier-accountableadvances/avancesjustifier-accountableadvances.csv,"Fichier de données",https://donnees-data.tpsgc-pwgsc.gc.ca/ba1/avancesjustifier-accountableadvances/avancesjustifier-accountableadvances.csv
2023/2024,III,2,1,,,"Losses of revenues due to fraud or willful misrepresentation",https://www.tpsgc-pwgsc.gc.ca/recgen/cpc-pac/2024/vol3/s2/pfbp-lpmp-eng.html#w3s2lossT1,"Pertes de revenus suite à une fraude ou à une fausse déclaration intentionnelle",https://www.tpsgc-pwgsc.gc.ca/recgen/cpc-pac/2024/vol3/s2/pfbp-lpmp-fra.html#w3s2lossT1f,"Losses of Public Money or Property as per the Public Accounts of Canada",https://open.canada.ca/data/en/dataset/024ec008-653b-4632-ade8-3d6c0c27729a,"Pertes de fonds ou de biens publics selon les Comptes publics du Canada",https://ouvert.canada.ca/data/fr/dataset/024ec008-653b-4632-ade8-3d6c0c27729a,"Data file",https://donnees-data.tpsgc-pwgsc.gc.ca/ba1/perteargentbienspublic-losspublicmoneyproperty/perteargentbienspublic-losspublicmoneyproperty.csv,"Fichier de données",https://donnees-data.tpsgc-pwgsc.gc.ca/ba1/perteargentbienspublic-losspublicmoneyproperty/perteargentbienspublic-losspublicmoneyproperty.csv
2023/2024,III,2,2,,,"Losses of public money due to an offence, illegal act or accident",https://www.tpsgc-pwgsc.gc.ca/recgen/cpc-pac/2024/vol3/s2/pfbp-lpmp-eng.html#w3s2lossT2,"Pertes de fonds publics attribuables à une infraction, un acte illégal ou un accident",https://www.tpsgc-pwgsc.gc.ca/recgen/cpc-pac/2024/vol3/s2/pfbp-lpmp-fra.html#w3s2lossT2f,"Losses of Public Money or Property as per the Public Accounts of Canada",https://open.canada.ca/data/en/dataset/024ec008-653b-4632-ade8-3d6c0c27729a,"Pertes de fonds ou de biens publics selon les Comptes publics du Canada",https://ouvert.canada.ca/data/fr/dataset/024ec008-653b-4632-ade8-3d6c0c27729a,"Data file",https://donnees-data.tpsgc-pwgsc.gc.ca/ba1/perteargentbienspublic-losspublicmoneyproperty/perteargentbienspublic-losspublicmoneyproperty.csv,"Fichier de données",https://donnees-data.tpsgc-pwgsc.gc.ca/ba1/perteargentbienspublic-losspublicmoneyproperty/perteargentbienspublic-losspublicmoneyproperty.csv
2023/2024,III,2,3,,,"Losses of public property due to an offence or other illegal act",https://www.tpsgc-pwgsc.gc.ca/recgen/cpc-pac/2024/vol3/s2/pfbp-lpmp-eng.html#w3s2lossT3,"Pertes de biens publics attribuables à une infraction ou autre acte illégal",https://www.tpsgc-pwgsc.gc.ca/recgen/cpc-pac/2024/vol3/s2/pfbp-lpmp-fra.html#w3s2lossT3f,"Losses of Public Money or Property as per the Public Accounts of Canada",https://open.canada.ca/data/en/dataset/024ec008-653b-4632-ade8-3d6c0c27729a,"Pertes de fonds ou de biens publics selon les Comptes publics du Canada",https://ouvert.canada.ca/data/fr/dataset/024ec008-653b-4632-ade8-3d6c0c27729a,"Data file",https://donnees-data.tpsgc-pwgsc.gc.ca/ba1/perteargentbienspublic-losspublicmoneyproperty/perteargentbienspublic-losspublicmoneyproperty.csv,"Fichier de données",https://donnees-data.tpsgc-pwgsc.gc.ca/ba1/perteargentbienspublic-losspublicmoneyproperty/perteargentbienspublic-losspublicmoneyproperty.csv
2023/2024,III,2,4,,,"Losses of public property due to accidental loss, destruction or damage",https://www.tpsgc-pwgsc.gc.ca/recgen/cpc-pac/2024/vol3/s2/pfbp-lpmp-eng.html#w3s2lossT4,"Pertes de biens publics attribuables à une perte, destruction ou un dommage accidentel",https://www.tpsgc-pwgsc.gc.ca/recgen/cpc-pac/2024/vol3/s2/pfbp-lpmp-fra.html#w3s2lossT4f,"Losses of Public Money or Property as per the Public Accounts of Canada",https://open.canada.ca/data/en/dataset/024ec008-653b-4632-ade8-3d6c0c27729a,"Pertes de fonds ou de biens publics selon les Comptes publics du Canada",https://ouvert.canada.ca/data/fr/dataset/024ec008-653b-4632-ade8-3d6c0c27729a,"Data file",https://donnees-data.tpsgc-pwgsc.gc.ca/ba1/perteargentbienspublic-losspublicmoneyproperty/perteargentbienspublic-losspublicmoneyproperty.csv,"Fichier de données",https://donnees-data.tpsgc-pwgsc.gc.ca/ba1/perteargentbienspublic-losspublicmoneyproperty/perteargentbienspublic-losspublicmoneyproperty.csv
2023/2024,III,2,5,,,"Losses of public money or property—Update to cases reported in previous years' Public Accounts of Canada",https://www.tpsgc-pwgsc.gc.ca/recgen/cpc-pac/2024/vol3/s2/pfbp-lpmp-eng.html#w3s2lossT5,"Pertes de fonds ou de biens publics  —  Mise à jour des cas déclarés dans les Comptes publics du Canada des exercices antérieurs",https://www.tpsgc-pwgsc.gc.ca/recgen/cpc-pac/2024/vol3/s2/pfbp-lpmp-fra.html#w3s2lossT5f,"Losses of Public Money or Property as per the Public Accounts of Canada",https://open.canada.ca/data/en/dataset/024ec008-653b-4632-ade8-3d6c0c27729a,"Pertes de fonds ou de biens publics selon les Comptes publics du Canada",https://ouvert.canada.ca/data/fr/dataset/024ec008-653b-4632-ade8-3d6c0c27729a,"Data file",https://donnees-data.tpsgc-pwgsc.gc.ca/ba1/perteargentbienspublic-losspublicmoneyproperty/perteargentbienspublic-losspublicmoneyproperty.csv,"Fichier de données",https://donnees-data.tpsgc-pwgsc.gc.ca/ba1/perteargentbienspublic-losspublicmoneyproperty/perteargentbienspublic-losspublicmoneyproperty.csv
2023/2024,III,3,1,,,"Professional and special services",https://www.tpsgc-pwgsc.gc.ca/recgen/cpc-pac/2024/vol3/s3/index-eng.html#w3s3proft1e,"Services professionnels et spéciaux",https://www.tpsgc-pwgsc.gc.ca/recgen/cpc-pac/2024/vol3/s3/index-fra.html#w3s3proft1f,"Detailed information on Professional and Special Services, as per the Public Accounts of Canada",https://open.canada.ca/data/en/dataset/ac597ff8-ee13-48c3-b315-42e528090af2,"Information détaillée sur les Services professionnels et spéciaux, selon les Comptes publics du Canada",https://ouvert.canada.ca/data/fr/dataset/ac597ff8-ee13-48c3-b315-42e528090af2,"2024 - Professional and Special Services",https://donnees-data.tpsgc-pwgsc.gc.ca/ba1/idsps-dipss/idsps-dipss-2024.csv,"2024 - Services professionnels et spéciaux",https://donnees-data.tpsgc-pwgsc.gc.ca/ba1/idsps-dipss/idsps-dipss-2024.csv
2023/2024,III,4,1,,,"Acquisition of land, buildings and works",https://www.tpsgc-pwgsc.gc.ca/recgen/cpc-pac/2024/vol3/s4/index-eng.html#w3s4landT1e,"Acquisition de terrains, bâtiments et travaux",https://www.tpsgc-pwgsc.gc.ca/recgen/cpc-pac/2024/vol3/s4/index-fra.html#w3s4landT1f,"Detailed information on Acquisition of Land, Building and Works, as per the Public Accounts of Canada",https://open.canada.ca/data/en/dataset/8776785b-445c-42bb-bb53-c29a1bff44dd,"Information détaillée sur l’acquisition de terrains, bâtiments et travaux, selon les Comptes publics du Canada",https://ouvert.canada.ca/data/fr/dataset/8776785b-445c-42bb-bb53-c29a1bff44dd,"2024 - Acquisition of Land, Buildings and Works",https://donnees-data.tpsgc-pwgsc.gc.ca/ba1/atbt-albw/atbt-albw-2024.csv,"2024 - Acquisition de terrains, bâtiments et travaux",https://donnees-data.tpsgc-pwgsc.gc.ca/ba1/atbt-albw/atbt-albw-2024.csv
2023/2024,III,5,1,,,"Acquisition of machinery and equipment",https://www.tpsgc-pwgsc.gc.ca/recgen/cpc-pac/2024/vol3/s5/index-eng.html#w3s5machineryT1e,"Acquisition de machinerie et matériel",https://www.tpsgc-pwgsc.gc.ca/recgen/cpc-pac/2024/vol3/s5/index-fra.html#w3s5machineryT1f,"Detailed information on Acquisition of Machinery and Equipment, as per the Public Accounts of Canada",https://open.canada.ca/data/en/dataset/2667652d-0484-4e93-b67e-9aa129cf152d,"Information détaillée sur l’acquisition de matériel et d'outillage, selon les Comptes publics du Canada",https://ouvert.canada.ca/data/fr/dataset/2667652d-0484-4e93-b67e-9aa129cf152d,"2024 - Detailed information on Acquisition of Machinery and Equipment",https://donnees-data.tpsgc-pwgsc.gc.ca/ba1/amo-ame/amo-ame-2024.csv,"2024 - Information détaillée sur l’acquisition de matériel et d'outillage",https://donnees-data.tpsgc-pwgsc.gc.ca/ba1/amo-ame/amo-ame-2024.csv
2023/2024,III,6,1,,,"Transfer payments",https://www.tpsgc-pwgsc.gc.ca/recgen/cpc-pac/2024/vol3/s6/index-eng.html#w3s6transpmtT1e,"Paiements de transfert",https://www.tpsgc-pwgsc.gc.ca/recgen/cpc-pac/2024/vol3/s6/index-fra.html#w3s6transpmtT1f,"Detailed information on Transfer Payments, as per the Public Accounts of Canada",https://open.canada.ca/data/en/dataset/69bdc3eb-e919-4854-bc52-a435a3e19092,"Information détaillée sur les paiements de transfert, selon les Comptes publics du Canada",https://ouvert.canada.ca/data/fr/dataset/69bdc3eb-e919-4854-bc52-a435a3e19092,"2024 - Transfer Payments",https://donnees-data.tpsgc-pwgsc.gc.ca/ba1/pt-tp/pt-tp-2024.csv,"2024 - Paiements de transfert",https://donnees-data.tpsgc-pwgsc.gc.ca/ba1/pt-tp/pt-tp-2024.csv
2023/2024,III,7,1,,,"Public debt charges",https://www.tpsgc-pwgsc.gc.ca/recgen/cpc-pac/2024/vol3/s7/index-eng.html#w3s7pdcT1e,"Frais de la dette publique",https://www.tpsgc-pwgsc.gc.ca/recgen/cpc-pac/2024/vol3/s7/index-fra.html#w3s7pdcT1f,"Public Debt Charges as per the Public Accounts",https://open.canada.ca/data/en/dataset/38be36d2-7c40-40c8-a782-783f4c56c4ce,"Frais de la dette publique selon les Comptes publics du Canada",https://ouvert.canada.ca/data/fr/dataset/38be36d2-7c40-40c8-a782-783f4c56c4ce,"Data file",https://donnees-data.tpsgc-pwgsc.gc.ca/ba1/fraisdettepublique-publicdebtcharges/fraisdettepublique-publicdebtcharges.csv,"Fichier de données",https://donnees-data.tpsgc-pwgsc.gc.ca/ba1/fraisdettepublique-publicdebtcharges/fraisdettepublique-publicdebtcharges.csv
2023/2024,III,8,1,,,"Payments of claims against the Crown",https://www.tpsgc-pwgsc.gc.ca/recgen/cpc-pac/2024/vol3/s8/prce-pcac-eng.html#w3s8claimt1e,"Paiements de réclamations contre l'État",https://www.tpsgc-pwgsc.gc.ca/recgen/cpc-pac/2024/vol3/s8/prce-pcac-fra.html#w3s8claimt1f,"Payments of Claims against the Crown as per Public Accounts of Canada",https://open.canada.ca/data/en/dataset/d7ea1810-69d6-4934-a5ad-1cfdce27d45b,"Paiements de réclamations contre l'État selon les Comptes publics du Canada",https://ouvert.canada.ca/data/fr/dataset/d7ea1810-69d6-4934-a5ad-1cfdce27d45b,"2024 - Volume 3, Section 8, Payments of Claims against the Crown",https://donnees-data.tpsgc-pwgsc.gc.ca/ba1/pocatc-pdrclsl/pocatc-pdrclsl-2024.csv,"2024 - Volume 3, Section 8, Paiements de réclamations contre l'État",https://donnees-data.tpsgc-pwgsc.gc.ca/ba1/pocatc-pdrclsl/pocatc-pdrclsl-2024.csv
2023/2024,III,8,1,,,"Ex gratia payments",https://www.tpsgc-pwgsc.gc.ca/recgen/cpc-pac/2024/vol3/s8/ptg-egp-eng.html#w3s8exgratia1e,"Paiements à titre gracieux",https://www.tpsgc-pwgsc.gc.ca/recgen/cpc-pac/2024/vol3/s8/ptg-egp-fra.html#w3s8exgratia1f,"Ex Gratia Payments as per the Public Accounts of Canada",https://open.canada.ca/data/en/dataset/87906970-eae3-4b4a-8726-d688ee6dcaba,"Paiements à titre gracieux selon les Comptes publics du Canada",https://ouvert.canada.ca/data/fr/dataset/87906970-eae3-4b4a-8726-d688ee6dcaba,"Data file",https://donnees-data.tpsgc-pwgsc.gc.ca/ba1/exgp-ptgs/exgp-ptgs.csv,"Fichier de données",https://donnees-data.tpsgc-pwgsc.gc.ca/ba1/exgp-ptgs/exgp-ptgs.csv
2023/2024,III,8,1,,,"Court awards",https://www.tpsgc-pwgsc.gc.ca/recgen/cpc-pac/2024/vol3/s8/mapuc-ca-eng.html#w3s8courtawt1e,"Montants adjugés par une cour",https://www.tpsgc-pwgsc.gc.ca/recgen/cpc-pac/2024/vol3/s8/mapuc-ca-fra.html#w3s8courtawt1f,"Court awards as per the Public Accounts of Canada",https://open.canada.ca/data/en/dataset/d02f1c50-5e0b-4aa8-8874-6960b2d1c63e,"Montants adjugés par une cour selon les Comptes publics du Canada",https://ouvert.canada.ca/data/fr/dataset/d02f1c50-5e0b-4aa8-8874-6960b2d1c63e,"Data file",https://donnees-data.tpsgc-pwgsc.gc.ca/ba1/montantadjuges-courtawards/montantadjuges-courtawards.csv,"Fichier de données",https://donnees-data.tpsgc-pwgsc.gc.ca/ba1/montantadjuges-courtawards/montantadjuges-courtawards.csv
2023/2024,III,9,"Various / Divers","Refer to Supporting Documentation","Reportez-vous à la documentation de soutien","Federal-provincial shared-cost programs",https://www.tpsgc-pwgsc.gc.ca/recgen/cpc-pac/2024/vol3/s9/index-eng.html#wb-cont,"Programmes fédéraux-provinciaux à frais partagés",https://www.tpsgc-pwgsc.gc.ca/recgen/cpc-pac/2024/vol3/s9/index-fra.html#wb-cont,"Federal-Provincial Shared-Cost Programs as per the Public Accounts of Canada",https://open.canada.ca/data/en/dataset/f198074c-9e91-419a-a5c1-c5ad3c805474,"Programmes fédéraux-provinciaux à frais partagés selon les Comptes publics du Canada",https://ouvert.canada.ca/data/fr/dataset/f198074c-9e91-419a-a5c1-c5ad3c805474,"Data file",https://donnees-data.tpsgc-pwgsc.gc.ca/ba1/programmesfraispartages-sharedcostprograms/programmesfraispartages-sharedcostprograms.csv,"Fichier de données",https://donnees-data.tpsgc-pwgsc.gc.ca/ba1/programmesfraispartages-sharedcostprograms/programmesfraispartages-sharedcostprograms.csv
2023/2024,III,10,1,,,"General information by commission",https://www.tpsgc-pwgsc.gc.ca/recgen/cpc-pac/2024/vol3/s10/commissions-eng.html#3s10commissT1e,"Information générale par commission",https://www.tpsgc-pwgsc.gc.ca/recgen/cpc-pac/2024/vol3/s10/commissions-fra.html#3s10commissT1f,"Commissions - General Information by Commission as per the Public Accounts of Canada",https://open.canada.ca/data/en/dataset/202331df-5e12-4666-a694-abc830649b02,"Commissions - Information générale par commission selon les Comptes publics du Canada",https://ouvert.canada.ca/data/fr/dataset/202331df-5e12-4666-a694-abc830649b02,"Data file",https://donnees-data.tpsgc-pwgsc.gc.ca/ba1/commission/commission.csv,"Fichier de données",https://donnees-data.tpsgc-pwgsc.gc.ca/ba1/commission/commission.csv
2023/2024,III,10,1,,,"Travel and living costs by commission",https://www.tpsgc-pwgsc.gc.ca/recgen/cpc-pac/2024/vol3/s10/fdsc-tlec-eng.html#w3s10commissT2e,"Frais de déplacement et de séjour par commission",https://www.tpsgc-pwgsc.gc.ca/recgen/cpc-pac/2024/vol3/s10/fdsc-tlec-fra.html#w3s10commissT2f,"Commissions - Details of Travel and Living Expenses as per the Public Accounts of Canada",https://open.canada.ca/data/en/dataset/f768e7db-5b5f-490c-9948-3b151e5734cf,"Commissions - Frais de déplacement et de séjour par commission selon les Comptes publics du Canada",https://ouvert.canada.ca/data/fr/dataset/f768e7db-5b5f-490c-9948-3b151e5734cf,"Data file",https://donnees-data.tpsgc-pwgsc.gc.ca/ba1/deplacement-travel/deplacement-travel.csv,"Fichier de données",https://donnees-data.tpsgc-pwgsc.gc.ca/ba1/deplacement-travel/deplacement-travel.csv
2023/2024,III,10,1,,,"Education costs",https://www.tpsgc-pwgsc.gc.ca/recgen/cpc-pac/2024/vol3/s10/fe-ec-eng.html#w3s10educT1e,"Frais d'études",https://www.tpsgc-pwgsc.gc.ca/recgen/cpc-pac/2024/vol3/s10/fe-ec-fra.html#w3s10educT1f,"Education Costs as per the Public Accounts of Canada",https://open.canada.ca/data/en/dataset/f2f51625-148b-40b7-8a4c-140c285e4d70,"Frais d'études selon les Comptes publics du Canada",https://ouvert.canada.ca/data/fr/dataset/f2f51625-148b-40b7-8a4c-140c285e4d70,"Data file",https://donnees-data.tpsgc-pwgsc.gc.ca/ba1/etudes-education/etudes-education.csv,"Fichier de données",https://donnees-data.tpsgc-pwgsc.gc.ca/ba1/etudes-education/etudes-education.csv
2023/2024,III,10,1,,,"Return on investments",https://www.tpsgc-pwgsc.gc.ca/recgen/cpc-pac/2024/vol3/s10/rdp-roi-eng.html#w3s10roiT1e,"Revenus de placements",https://www.tpsgc-pwgsc.gc.ca/recgen/cpc-pac/2024/vol3/s10/rdp-roi-fra.html#w3s10roiT1e,"Return on Investments as per the Public Accounts of Canada",https://open.canada.ca/data/en/dataset/9da36050-9a09-476f-ac85-3d580a328443,"Revenus de placements selon les Comptes publics du Canada",https://ouvert.canada.ca/data/fr/dataset/9da36050-9a09-476f-ac85-3d580a328443,"Data file",https://donnees-data.tpsgc-pwgsc.gc.ca/ba1/revenusplace-returninvest/revenusplace-returninvest.csv,"Fichier de données",https://donnees-data.tpsgc-pwgsc.gc.ca/ba1/revenusplace-returninvest/revenusplace-returninvest.csv
2023/2024,III,10,1,,,"Expenditures of ministers' offices",https://www.tpsgc-pwgsc.gc.ca/recgen/cpc-pac/2024/vol3/s10/dcm-emo-eng.html#w3s10expendT1e,"Dépenses des cabinets des ministres",https://www.tpsgc-pwgsc.gc.ca/recgen/cpc-pac/2024/vol3/s10/dcm-emo-fra.html#w3s10expendT1f,"Ministers’ offices expenses",https://open.canada.ca/data/en/dataset/508edfe7-0cba-4d76-afe8-d19e42e9df8a,"Dépenses des bureaux des ministres",https://ouvert.canada.ca/data/fr/dataset/508edfe7-0cba-4d76-afe8-d19e42e9df8a,"Data file 2023 - 2024",https://donnees-data.tpsgc-pwgsc.gc.ca/ba1/depensesbureauminstre-ministerofficeexpenses/depensesbureauminstre-ministerofficeexpenses-2023-2024.csv,"Fichier de données 2023 - 2024",https://donnees-data.tpsgc-pwgsc.gc.ca/ba1/depensesbureauminstre-ministerofficeexpenses/depensesbureauminstre-ministerofficeexpenses-2023-2024.csv
2023/2024,III,10,1,,,"Travel expenditures of ministers and parliamentary secretaries",https://www.tpsgc-pwgsc.gc.ca/recgen/cpc-pac/2024/vol3/s10/fdmsp-temps-eng.html#w3s10travelT1e,"Frais de déplacement des ministres et secrétaires parlementaires",https://www.tpsgc-pwgsc.gc.ca/recgen/cpc-pac/2024/vol3/s10/fdmsp-temps-fra.html#w3s10travelT1f,"Travel expenditures of ministers and parliamentary secretaries as per the Public Accounts of Canada",https://open.canada.ca/data/en/dataset/b7447260-62b5-493b-a9d9-285edd3587c2,"Frais de déplacement des ministres et secrétaires parlementaires selon les Comptes publics du Canada",https://ouvert.canada.ca/data/fr/dataset/b7447260-62b5-493b-a9d9-285edd3587c2,"Data file",https://donnees-data.tpsgc-pwgsc.gc.ca/ba1/fraisdeplacminparlemen-travelexpenminparlimen/fraisdeplacminparlemen-travelexpenminparlimen.csv,"Fichier de données",https://donnees-data.tpsgc-pwgsc.gc.ca/ba1/fraisdeplacminparlemen-travelexpenminparlimen/fraisdeplacminparlemen-travelexpenminparlimen.csv
2023/2024,III,10,1,,,"International travel expenditures of ministers, parliamentary secretaries and ministers' staff",https://www.tpsgc-pwgsc.gc.ca/recgen/cpc-pac/2024/vol3/s10/ddimsppm-itempsms-eng.html#w3s10internt1e,"Dépenses de déplacements internationaux des ministres, des secrétaires parlementaires et du personnel des ministres",https://www.tpsgc-pwgsc.gc.ca/recgen/cpc-pac/2024/vol3/s10/ddimsppm-itempsms-fra.html#w3s10internt1f,"International travel expenditures of ministers, parliamentary secretaries, and ministers' staff as per the Public Accounts of Canada",https://open.canada.ca/data/en/dataset/1fb0df6c-3666-4d87-8b7b-b1d9bd21a3ba,"Dépenses de déplacements internationaux des ministres, des secrétaires parlementaires selon les Comptes publics du Canada",https://ouvert.canada.ca/data/fr/dataset/1fb0df6c-3666-4d87-8b7b-b1d9bd21a3ba,"Data file",https://donnees-data.tpsgc-pwgsc.gc.ca/ba1/deplaceinternation-internationaltravel/deplaceinternation-internationaltravel.csv,"Fichier de données",https://donnees-data.tpsgc-pwgsc.gc.ca/ba1/deplaceinternation-internationaltravel/deplaceinternation-internationaltravel.csv
2023/2024,III,"N/A | s.o.","N/A | s.o.","Does not apply to a specific table","Ne s'applique pas à un tableau spécifique","N/A - Does not apply to a specific table","N/A - Does not apply to a specific table","s.o. - Ne s'applique pas à un tableau spécifique","s.o. - Ne s'applique pas à un tableau spécifique","The Public Accounts of Canada posted on the web",https://open.canada.ca/data/en/dataset/256ea1e0-fe32-4808-a95d-619d54f4466e,"Les comptes publics du Canada affichés sur le Web",https://ouvert.canada.ca/data/fr/dataset/256ea1e0-fe32-4808-a95d-619d54f4466e,"Data file",https://donnees-data.tpsgc-pwgsc.gc.ca/ba1/cpcweb-pacweb/cpcweb-pacweb.csv,"Ficher de données",https://donnees-data.tpsgc-pwgsc.gc.ca/ba1/cpcweb-pacweb/cpcweb-pacweb.csv
2024/2025,I,1,1.1,,,"Consolidated Statement of Operations and Accumulated Operating Deficit—detailed",https://www.tpsgc-pwgsc.gc.ca/recgen/cpc-pac/2025/vol1/s1/cdeif-tycfi-eng.html#t1.1,"État consolidé des résultats et du déficit accumulé lié aux activités –  détaillé",https://www.tpsgc-pwgsc.gc.ca/recgen/cpc-pac/2025/vol1/s1/cdeif-tycfi-fra.html#t1.1,"Ten Year Comparative Financial Information as per the Public Accounts of Canada",https://open.canada.ca/data/en/dataset/a679f1eb-2038-455d-8312-d6e111ff79ff,"Comparaison sur dix exercices d’informations financières selon les Comptes publics du Canada",https://ouvert.canada.ca/data/fr/dataset/a679f1eb-2038-455d-8312-d6e111ff79ff,"2016-2025 - Volume 1, Ten Year Comparative Financial Information",https://donnees-data.tpsgc-pwgsc.gc.ca/ba1/cdeif-tycfi/cdeif-tycfi-2025.csv,"2016-2025 - Volume 1, Comparaison sur dix exercices d'informations financières",https://donnees-data.tpsgc-pwgsc.gc.ca/ba1/cdeif-tycfi/cdeif-tycfi-2025.csv
2024/2025,I,1,1.2,,,"Consolidated Statement of Financial Position—detailed",https://www.tpsgc-pwgsc.gc.ca/recgen/cpc-pac/2025/vol1/s1/cdeif-tycfi-eng.html#t1.2,"État consolidé de la situation financière  –  détaillé",https://www.tpsgc-pwgsc.gc.ca/recgen/cpc-pac/2025/vol1/s1/cdeif-tycfi-fra.html#t1.2,"Ten Year Comparative Financial Information as per the Public Accounts of Canada",https://open.canada.ca/data/en/dataset/a679f1eb-2038-455d-8312-d6e111ff79ff,"Comparaison sur dix exercices d’informations financières selon les Comptes publics du Canada",https://ouvert.canada.ca/data/fr/dataset/a679f1eb-2038-455d-8312-d6e111ff79ff,"2016-2025 - Volume 1, Ten Year Comparative Financial Information",https://donnees-data.tpsgc-pwgsc.gc.ca/ba1/cdeif-tycfi/cdeif-tycfi-2025.csv,"2016-2025 - Volume 1, Comparaison sur dix exercices d'informations financières",https://donnees-data.tpsgc-pwgsc.gc.ca/ba1/cdeif-tycfi/cdeif-tycfi-2025.csv
2024/2025,I,1,1.3,,,"Consolidated Statement of Change in Net Debt—detailed",https://www.tpsgc-pwgsc.gc.ca/recgen/cpc-pac/2025/vol1/s1/cdeif-tycfi-eng.html#t1.3,"État consolidé de la variation de la dette nette  –  détaillé",https://www.tpsgc-pwgsc.gc.ca/recgen/cpc-pac/2025/vol1/s1/cdeif-tycfi-fra.html#t1.3,"Ten Year Comparative Financial Information as per the Public Accounts of Canada",https://open.canada.ca/data/en/dataset/a679f1eb-2038-455d-8312-d6e111ff79ff,"Comparaison sur dix exercices d’informations financières selon les Comptes publics du Canada",https://ouvert.canada.ca/data/fr/dataset/a679f1eb-2038-455d-8312-d6e111ff79ff,"2016-2025 - Volume 1, Ten Year Comparative Financial Information",https://donnees-data.tpsgc-pwgsc.gc.ca/ba1/cdeif-tycfi/cdeif-tycfi-2025.csv,"2016-2025 - Volume 1, Comparaison sur dix exercices d'informations financières",https://donnees-data.tpsgc-pwgsc.gc.ca/ba1/cdeif-tycfi/cdeif-tycfi-2025.csv
2024/2025,I,1,1.4,,,"Consolidated Statement of Cash Flow—detailed",https://www.tpsgc-pwgsc.gc.ca/recgen/cpc-pac/2025/vol1/s1/cdeif-tycfi-eng.html#t1.4,"État consolidé des flux de trésorerie  –  détaillé",https://www.tpsgc-pwgsc.gc.ca/recgen/cpc-pac/2025/vol1/s1/cdeif-tycfi-fra.html#t1.4,"Ten Year Comparative Financial Information as per the Public Accounts of Canada",https://open.canada.ca/data/en/dataset/a679f1eb-2038-455d-8312-d6e111ff79ff,"Comparaison sur dix exercices d’informations financières selon les Comptes publics du Canada",https://ouvert.canada.ca/data/fr/dataset/a679f1eb-2038-455d-8312-d6e111ff79ff,"2016-2025 - Volume 1, Ten Year Comparative Financial Information",https://donnees-data.tpsgc-pwgsc.gc.ca/ba1/cdeif-tycfi/cdeif-tycfi-2025.csv,"2016-2025 - Volume 1, Comparaison sur dix exercices d'informations financières",https://donnees-data.tpsgc-pwgsc.gc.ca/ba1/cdeif-tycfi/cdeif-tycfi-2025.csv
2024/2025,I,1,1.5,,,"Consolidated Statement of Non-Budgetary Transactions and of Non‑Financial Assets—detailed",https://www.tpsgc-pwgsc.gc.ca/recgen/cpc-pac/2025/vol1/s1/cdeif-tycfi-eng.html#t1.5,"État consolidé des opérations non budgétaires et des actifs non financiers  –  détaillé",https://www.tpsgc-pwgsc.gc.ca/recgen/cpc-pac/2025/vol1/s1/cdeif-tycfi-fra.html#t1.5,"Ten Year Comparative Financial Information as per the Public Accounts of Canada",https://open.canada.ca/data/en/dataset/a679f1eb-2038-455d-8312-d6e111ff79ff,"Comparaison sur dix exercices d’informations financières selon les Comptes publics du Canada",https://ouvert.canada.ca/data/fr/dataset/a679f1eb-2038-455d-8312-d6e111ff79ff,"2016-2025 - Volume 1, Ten Year Comparative Financial Information",https://donnees-data.tpsgc-pwgsc.gc.ca/ba1/cdeif-tycfi/cdeif-tycfi-2025.csv,"2016-2025 - Volume 1, Comparaison sur dix exercices d'informations financières",https://donnees-data.tpsgc-pwgsc.gc.ca/ba1/cdeif-tycfi/cdeif-tycfi-2025.csv
2024/2025,I,1,1.6,,,"Consolidated Statement of Foreign Exchange, Unmatured Debt and Cash Transactions—detailed",https://www.tpsgc-pwgsc.gc.ca/recgen/cpc-pac/2025/vol1/s1/cdeif-tycfi-eng.html#t1.6,"État consolidé des opérations de change, de la dette non échue et des opérations en espèces  –  détaillé",https://www.tpsgc-pwgsc.gc.ca/recgen/cpc-pac/2025/vol1/s1/cdeif-tycfi-fra.html#t1.6,"Ten Year Comparative Financial Information as per the Public Accounts of Canada",https://open.canada.ca/data/en/dataset/a679f1eb-2038-455d-8312-d6e111ff79ff,"Comparaison sur dix exercices d’informations financières selon les Comptes publics du Canada",https://ouvert.canada.ca/data/fr/dataset/a679f1eb-2038-455d-8312-d6e111ff79ff,"2016-2025 - Volume 1, Ten Year Comparative Financial Information",https://donnees-data.tpsgc-pwgsc.gc.ca/ba1/cdeif-tycfi/cdeif-tycfi-2025.csv,"2016-2025 - Volume 1, Comparaison sur dix exercices d'informations financières",https://donnees-data.tpsgc-pwgsc.gc.ca/ba1/cdeif-tycfi/cdeif-tycfi-2025.csv
2024/2025,I,3,3.1,,,"Revenues, expenses and accumulated operating deficit",https://www.tpsgc-pwgsc.gc.ca/recgen/cpc-pac/2025/vol1/s3/index-eng.html#t3.1,"Revenus, charges et déficit accumulé lié aux activités",https://www.tpsgc-pwgsc.gc.ca/recgen/cpc-pac/2025/vol1/s3/index-fra.html#t3.1,"Revenues, expenses and accumulated deficit, as per the Public Accounts of Canada",https://open.canada.ca/data/en/dataset/2599fe61-0e6e-40b9-958a-f56dd7f1fa09,"Revenus, charges et déficit accumulé, selon les Comptes publics du Canada",https://ouvert.canada.ca/data/fr/dataset/2599fe61-0e6e-40b9-958a-f56dd7f1fa09,"2024-2025 data file",https://donnees-data.tpsgc-pwgsc.gc.ca/ba1/revenuesdeficit/revenuesdeficit-2025.csv,"2024-2025 fichier de données",https://donnees-data.tpsgc-pwgsc.gc.ca/ba1/revenuesdeficit/revenuesdeficit-2025.csv
2024/2025,I,3,3.2,,,"Tax revenues",https://www.tpsgc-pwgsc.gc.ca/recgen/cpc-pac/2025/vol1/s3/rvnu-eng.html#t3.2,"Revenus fiscaux",https://www.tpsgc-pwgsc.gc.ca/recgen/cpc-pac/2025/vol1/s3/rvnu-fra.html#t3.2,"Revenues, expenses and accumulated deficit, as per the Public Accounts of Canada",https://open.canada.ca/data/en/dataset/2599fe61-0e6e-40b9-958a-f56dd7f1fa09,"Revenus, charges et déficit accumulé, selon les Comptes publics du Canada",https://ouvert.canada.ca/data/fr/dataset/2599fe61-0e6e-40b9-958a-f56dd7f1fa09,"2024-2025 data file",https://donnees-data.tpsgc-pwgsc.gc.ca/ba1/revenuesdeficit/revenuesdeficit-2025.csv,"2024-2025 fichier de données",https://donnees-data.tpsgc-pwgsc.gc.ca/ba1/revenuesdeficit/revenuesdeficit-2025.csv
2024/2025,I,3,3.3,,,"Goods and services tax",https://www.tpsgc-pwgsc.gc.ca/recgen/cpc-pac/2025/vol1/s3/rvnu-eng.html#t3.3,"Taxe sur les produits et services",https://www.tpsgc-pwgsc.gc.ca/recgen/cpc-pac/2025/vol1/s3/rvnu-fra.html#t3.3,"Revenues, expenses and accumulated deficit, as per the Public Accounts of Canada",https://open.canada.ca/data/en/dataset/2599fe61-0e6e-40b9-958a-f56dd7f1fa09,"Revenus, charges et déficit accumulé, selon les Comptes publics du Canada",https://ouvert.canada.ca/data/fr/dataset/2599fe61-0e6e-40b9-958a-f56dd7f1fa09,"2024-2025 data file",https://donnees-data.tpsgc-pwgsc.gc.ca/ba1/revenuesdeficit/revenuesdeficit-2025.csv,"2024-2025 fichier de données",https://donnees-data.tpsgc-pwgsc.gc.ca/ba1/revenuesdeficit/revenuesdeficit-2025.csv
2024/2025,I,3,3.4,,,"Other revenues",https://www.tpsgc-pwgsc.gc.ca/recgen/cpc-pac/2025/vol1/s3/rvnu-eng.html#t3.4,"Autres revenus",https://www.tpsgc-pwgsc.gc.ca/recgen/cpc-pac/2025/vol1/s3/rvnu-fra.html#t3.4,"Revenues, expenses and accumulated deficit, as per the Public Accounts of Canada",https://open.canada.ca/data/en/dataset/2599fe61-0e6e-40b9-958a-f56dd7f1fa09,"Revenus, charges et déficit accumulé, selon les Comptes publics du Canada",https://ouvert.canada.ca/data/fr/dataset/2599fe61-0e6e-40b9-958a-f56dd7f1fa09,"2024-2025 data file",https://donnees-data.tpsgc-pwgsc.gc.ca/ba1/revenuesdeficit/revenuesdeficit-2025.csv,"2024-2025 fichier de données",https://donnees-data.tpsgc-pwgsc.gc.ca/ba1/revenuesdeficit/revenuesdeficit-2025.csv
2024/2025,I,3,3.5,,,"Return on investments",https://www.tpsgc-pwgsc.gc.ca/recgen/cpc-pac/2025/vol1/s3/rvnu-eng.html#t3.5,"Revenus de placements",https://www.tpsgc-pwgsc.gc.ca/recgen/cpc-pac/2025/vol1/s3/rvnu-fra.html#t3.5,"Revenues, expenses and accumulated deficit, as per the Public Accounts of Canada",https://open.canada.ca/data/en/dataset/2599fe61-0e6e-40b9-958a-f56dd7f1fa09,"Revenus, charges et déficit accumulé, selon les Comptes publics du Canada",https://ouvert.canada.ca/data/fr/dataset/2599fe61-0e6e-40b9-958a-f56dd7f1fa09,"2024-2025 data file",https://donnees-data.tpsgc-pwgsc.gc.ca/ba1/revenuesdeficit/revenuesdeficit-2025.csv,"2024-2025 fichier de données",https://donnees-data.tpsgc-pwgsc.gc.ca/ba1/revenuesdeficit/revenuesdeficit-2025.csv
2024/2025,I,3,3.6,,,"External expenses by segment and by type",https://www.tpsgc-pwgsc.gc.ca/recgen/cpc-pac/2025/vol1/s3/charges-expenses-eng.html#t3.6,"Charges externes par secteur et par type",https://www.tpsgc-pwgsc.gc.ca/recgen/cpc-pac/2025/vol1/s3/charges-expenses-fra.html#t3.6,"External Expenses by Segment and by Type as per the Public Accounts of Canada",https://open.canada.ca/data/en/dataset/353333bd-3b26-4b05-8088-ca883188b80c,"Charges externes par secteur et par type selon les Comptes publics du Canada",https://ouvert.canada.ca/data/fr/dataset/353333bd-3b26-4b05-8088-ca883188b80c,"2025 - External Expenses by Segment and by Type",https://donnees-data.tpsgc-pwgsc.gc.ca/ba1/cest-eest/cest-eest-2025.csv,"2025 - Charges externes par secteur et par type",https://donnees-data.tpsgc-pwgsc.gc.ca/ba1/cest-eest/cest-eest-2025.csv
2024/2025,I,3,3.7,,,"Major transfer payments by province and territory",https://www.tpsgc-pwgsc.gc.ca/recgen/cpc-pac/2025/vol1/s3/charges-expenses-eng.html#t3.7,"Principaux paiements de transfert par province et territoire",https://www.tpsgc-pwgsc.gc.ca/recgen/cpc-pac/2025/vol1/s3/charges-expenses-fra.html#t3.7,"Major Transfer Payments by Province and Territory as per the Public Accounts of Canada",https://open.canada.ca/data/en/dataset/fcf3e4d7-054c-4165-ac34-b8809b2ae0cd,"Principaux paiements de transfert par province et territoire selon les Comptes publics du Canada",https://ouvert.canada.ca/data/fr/dataset/fcf3e4d7-054c-4165-ac34-b8809b2ae0cd,"2025 - Major Transfer Payments by Province and Territory",https://donnees-data.tpsgc-pwgsc.gc.ca/ba1/ppt-mtp/ppt-mtp-2025.csv,"2025 - Principaux paiements de transfert par province et territoire",https://donnees-data.tpsgc-pwgsc.gc.ca/ba1/ppt-mtp/ppt-mtp-2025.csv
2024/2025,I,3,3.8,,,"Public debt charges",https://www.tpsgc-pwgsc.gc.ca/recgen/cpc-pac/2025/vol1/s3/charges-expenses-eng.html#t3.8,"Frais de la dette publique",https://www.tpsgc-pwgsc.gc.ca/recgen/cpc-pac/2025/vol1/s3/charges-expenses-fra.html#t3.8,"Revenues, expenses and accumulated deficit, as per the Public Accounts of Canada",https://open.canada.ca/data/en/dataset/2599fe61-0e6e-40b9-958a-f56dd7f1fa09,"Revenus, charges et déficit accumulé, selon les Comptes publics du Canada",https://ouvert.canada.ca/data/fr/dataset/2599fe61-0e6e-40b9-958a-f56dd7f1fa09,"2024-2025 data file",https://donnees-data.tpsgc-pwgsc.gc.ca/ba1/revenuesdeficit/revenuesdeficit-2025.csv,"2024-2025 fichier de données",https://donnees-data.tpsgc-pwgsc.gc.ca/ba1/revenuesdeficit/revenuesdeficit-2025.csv
2024/2025,I,3,3.9,,,"Total expenses by object",https://www.tpsgc-pwgsc.gc.ca/recgen/cpc-pac/2025/vol1/s3/charges-expenses-eng.html#t3.9,"Charges totales par article",https://www.tpsgc-pwgsc.gc.ca/recgen/cpc-pac/2025/vol1/s3/charges-expenses-fra.html#t3.9,"Reconciliation of External Expenditures by Standard Object to Expenses as per the Public Accounts of Canada",https://open.canada.ca/data/en/dataset/fd5f8b66-649d-42e8-8d86-7f09928f5f19,"Rapprochement des dépenses externes par article courant avec les charges selon les Comptes publics du Canada",https://ouvert.canada.ca/data/fr/dataset/fd5f8b66-649d-42e8-8d86-7f09928f5f19,"2025 - Reconciliation of External Expenditures to Expenses",https://donnees-data.tpsgc-pwgsc.gc.ca/ba1/reesoe-rdeacc/reesoe-rdeacc-2025.csv,"2025 - Rapprochement des dépenses externes avec les charges",https://donnees-data.tpsgc-pwgsc.gc.ca/ba1/reesoe-rdeacc/reesoe-rdeacc-2025.csv
2024/2025,I,3,3.10,,,"Expenditures under statutory authorities",https://www.tpsgc-pwgsc.gc.ca/recgen/cpc-pac/2025/vol1/s3/charges-expenses-eng.html#t3.10,"Dépenses en vertu d'autorisations législatives",https://www.tpsgc-pwgsc.gc.ca/recgen/cpc-pac/2025/vol1/s3/charges-expenses-fra.html#t3.10,"Expenditures under statutory authorities, as per the Public Accounts of Canada",https://open.canada.ca/data/en/dataset/81e5f22d-d969-411d-bb6b-d716a4c0aad1,"Dépenses en vertu des autorisations législatives, selon les Comptes publics du Canada",https://ouvert.canada.ca/data/fr/dataset/81e5f22d-d969-411d-bb6b-d716a4c0aad1,"2024-2025 data file",https://donnees-data.tpsgc-pwgsc.gc.ca/ba1/depleg-expstat/depleg-expstat-2024-2025.csv,"2024-2025 fichier de données",https://donnees-data.tpsgc-pwgsc.gc.ca/ba1/depleg-expstat/depleg-expstat-2024-2025.csv
2024/2025,I,4,4.1,,,"Financial position of consolidated Crown corporations and other entities",https://www.tpsgc-pwgsc.gc.ca/recgen/cpc-pac/2025/vol1/s4/seaec-cccoe-eng.html#t4.1,"Situation financière des sociétés d'État et autres entités consolidées",https://www.tpsgc-pwgsc.gc.ca/recgen/cpc-pac/2025/vol1/s4/seaec-cccoe-fra.html#t4.1,"Financial Position of Consolidated Crown Corporations and Other Entities as per the Public Accounts of Canada",https://open.canada.ca/data/en/dataset/7d619a41-3f53-4e3e-852d-0ffca2fccbe0,"Situation financière des sociétés d'État et autres entités consolidées selon les Comptes publics du Canada",https://ouvert.canada.ca/data/fr/dataset/7d619a41-3f53-4e3e-852d-0ffca2fccbe0,"2006-2025 - data file",https://donnees-data.tpsgc-pwgsc.gc.ca/ba1/fpccc-scfda/fpccc-scfda.csv,"2006-2025 - fichier de données",https://donnees-data.tpsgc-pwgsc.gc.ca/ba1/fpccc-scfda/fpccc-scfda.csv
2024/2025,I,4,4.2,,,"Revenues, expenses and other changes in equity of consolidated Crown corporations and other entities for the year",https://www.tpsgc-pwgsc.gc.ca/recgen/cpc-pac/2025/vol1/s4/seaec-cccoe-eng.html#t4.2,"Revenus, charges et autres variations de l'avoir des sociétés d'État et autres entités consolidées pour l'exercice",https://www.tpsgc-pwgsc.gc.ca/recgen/cpc-pac/2025/vol1/s4/seaec-cccoe-fra.html#t4.2,"Revenues, Expenses and Other Changes in Equity of Consolidated Crown Corporations and Other Entities as per the Public Accounts of Canada",https://open.canada.ca/data/en/dataset/920b1c08-eb7f-4be0-bfdb-5a204ba6381d,"Revenus, charges et autres variations de l'avoir des sociétés d'État et autres entités consolidées selon les Comptes publics du Canada",https://ouvert.canada.ca/data/fr/dataset/920b1c08-eb7f-4be0-bfdb-5a204ba6381d,"2006-2025 - data file",https://donnees-data.tpsgc-pwgsc.gc.ca/ba1/receccc-rcvdsae/receccc-rcvdsae.csv,"2006-2025 - fichier de données",https://donnees-data.tpsgc-pwgsc.gc.ca/ba1/receccc-rcvdsae/receccc-rcvdsae.csv
2024/2025,I,4,4.3,,,"Borrowings by consolidated agent Crown corporations",https://www.tpsgc-pwgsc.gc.ca/recgen/cpc-pac/2025/vol1/s4/seaec-cccoe-eng.html#t4.3,"Emprunts effectués par les sociétés d'État mandataires consolidées",https://www.tpsgc-pwgsc.gc.ca/recgen/cpc-pac/2025/vol1/s4/seaec-cccoe-fra.html#t4.3,"Borrowings by consolidated agent Crown corporations and enterprise Crown corporations and other government business enterprises (GBEs), as per the Public Accounts of Canada",https://open.canada.ca/data/en/dataset/a55ef5d6-312b-44a5-970e-c4a4749e474c,"Emprunts effectués par les sociétés d'État mandataires consolidées et les sociétés d’État entreprises et autres entreprises publiques, selon les Comptes publics du Canada",https://ouvert.canada.ca/data/fr/dataset/a55ef5d6-312b-44a5-970e-c4a4749e474c,"2007-2025 - data file",https://donnees-data.tpsgc-pwgsc.gc.ca/ba1/emcm-bcac/emcm-bcac.csv,"2007-2025 - fichier de données",https://donnees-data.tpsgc-pwgsc.gc.ca/ba1/emcm-bcac/emcm-bcac.csv
2024/2025,I,4,4.4,,,"Contingent liabilities of consolidated Crown corporations and other entities",https://www.tpsgc-pwgsc.gc.ca/recgen/cpc-pac/2025/vol1/s4/seaec-cccoe-eng.html#t4.4,"Passifs éventuels des sociétés d'État et autres entités consolidées",https://www.tpsgc-pwgsc.gc.ca/recgen/cpc-pac/2025/vol1/s4/seaec-cccoe-fra.html#t4.4,"Contingent liabilities of consolidated Crown corporations and other entities and enterprise Crown corporations and other government business enterprises (GBEs), as per the Public Accounts of Canada",https://open.canada.ca/data/en/dataset/176259fb-0ecd-4c0f-a068-1905442f2ad8,"Passif éventuel des sociétés d'État et autres entités consolidées et des sociétés d’État entreprises et autres entreprises publiques, selon les Comptes publics du Canada",https://ouvert.canada.ca/data/fr/dataset/176259fb-0ecd-4c0f-a068-1905442f2ad8,"2018-2025 - data file",https://donnees-data.tpsgc-pwgsc.gc.ca/ba1/pesae-clcce/pesae-clcce.csv,"2018-2025 - fichier de données",https://donnees-data.tpsgc-pwgsc.gc.ca/ba1/pesae-clcce/pesae-clcce.csv
2024/2025,I,4,4.5,,,"Financial assistance under budgetary appropriations to consolidated Crown corporations for the year",https://www.tpsgc-pwgsc.gc.ca/recgen/cpc-pac/2025/vol1/s4/seaec-cccoe-eng.html#t4.5,"Aide financière aux sociétés d'État consolidées provenant de crédits budgétaires pour l'exercice",https://www.tpsgc-pwgsc.gc.ca/recgen/cpc-pac/2025/vol1/s4/seaec-cccoe-fra.html#t4.5,"Financial assistance under budgetary appropriations to consolidated Crown corporations, enterprise Crown corporations and other government business enterprises (GBEs), as per the Public Accounts of Canada",https://open.canada.ca/data/en/dataset/5e6d0313-b81e-4c8b-a0d5-360e4411b77a,"Aide financière aux sociétés d'État consolidées provenant de crédits budgétaires, aux sociétés d’État entreprises et autres entreprises publiques, selon les Comptes publics du Canada",https://ouvert.canada.ca/data/fr/dataset/5e6d0313-b81e-4c8b-a0d5-360e4411b77a,"2007-2025 - data file",https://donnees-data.tpsgc-pwgsc.gc.ca/ba1/afscpcb-fabacc/afscpcb-fabacc.csv,"2007-2025 - fichier de données",https://donnees-data.tpsgc-pwgsc.gc.ca/ba1/afscpcb-fabacc/afscpcb-fabacc.csv
2024/2025,I,4,4.6,,,"Consolidated specified purpose accounts",https://www.tpsgc-pwgsc.gc.ca/recgen/cpc-pac/2025/vol1/s4/cfdc-cspa-eng.html#t4.6,"Comptes à fins déterminées consolidés",https://www.tpsgc-pwgsc.gc.ca/recgen/cpc-pac/2025/vol1/s4/cfdc-cspa-fra.html#t4.6,"Consolidated specified purpose accounts as per the Public Accounts of Canada",https://open.canada.ca/data/en/dataset/494ed9a0-4ef5-4002-8e4f-c77ec1a88697,"Comptes à fins déterminées consolidés selon les Comptes publics du Canada",https://ouvert.canada.ca/data/fr/dataset/494ed9a0-4ef5-4002-8e4f-c77ec1a88697,"2007-2025 - data file",https://donnees-data.tpsgc-pwgsc.gc.ca/ba1/cfdc-cspa/cfdc-cspa.csv,"2007-2025 - fichier de données",https://donnees-data.tpsgc-pwgsc.gc.ca/ba1/cfdc-cspa/cfdc-cspa.csv
2024/2025,I,4,4.7,,,"Transactions in the Employment Insurance Operating Account",https://www.tpsgc-pwgsc.gc.ca/recgen/cpc-pac/2025/vol1/s4/cfdc-cspa-eng.html#t4.7,"Opérations du Compte des opérations de l'assurance-emploi",https://www.tpsgc-pwgsc.gc.ca/recgen/cpc-pac/2025/vol1/s4/cfdc-cspa-fra.html#t4.7,"Transactions in the Employment Insurance Operating Account as per the Public Accounts of Canada",https://open.canada.ca/data/en/dataset/a0b27ff0-0f23-489e-840a-90464ba92e3a,"Opérations du Compte des opérations de l’assurance-emploi selon les Comptes publics du Canada",https://ouvert.canada.ca/data/fr/dataset/a0b27ff0-0f23-489e-840a-90464ba92e3a,"2007-2025 - data file",https://donnees-data.tpsgc-pwgsc.gc.ca/ba1/ocoae-teioa/ocoae-teioa.csv,"2007-2025 - fichier de données",https://donnees-data.tpsgc-pwgsc.gc.ca/ba1/ocoae-teioa/ocoae-teioa.csv
2024/2025,I,5,5.1,,,"Accounts payable and accrued liabilities",https://www.tpsgc-pwgsc.gc.ca/recgen/cpc-pac/2025/vol1/s5/index-eng.html#t5.1,"Créditeurs et charges à payer",https://www.tpsgc-pwgsc.gc.ca/recgen/cpc-pac/2025/vol1/s5/index-fra.html#t5.1,"Accounts Payable and Accrued Liabilities as per the Public Accounts of Canada",https://open.canada.ca/data/en/dataset/f9ef820c-6956-4b58-a6af-d3774c1b03e5,"Créditeurs et charges à payer selon les Comptes publics du Canada",https://ouvert.canada.ca/data/fr/dataset/f9ef820c-6956-4b58-a6af-d3774c1b03e5,"Summary - Accounts payable and accrued liabilities",https://donnees-data.tpsgc-pwgsc.gc.ca/ba1/creditchargepaye-acctpayableaccrued/ccp-apal.csv,"Résumé - Créditeurs et charges à payer",https://donnees-data.tpsgc-pwgsc.gc.ca/ba1/creditchargepaye-acctpayableaccrued/ccp-apal.csv
2024/2025,I,5,5.2,,,"Other accounts payable and accrued liabilities",https://www.tpsgc-pwgsc.gc.ca/recgen/cpc-pac/2025/vol1/s5/accp-oapal-eng.html#t5.2,"Autres créditeurs et charges à payer",https://www.tpsgc-pwgsc.gc.ca/recgen/cpc-pac/2025/vol1/s5/accp-oapal-fra.html#t5.2,"Accounts Payable and Accrued Liabilities as per the Public Accounts of Canada",https://open.canada.ca/data/en/dataset/f9ef820c-6956-4b58-a6af-d3774c1b03e5,"Créditeurs et charges à payer selon les Comptes publics du Canada",https://ouvert.canada.ca/data/fr/dataset/f9ef820c-6956-4b58-a6af-d3774c1b03e5,"Summary - Accounts payable and accrued liabilities",https://donnees-data.tpsgc-pwgsc.gc.ca/ba1/creditchargepaye-acctpayableaccrued/ccp-apal.csv,"Résumé - Créditeurs et charges à payer",https://donnees-data.tpsgc-pwgsc.gc.ca/ba1/creditchargepaye-acctpayableaccrued/ccp-apal.csv
2024/2025,I,5,5.3,,,"Notes payable to international organizations",https://www.tpsgc-pwgsc.gc.ca/recgen/cpc-pac/2025/vol1/s5/accp-oapal-eng.html#t5.3,"Effets à payer aux organisations internationales",https://www.tpsgc-pwgsc.gc.ca/recgen/cpc-pac/2025/vol1/s5/accp-oapal-fra.html#t5.3,"Accounts Payable and Accrued Liabilities as per the Public Accounts of Canada",https://open.canada.ca/data/en/dataset/f9ef820c-6956-4b58-a6af-d3774c1b03e5,"Créditeurs et charges à payer selon les Comptes publics du Canada",https://ouvert.canada.ca/data/fr/dataset/f9ef820c-6956-4b58-a6af-d3774c1b03e5,"Notes payable to international organizations",https://donnees-data.tpsgc-pwgsc.gc.ca/ba1/creditchargepaye-acctpayableaccrued/eapaoi-nptio.csv,"Effets à payer aux organisations internationales",https://donnees-data.tpsgc-pwgsc.gc.ca/ba1/creditchargepaye-acctpayableaccrued/eapaoi-nptio.csv
2024/2025,I,5,5.4,,,"Provincial, Territorial and Indigenous Tax Agreements Account",https://www.tpsgc-pwgsc.gc.ca/recgen/cpc-pac/2025/vol1/s5/accp-oapal-eng.html#t5.4,"Compte relatif aux accords fiscaux provinciaux, territoriaux et autochtones",https://www.tpsgc-pwgsc.gc.ca/recgen/cpc-pac/2025/vol1/s5/accp-oapal-fra.html#t5.4,"Accounts Payable and Accrued Liabilities as per the Public Accounts of Canada",https://open.canada.ca/data/en/dataset/f9ef820c-6956-4b58-a6af-d3774c1b03e5,"Créditeurs et charges à payer selon les Comptes publics du Canada",https://ouvert.canada.ca/data/fr/dataset/f9ef820c-6956-4b58-a6af-d3774c1b03e5,"Provincial, Territorial and Aboriginal Tax Agreements Account",https://donnees-data.tpsgc-pwgsc.gc.ca/ba1/creditchargepaye-acctpayableaccrued/crcfpta-ptataa.csv,"Compte relatif aux accords fiscaux provinciaux, territoriaux et autochtones",https://donnees-data.tpsgc-pwgsc.gc.ca/ba1/creditchargepaye-acctpayableaccrued/crcfpta-ptataa.csv
2024/2025,I,5,5.5,,,"Deferred revenues",https://www.tpsgc-pwgsc.gc.ca/recgen/cpc-pac/2025/vol1/s5/rr-dr-eng.html#t5.5,"Revenus reportés",https://www.tpsgc-pwgsc.gc.ca/recgen/cpc-pac/2025/vol1/s5/rr-dr-fra.html#t5.5,"Accounts Payable and Accrued Liabilities as per the Public Accounts of Canada",https://open.canada.ca/data/en/dataset/f9ef820c-6956-4b58-a6af-d3774c1b03e5,"Créditeurs et charges à payer selon les Comptes publics du Canada",https://ouvert.canada.ca/data/fr/dataset/f9ef820c-6956-4b58-a6af-d3774c1b03e5,"Deferred revenues",https://donnees-data.tpsgc-pwgsc.gc.ca/ba1/creditchargepaye-acctpayableaccrued/rr-dr.csv,"Revenus reportés",https://donnees-data.tpsgc-pwgsc.gc.ca/ba1/creditchargepaye-acctpayableaccrued/rr-dr.csv
2024/2025,I,5,5.6,,,"Amounts payable related to tax",https://www.tpsgc-pwgsc.gc.ca/recgen/cpc-pac/2025/vol1/s5/impots-taxes-eng.html#t5.6,"Créditeurs fiscaux",https://www.tpsgc-pwgsc.gc.ca/recgen/cpc-pac/2025/vol1/s5/impots-taxes-fra.html#t5.6,"Accounts Payable and Accrued Liabilities as per the Public Accounts of Canada",https://open.canada.ca/data/en/dataset/f9ef820c-6956-4b58-a6af-d3774c1b03e5,"Créditeurs et charges à payer selon les Comptes publics du Canada",https://ouvert.canada.ca/data/fr/dataset/f9ef820c-6956-4b58-a6af-d3774c1b03e5,"Summary - Accounts payable and accrued liabilities",https://donnees-data.tpsgc-pwgsc.gc.ca/ba1/creditchargepaye-acctpayableaccrued/ccp-apal.csv,"Résumé - Créditeurs et charges à payer",https://donnees-data.tpsgc-pwgsc.gc.ca/ba1/creditchargepaye-acctpayableaccrued/ccp-apal.csv
2024/2025,I,5,5.7,,,"Environmental liabilities",https://www.tpsgc-pwgsc.gc.ca/recgen/cpc-pac/2025/vol1/s5/pe-el-eng.html#t5.7,"Passifs environnementaux",https://www.tpsgc-pwgsc.gc.ca/recgen/cpc-pac/2025/vol1/s5/pe-el-fra.html#t5.7,"Accounts Payable and Accrued Liabilities as per the Public Accounts of Canada",https://open.canada.ca/data/en/dataset/f9ef820c-6956-4b58-a6af-d3774c1b03e5,"Créditeurs et charges à payer selon les Comptes publics du Canada",https://ouvert.canada.ca/data/fr/dataset/f9ef820c-6956-4b58-a6af-d3774c1b03e5,"Environmental liabilities and asset retirement obligations",https://donnees-data.tpsgc-pwgsc.gc.ca/ba1/creditchargepaye-acctpayableaccrued/pe-el.csv,"Passif environnemental et obligations liées à la mise hors service d'immobilisations",https://donnees-data.tpsgc-pwgsc.gc.ca/ba1/creditchargepaye-acctpayableaccrued/pe-el.csv
2024/2025,I,5,5.8,,,"Changes in liability for remediation of contaminated sites",https://www.tpsgc-pwgsc.gc.ca/recgen/cpc-pac/2025/vol1/s5/pe-el-eng.html#t5.8,"Variations du passif relatif à l'assainissement des sites contaminés",https://www.tpsgc-pwgsc.gc.ca/recgen/cpc-pac/2025/vol1/s5/pe-el-fra.html#t5.8,"Accounts Payable and Accrued Liabilities as per the Public Accounts of Canada",https://open.canada.ca/data/en/dataset/f9ef820c-6956-4b58-a6af-d3774c1b03e5,"Créditeurs et charges à payer selon les Comptes publics du Canada",https://ouvert.canada.ca/data/fr/dataset/f9ef820c-6956-4b58-a6af-d3774c1b03e5,"Changes in liability for remediation of contaminated sites",https://donnees-data.tpsgc-pwgsc.gc.ca/ba1/creditchargepaye-acctpayableaccrued/vprasc-clrcs.csv,"Variations du passif relatif à l'assainissement des sites contaminés",https://donnees-data.tpsgc-pwgsc.gc.ca/ba1/creditchargepaye-acctpayableaccrued/vprasc-clrcs.csv
2024/2025,I,5,5.9,,,"Asset retirement obligations",https://www.tpsgc-pwgsc.gc.ca/recgen/cpc-pac/2025/vol1/s5/ide-imd-eng.html#t5.9,"Obligations liées à la mise hors service d'immobilisations",https://www.tpsgc-pwgsc.gc.ca/recgen/cpc-pac/2025/vol1/s5/ide-imd-fra.html#t5.9,"Accounts Payable and Accrued Liabilities as per the Public Accounts of Canada",https://open.canada.ca/data/en/dataset/f9ef820c-6956-4b58-a6af-d3774c1b03e5,"Créditeurs et charges à payer selon les Comptes publics du Canada",https://ouvert.canada.ca/data/fr/dataset/f9ef820c-6956-4b58-a6af-d3774c1b03e5,"Environmental liabilities and asset retirement obligations",https://donnees-data.tpsgc-pwgsc.gc.ca/ba1/creditchargepaye-acctpayableaccrued/pe-el.csv,"Passif environnemental et obligations liées à la mise hors service d'immobilisations",https://donnees-data.tpsgc-pwgsc.gc.ca/ba1/creditchargepaye-acctpayableaccrued/pe-el.csv
2024/2025,I,6,6.1,,,"Interest-bearing debt",https://www.tpsgc-pwgsc.gc.ca/recgen/cpc-pac/2025/vol1/s6/index-eng.html#t6.1,"Dette portant intérêt",https://www.tpsgc-pwgsc.gc.ca/recgen/cpc-pac/2025/vol1/s6/index-fra.html#t6.1,"N/A - Not published","N/A - Not published","s.o. - Non publié","s.o. - Non publié","N/A - Not published","N/A - Not published","s.o. - Non publié","s.o. - Non publié"
2024/2025,I,6,6.2,,,"Marketable bonds",https://www.tpsgc-pwgsc.gc.ca/recgen/cpc-pac/2025/vol1/s6/dne-ud-eng.html#t6.2,"Obligations négociables",https://www.tpsgc-pwgsc.gc.ca/recgen/cpc-pac/2025/vol1/s6/dne-ud-fra.html#t6.2,"N/A - Not published","N/A - Not published","s.o. - Non publié","s.o. - Non publié","N/A - Not published","N/A - Not published","s.o. - Non publié","s.o. - Non publié"
2024/2025,I,6,6.3,,,"Treasury bills",https://www.tpsgc-pwgsc.gc.ca/recgen/cpc-pac/2025/vol1/s6/dne-ud-eng.html#t6.3,"Bons du Trésor",https://www.tpsgc-pwgsc.gc.ca/recgen/cpc-pac/2025/vol1/s6/dne-ud-fra.html#t6.3,"N/A - Not published","N/A - Not published","s.o. - Non publié","s.o. - Non publié","N/A - Not published","N/A - Not published","s.o. - Non publié","s.o. - Non publié"
2024/2025,I,6,6.4,,,"Canada bills",https://www.tpsgc-pwgsc.gc.ca/recgen/cpc-pac/2025/vol1/s6/dne-ud-eng.html#t6.4,"Bons du Canada",https://www.tpsgc-pwgsc.gc.ca/recgen/cpc-pac/2025/vol1/s6/dne-ud-fra.html#t6.4,"N/A - Not published","N/A - Not published","s.o. - Non publié","s.o. - Non publié","N/A - Not published","N/A - Not published","s.o. - Non publié","s.o. - Non publié"
2024/2025,I,6,6.5,,,"Market debt as at March 31 of the preceding 5 years, with the average rate of interest thereon",https://www.tpsgc-pwgsc.gc.ca/recgen/cpc-pac/2025/vol1/s6/dne-ud-eng.html#t6.5,"Dette contractée sur les marchés au 31 mars, des 5 années précédentes, et taux d'intérêt moyen en vigueur",https://www.tpsgc-pwgsc.gc.ca/recgen/cpc-pac/2025/vol1/s6/dne-ud-fra.html#t6.5,"N/A - Not published","N/A - Not published","s.o. - Non publié","s.o. - Non publié","N/A - Not published","N/A - Not published","s.o. - Non publié","s.o. - Non publié"
2024/2025,I,6,6.6,,,"Treasury bills average yields at tender",https://www.tpsgc-pwgsc.gc.ca/recgen/cpc-pac/2025/vol1/s6/dne-ud-eng.html#t6.6,"Rendement moyen des bons du Trésor en adjudication",https://www.tpsgc-pwgsc.gc.ca/recgen/cpc-pac/2025/vol1/s6/dne-ud-fra.html#t6.6,"N/A - Not published","N/A - Not published","s.o. - Non publié","s.o. - Non publié","N/A - Not published","N/A - Not published","s.o. - Non publié","s.o. - Non publié"
2024/2025,I,6,6.7,,,"Maturity of Government debt",https://www.tpsgc-pwgsc.gc.ca/recgen/cpc-pac/2025/vol1/s6/dne-ud-eng.html#t6.7,"Échéance de la dette du gouvernement",https://www.tpsgc-pwgsc.gc.ca/recgen/cpc-pac/2025/vol1/s6/dne-ud-fra.html#t6.7,"N/A - Not published","N/A - Not published","s.o. - Non publié","s.o. - Non publié","N/A - Not published","N/A - Not published","s.o. - Non publié","s.o. - Non publié"
2024/2025,I,6,6.8,,,"Obligation related to capital leases",https://www.tpsgc-pwgsc.gc.ca/recgen/cpc-pac/2025/vol1/s6/dne-ud-eng.html#t6.8,"Obligation découlant de contrats de location‑acquisition",https://www.tpsgc-pwgsc.gc.ca/recgen/cpc-pac/2025/vol1/s6/dne-ud-fra.html#t6.8,"N/A - Not published","N/A - Not published","s.o. - Non publié","s.o. - Non publié","N/A - Not published","N/A - Not published","s.o. - Non publié","s.o. - Non publié"
2024/2025,I,6,6.9,,,"Details of obligation related to capital leases",https://www.tpsgc-pwgsc.gc.ca/recgen/cpc-pac/2025/vol1/s6/dne-ud-eng.html#t6.9,"Détail de l'obligation découlant de contrats de location‑acquisition",https://www.tpsgc-pwgsc.gc.ca/recgen/cpc-pac/2025/vol1/s6/dne-ud-fra.html#t6.9,"N/A - Not published","N/A - Not published","s.o. - Non publié","s.o. - Non publié","N/A - Not published","N/A - Not published","s.o. - Non publié","s.o. - Non publié"
2024/2025,I,6,6.10,,,"Minimum lease payments related to capital leases",https://www.tpsgc-pwgsc.gc.ca/recgen/cpc-pac/2025/vol1/s6/dne-ud-eng.html#t6.10,"Paiements minimaux exigibles de contrats de location‑acquisition",https://www.tpsgc-pwgsc.gc.ca/recgen/cpc-pac/2025/vol1/s6/dne-ud-fra.html#t6.10,"N/A - Not published","N/A - Not published","s.o. - Non publié","s.o. - Non publié","N/A - Not published","N/A - Not published","s.o. - Non publié","s.o. - Non publié"
2024/2025,I,6,6.11,,,"Obligation under public-private partnerships",https://www.tpsgc-pwgsc.gc.ca/recgen/cpc-pac/2025/vol1/s6/dne-ud-eng.html#t6.11,"Obligation en vertu des partenariats public-privé",https://www.tpsgc-pwgsc.gc.ca/recgen/cpc-pac/2025/vol1/s6/dne-ud-fra.html#t6.11,"N/A - Not published","N/A - Not published","s.o. - Non publié","s.o. - Non publié","N/A - Not published","N/A - Not published","s.o. - Non publié","s.o. - Non publié"
2024/2025,I,6,6.12,,,"Payments under public-private partnerships",https://www.tpsgc-pwgsc.gc.ca/recgen/cpc-pac/2025/vol1/s6/dne-ud-eng.html#t6.12,"Paiements en vertu des partenariats public-privé",https://www.tpsgc-pwgsc.gc.ca/recgen/cpc-pac/2025/vol1/s6/dne-ud-fra.html#t6.12,"N/A - Not published","N/A - Not published","s.o. - Non publié","s.o. - Non publié","N/A - Not published","N/A - Not published","s.o. - Non publié","s.o. - Non publié"
2024/2025,I,6,6.13,,,"Public sector pensions",https://www.tpsgc-pwgsc.gc.ca/recgen/cpc-pac/2025/vol1/s6/rraaf-pofb-eng.html#t6.13,"Régimes de retraite du secteur public",https://www.tpsgc-pwgsc.gc.ca/recgen/cpc-pac/2025/vol1/s6/rraaf-pofb-fra.html#t6.13,"Financial Information Comparative of Public Sector Pension Accounts as per the Public Accounts of Canada",https://open.canada.ca/data/en/dataset/5fefdd9b-e7e9-4139-93a1-aa4e696fb237,"Comparatif de l’information financière des comptes de régimes de retraite selon les Comptes publics du Canada",https://ouvert.canada.ca/data/fr/dataset/5fefdd9b-e7e9-4139-93a1-aa4e696fb237,"2025 - Volume 1, Public Sector Pensions",https://donnees-data.tpsgc-pwgsc.gc.ca/ba1/cdifdcdrdr-ficpspapac/cdifdcdrdr-ficpspapac-2025.csv,"2025 - Volume 1, Régimes de retraite du secteur public",https://donnees-data.tpsgc-pwgsc.gc.ca/ba1/cdifdcdrdr-ficpspapac/cdifdcdrdr-ficpspapac-2025.csv
2024/2025,I,6,6.14,,,"Summary of transactions in public sector pensions that resulted in charges to expenses",https://www.tpsgc-pwgsc.gc.ca/recgen/cpc-pac/2025/vol1/s6/rraaf-pofb-eng.html#t6.14,"Sommaire des opérations relatives aux régimes de retraite du secteur public qui ont produit des imputations aux charges",https://www.tpsgc-pwgsc.gc.ca/recgen/cpc-pac/2025/vol1/s6/rraaf-pofb-fra.html#t6.14,"Summary of transactions in public sector pensions that resulted in charges to expenditures, as per the Public Accounts of Canada",https://open.canada.ca/data/en/dataset/e371bc8c-4d06-4fc1-b9c6-e1e72a87a6a5,"Sommaire des opérations relatives aux régimes de retraite du secteur public qui ont produit des imputations aux charges selon les Comptes publics du Canada",https://ouvert.canada.ca/data/fr/dataset/e371bc8c-4d06-4fc1-b9c6-e1e72a87a6a5,"2008-2025 - data file",https://donnees-data.tpsgc-pwgsc.gc.ca/ba1/regimes-pensions/regimes-pensions.csv,"2008-2025 - fichier de données",https://donnees-data.tpsgc-pwgsc.gc.ca/ba1/regimes-pensions/regimes-pensions.csv
2024/2025,I,6,6.15,,,"Public Service Superannuation Account",https://www.tpsgc-pwgsc.gc.ca/recgen/cpc-pac/2025/vol1/s6/rraaf-pofb-eng.html#t6.15,"Compte de pension de retraite de la fonction publique",https://www.tpsgc-pwgsc.gc.ca/recgen/cpc-pac/2025/vol1/s6/rraaf-pofb-fra.html#t6.15,"Financial Information Comparative of Public Sector Pension Accounts as per the Public Accounts of Canada",https://open.canada.ca/data/en/dataset/5fefdd9b-e7e9-4139-93a1-aa4e696fb237,"Comparatif de l’information financière des comptes de régimes de retraite selon les Comptes publics du Canada",https://ouvert.canada.ca/data/fr/dataset/5fefdd9b-e7e9-4139-93a1-aa4e696fb237,"2025 - Volume 1, Public Sector Pensions",https://donnees-data.tpsgc-pwgsc.gc.ca/ba1/cdifdcdrdr-ficpspapac/cdifdcdrdr-ficpspapac-2025.csv,"2025 - Volume 1, Régimes de retraite du secteur public",https://donnees-data.tpsgc-pwgsc.gc.ca/ba1/cdifdcdrdr-ficpspapac/cdifdcdrdr-ficpspapac-2025.csv
2024/2025,I,6,6.16,,,"Public Service Pension Fund Account",https://www.tpsgc-pwgsc.gc.ca/recgen/cpc-pac/2025/vol1/s6/rraaf-pofb-eng.html#t6.16,"Compte de la caisse de retraite de la fonction publique",https://www.tpsgc-pwgsc.gc.ca/recgen/cpc-pac/2025/vol1/s6/rraaf-pofb-fra.html#t6.16,"Financial Information Comparative of Public Sector Pension Accounts as per the Public Accounts of Canada",https://open.canada.ca/data/en/dataset/5fefdd9b-e7e9-4139-93a1-aa4e696fb237,"Comparatif de l’information financière des comptes de régimes de retraite selon les Comptes publics du Canada",https://ouvert.canada.ca/data/fr/dataset/5fefdd9b-e7e9-4139-93a1-aa4e696fb237,"2025 - Volume 1, Public Sector Pensions",https://donnees-data.tpsgc-pwgsc.gc.ca/ba1/cdifdcdrdr-ficpspapac/cdifdcdrdr-ficpspapac-2025.csv,"2025 - Volume 1, Régimes de retraite du secteur public",https://donnees-data.tpsgc-pwgsc.gc.ca/ba1/cdifdcdrdr-ficpspapac/cdifdcdrdr-ficpspapac-2025.csv
2024/2025,I,6,6.17,,,"Canadian Forces Superannuation Account",https://www.tpsgc-pwgsc.gc.ca/recgen/cpc-pac/2025/vol1/s6/rraaf-pofb-eng.html#t6.17,"Compte de pension de retraite des Forces canadiennes",https://www.tpsgc-pwgsc.gc.ca/recgen/cpc-pac/2025/vol1/s6/rraaf-pofb-fra.html#t6.17,"Financial Information Comparative of Public Sector Pension Accounts as per the Public Accounts of Canada",https://open.canada.ca/data/en/dataset/5fefdd9b-e7e9-4139-93a1-aa4e696fb237,"Comparatif de l’information financière des comptes de régimes de retraite selon les Comptes publics du Canada",https://ouvert.canada.ca/data/fr/dataset/5fefdd9b-e7e9-4139-93a1-aa4e696fb237,"2025 - Volume 1, Public Sector Pensions",https://donnees-data.tpsgc-pwgsc.gc.ca/ba1/cdifdcdrdr-ficpspapac/cdifdcdrdr-ficpspapac-2025.csv,"2025 - Volume 1, Régimes de retraite du secteur public",https://donnees-data.tpsgc-pwgsc.gc.ca/ba1/cdifdcdrdr-ficpspapac/cdifdcdrdr-ficpspapac-2025.csv
2024/2025,I,6,6.18,,,"Canadian Forces Pension Fund Account",https://www.tpsgc-pwgsc.gc.ca/recgen/cpc-pac/2025/vol1/s6/rraaf-pofb-eng.html#t6.18,"Compte de la caisse de retraite des Forces canadiennes",https://www.tpsgc-pwgsc.gc.ca/recgen/cpc-pac/2025/vol1/s6/rraaf-pofb-fra.html#t6.18,"Financial Information Comparative of Public Sector Pension Accounts as per the Public Accounts of Canada",https://open.canada.ca/data/en/dataset/5fefdd9b-e7e9-4139-93a1-aa4e696fb237,"Comparatif de l’information financière des comptes de régimes de retraite selon les Comptes publics du Canada",https://ouvert.canada.ca/data/fr/dataset/5fefdd9b-e7e9-4139-93a1-aa4e696fb237,"2025 - Volume 1, Public Sector Pensions",https://donnees-data.tpsgc-pwgsc.gc.ca/ba1/cdifdcdrdr-ficpspapac/cdifdcdrdr-ficpspapac-2025.csv,"2025 - Volume 1, Régimes de retraite du secteur public",https://donnees-data.tpsgc-pwgsc.gc.ca/ba1/cdifdcdrdr-ficpspapac/cdifdcdrdr-ficpspapac-2025.csv
2024/2025,I,6,6.19,,,"Reserve Force Pension Fund Account",https://www.tpsgc-pwgsc.gc.ca/recgen/cpc-pac/2025/vol1/s6/rraaf-pofb-eng.html#t6.19,"Compte de la caisse de retraite de la force de réserve",https://www.tpsgc-pwgsc.gc.ca/recgen/cpc-pac/2025/vol1/s6/rraaf-pofb-fra.html#t6.19,"Financial Information Comparative of Public Sector Pension Accounts as per the Public Accounts of Canada",https://open.canada.ca/data/en/dataset/5fefdd9b-e7e9-4139-93a1-aa4e696fb237,"Comparatif de l’information financière des comptes de régimes de retraite selon les Comptes publics du Canada",https://ouvert.canada.ca/data/fr/dataset/5fefdd9b-e7e9-4139-93a1-aa4e696fb237,"2025 - Volume 1, Public Sector Pensions",https://donnees-data.tpsgc-pwgsc.gc.ca/ba1/cdifdcdrdr-ficpspapac/cdifdcdrdr-ficpspapac-2025.csv,"2025 - Volume 1, Régimes de retraite du secteur public",https://donnees-data.tpsgc-pwgsc.gc.ca/ba1/cdifdcdrdr-ficpspapac/cdifdcdrdr-ficpspapac-2025.csv
2024/2025,I,6,6.20,,,"Royal Canadian Mounted Police Superannuation Account",https://www.tpsgc-pwgsc.gc.ca/recgen/cpc-pac/2025/vol1/s6/rraaf-pofb-eng.html#t6.20,"Compte de pension de retraite de la Gendarmerie royale du Canada",https://www.tpsgc-pwgsc.gc.ca/recgen/cpc-pac/2025/vol1/s6/rraaf-pofb-fra.html#t6.20,"Financial Information Comparative of Public Sector Pension Accounts as per the Public Accounts of Canada",https://open.canada.ca/data/en/dataset/5fefdd9b-e7e9-4139-93a1-aa4e696fb237,"Comparatif de l’information financière des comptes de régimes de retraite selon les Comptes publics du Canada",https://ouvert.canada.ca/data/fr/dataset/5fefdd9b-e7e9-4139-93a1-aa4e696fb237,"2025 - Volume 1, Public Sector Pensions",https://donnees-data.tpsgc-pwgsc.gc.ca/ba1/cdifdcdrdr-ficpspapac/cdifdcdrdr-ficpspapac-2025.csv,"2025 - Volume 1, Régimes de retraite du secteur public",https://donnees-data.tpsgc-pwgsc.gc.ca/ba1/cdifdcdrdr-ficpspapac/cdifdcdrdr-ficpspapac-2025.csv
2024/2025,I,6,6.21,,,"Royal Canadian Mounted Police Pension Fund Account",https://www.tpsgc-pwgsc.gc.ca/recgen/cpc-pac/2025/vol1/s6/rraaf-pofb-eng.html#t6.21,"Compte de la caisse de retraite de la Gendarmerie royale du Canada",https://www.tpsgc-pwgsc.gc.ca/recgen/cpc-pac/2025/vol1/s6/rraaf-pofb-fra.html#t6.21,"Financial Information Comparative of Public Sector Pension Accounts as per the Public Accounts of Canada",https://open.canada.ca/data/en/dataset/5fefdd9b-e7e9-4139-93a1-aa4e696fb237,"Comparatif de l’information financière des comptes de régimes de retraite selon les Comptes publics du Canada",https://ouvert.canada.ca/data/fr/dataset/5fefdd9b-e7e9-4139-93a1-aa4e696fb237,"2025 - Volume 1, Public Sector Pensions",https://donnees-data.tpsgc-pwgsc.gc.ca/ba1/cdifdcdrdr-ficpspapac/cdifdcdrdr-ficpspapac-2025.csv,"2025 - Volume 1, Régimes de retraite du secteur public",https://donnees-data.tpsgc-pwgsc.gc.ca/ba1/cdifdcdrdr-ficpspapac/cdifdcdrdr-ficpspapac-2025.csv
2024/2025,I,6,6.22,,,"Members of Parliament Retiring Allowances Account",https://www.tpsgc-pwgsc.gc.ca/recgen/cpc-pac/2025/vol1/s6/rraaf-pofb-eng.html#t6.22,"Compte d'allocations de retraite des parlementaires",https://www.tpsgc-pwgsc.gc.ca/recgen/cpc-pac/2025/vol1/s6/rraaf-pofb-fra.html#t6.22,"Financial Information Comparative of Public Sector Pension Accounts as per the Public Accounts of Canada",https://open.canada.ca/data/en/dataset/5fefdd9b-e7e9-4139-93a1-aa4e696fb237,"Comparatif de l’information financière des comptes de régimes de retraite selon les Comptes publics du Canada",https://ouvert.canada.ca/data/fr/dataset/5fefdd9b-e7e9-4139-93a1-aa4e696fb237,"2025 - Volume 1, Public Sector Pensions",https://donnees-data.tpsgc-pwgsc.gc.ca/ba1/cdifdcdrdr-ficpspapac/cdifdcdrdr-ficpspapac-2025.csv,"2025 - Volume 1, Régimes de retraite du secteur public",https://donnees-data.tpsgc-pwgsc.gc.ca/ba1/cdifdcdrdr-ficpspapac/cdifdcdrdr-ficpspapac-2025.csv
2024/2025,I,6,6.23,,,"Members of Parliament Retirement Compensation Arrangements Account",https://www.tpsgc-pwgsc.gc.ca/recgen/cpc-pac/2025/vol1/s6/rraaf-pofb-eng.html#t6.23,"Compte de convention de retraite des parlementaires",https://www.tpsgc-pwgsc.gc.ca/recgen/cpc-pac/2025/vol1/s6/rraaf-pofb-fra.html#t6.23,"Financial Information Comparative of Public Sector Pension Accounts as per the Public Accounts of Canada",https://open.canada.ca/data/en/dataset/5fefdd9b-e7e9-4139-93a1-aa4e696fb237,"Comparatif de l’information financière des comptes de régimes de retraite selon les Comptes publics du Canada",https://ouvert.canada.ca/data/fr/dataset/5fefdd9b-e7e9-4139-93a1-aa4e696fb237,"2025 - Volume 1, Public Sector Pensions",https://donnees-data.tpsgc-pwgsc.gc.ca/ba1/cdifdcdrdr-ficpspapac/cdifdcdrdr-ficpspapac-2025.csv,"2025 - Volume 1, Régimes de retraite du secteur public",https://donnees-data.tpsgc-pwgsc.gc.ca/ba1/cdifdcdrdr-ficpspapac/cdifdcdrdr-ficpspapac-2025.csv
2024/2025,I,6,6.24,,,"Retirement Compensation Arrangements Accounts",https://www.tpsgc-pwgsc.gc.ca/recgen/cpc-pac/2025/vol1/s6/rraaf-pofb-eng.html#t6.24,"Comptes des régimes compensatoires",https://www.tpsgc-pwgsc.gc.ca/recgen/cpc-pac/2025/vol1/s6/rraaf-pofb-fra.html#t6.24,"N/A - Not published","N/A - Not published","s.o. - Non publié","s.o. - Non publié","N/A - Not published","N/A - Not published","s.o. - Non publié","s.o. - Non publié"
2024/2025,I,6,6.25,,,"Supplementary Retirement Benefits Account",https://www.tpsgc-pwgsc.gc.ca/recgen/cpc-pac/2025/vol1/s6/rraaf-pofb-eng.html#t6.25,"Compte de prestations de retraite supplémentaires",https://www.tpsgc-pwgsc.gc.ca/recgen/cpc-pac/2025/vol1/s6/rraaf-pofb-fra.html#t6.25,"Supplementary retirement benefits account as per the Public Accounts of Canada",https://open.canada.ca/data/en/dataset/67f2c91a-4a53-4eb8-8d27-2baf05284a49,"Compte de prestations de retraite supplémentaires selon les Comptes publics du Canada",https://ouvert.canada.ca/data/fr/dataset/67f2c91a-4a53-4eb8-8d27-2baf05284a49,"Data file",https://donnees-data.tpsgc-pwgsc.gc.ca/ba1/compteprestationsretraitesup-suppretirementbenefitsaccount/compteprestationsretraitesup-suppretirementbenefitsaccount.csv,"Fichier de données",https://donnees-data.tpsgc-pwgsc.gc.ca/ba1/compteprestationsretraitesup-suppretirementbenefitsaccount/compteprestationsretraitesup-suppretirementbenefitsaccount.csv
2024/2025,I,6,6.26,,,"Other employee and veteran future benefits",https://www.tpsgc-pwgsc.gc.ca/recgen/cpc-pac/2025/vol1/s6/rraaf-pofb-eng.html#t6.26,"Autres avantages futurs des employés et des anciens combattants",https://www.tpsgc-pwgsc.gc.ca/recgen/cpc-pac/2025/vol1/s6/rraaf-pofb-fra.html#t6.26,"N/A - Not published","N/A - Not published","s.o. - Non publié","s.o. - Non publié","N/A - Not published","N/A - Not published","s.o. - Non publié","s.o. - Non publié"
2024/2025,I,6,6.27,,,"Canada Pension Plan Accounts",https://www.tpsgc-pwgsc.gc.ca/recgen/cpc-pac/2025/vol1/s6/pssfs-lblts-eng.html#t6.27,"Comptes du Régime de pensions du Canada",https://www.tpsgc-pwgsc.gc.ca/recgen/cpc-pac/2025/vol1/s6/pssfs-lblts-fra.html#t6.27,"N/A - Not published","N/A - Not published","s.o. - Non publié","s.o. - Non publié","N/A - Not published","N/A - Not published","s.o. - Non publié","s.o. - Non publié"
2024/2025,I,6,6.28,,,"Deposit and trust accounts",https://www.tpsgc-pwgsc.gc.ca/recgen/cpc-pac/2025/vol1/s6/pssfs-lblts-eng.html#t6.28,"Comptes de dépôt et en fiducie",https://www.tpsgc-pwgsc.gc.ca/recgen/cpc-pac/2025/vol1/s6/pssfs-lblts-fra.html#t6.28,"N/A - Not published","N/A - Not published","s.o. - Non publié","s.o. - Non publié","N/A - Not published","N/A - Not published","s.o. - Non publié","s.o. - Non publié"
2024/2025,I,6,6.29,,,"Indian band funds—Capital accounts",https://www.tpsgc-pwgsc.gc.ca/recgen/cpc-pac/2025/vol1/s6/pssfs-lblts-eng.html#t6.29,"Fonds des bandes indiennes – Comptes de capital",https://www.tpsgc-pwgsc.gc.ca/recgen/cpc-pac/2025/vol1/s6/pssfs-lblts-fra.html#t6.29,"N/A - Not published","N/A - Not published","s.o. - Non publié","s.o. - Non publié","N/A - Not published","N/A - Not published","s.o. - Non publié","s.o. - Non publié"
2024/2025,I,6,6.30,,,"Indian band funds—Revenue accounts",https://www.tpsgc-pwgsc.gc.ca/recgen/cpc-pac/2025/vol1/s6/pssfs-lblts-eng.html#t6.30,"Fonds des bandes indiennes – Comptes de recettes",https://www.tpsgc-pwgsc.gc.ca/recgen/cpc-pac/2025/vol1/s6/pssfs-lblts-fra.html#t6.30,"N/A - Not published","N/A - Not published","s.o. - Non publié","s.o. - Non publié","N/A - Not published","N/A - Not published","s.o. - Non publié","s.o. - Non publié"
2024/2025,I,6,6.31,,,"Other specified purpose accounts",https://www.tpsgc-pwgsc.gc.ca/recgen/cpc-pac/2025/vol1/s6/pssfs-lblts-eng.html#t6.31,"Autres comptes à fins déterminées",https://www.tpsgc-pwgsc.gc.ca/recgen/cpc-pac/2025/vol1/s6/pssfs-lblts-fra.html#t6.31,"N/A - Not published","N/A - Not published","s.o. - Non publié","s.o. - Non publié","N/A - Not published","N/A - Not published","s.o. - Non publié","s.o. - Non publié"
2024/2025,I,6,6.32,,,"Regular Force Death Benefit Account",https://www.tpsgc-pwgsc.gc.ca/recgen/cpc-pac/2025/vol1/s6/pssfs-lblts-eng.html#t6.32,"Compte de prestations de décès de la force régulière",https://www.tpsgc-pwgsc.gc.ca/recgen/cpc-pac/2025/vol1/s6/pssfs-lblts-fra.html#t6.32,"N/A - Not published","N/A - Not published","s.o. - Non publié","s.o. - Non publié","N/A - Not published","N/A - Not published","s.o. - Non publié","s.o. - Non publié"
2024/2025,I,6,6.33,,,"Public Service Death Benefit Account",https://www.tpsgc-pwgsc.gc.ca/recgen/cpc-pac/2025/vol1/s6/pssfs-lblts-eng.html#t6.33,"Compte de prestations de décès de la fonction publique",https://www.tpsgc-pwgsc.gc.ca/recgen/cpc-pac/2025/vol1/s6/pssfs-lblts-fra.html#t6.33,"N/A - Not published","N/A - Not published","s.o. - Non publié","s.o. - Non publié","N/A - Not published","N/A - Not published","s.o. - Non publié","s.o. - Non publié"
2024/2025,I,7,7.1,,,"Cash and accounts receivable",https://www.tpsgc-pwgsc.gc.ca/recgen/cpc-pac/2025/vol1/s7/index-eng.html#t7.1,"Trésorerie et créances",https://www.tpsgc-pwgsc.gc.ca/recgen/cpc-pac/2025/vol1/s7/index-fra.html#t7.1,"Cash and accounts receivable; Cash, Tax receivables & Other Accounts Receivable as at March 31 as per the Public Accounts",https://open.canada.ca/data/en/dataset/32036a30-67ce-49bf-90a4-bf2bc9517c9d,"Trésorerie et créances; Trésorerie et équivalents de trésorerie; Impôts à recevoir & Autres créances selon les Comptes publics du Canada",https://ouvert.canada.ca/data/fr/dataset/32036a30-67ce-49bf-90a4-bf2bc9517c9d,"2009-2025 - data file",https://donnees-data.tpsgc-pwgsc.gc.ca/ba1/tresorerieimpotsrecevoir-cashtaxreceivable/tresorerieimpotsrecevoir-cashtaxreceivable.csv,"2009-2025 - fichier de données",https://donnees-data.tpsgc-pwgsc.gc.ca/ba1/tresorerieimpotsrecevoir-cashtaxreceivable/tresorerieimpotsrecevoir-cashtaxreceivable.csv
2024/2025,I,7,7.2,,,"Cash and cash equivalents",https://www.tpsgc-pwgsc.gc.ca/recgen/cpc-pac/2025/vol1/s7/tet-cce-eng.html#t7.2,"Trésorerie et équivalents de trésorerie",https://www.tpsgc-pwgsc.gc.ca/recgen/cpc-pac/2025/vol1/s7/tet-cce-fra.html#t7.2,"Cash and accounts receivable; Cash, Tax receivables & Other Accounts Receivable as at March 31 as per the Public Accounts",https://open.canada.ca/data/en/dataset/32036a30-67ce-49bf-90a4-bf2bc9517c9d,"Trésorerie et créances; Trésorerie et équivalents de trésorerie; Impôts à recevoir & Autres créances selon les Comptes publics du Canada",https://ouvert.canada.ca/data/fr/dataset/32036a30-67ce-49bf-90a4-bf2bc9517c9d,"2009-2025 - data file",https://donnees-data.tpsgc-pwgsc.gc.ca/ba1/tresorerieimpotsrecevoir-cashtaxreceivable/tresorerieimpotsrecevoir-cashtaxreceivable.csv,"2009-2025 - fichier de données",https://donnees-data.tpsgc-pwgsc.gc.ca/ba1/tresorerieimpotsrecevoir-cashtaxreceivable/tresorerieimpotsrecevoir-cashtaxreceivable.csv
2024/2025,I,7,7.3,,,"Taxes receivable as at March 31",https://www.tpsgc-pwgsc.gc.ca/recgen/cpc-pac/2025/vol1/s7/impots-taxes-eng.html#t7.3,"Impôts à recevoir au 31 mars",https://www.tpsgc-pwgsc.gc.ca/recgen/cpc-pac/2025/vol1/s7/impots-taxes-fra.html#t7.3,"Cash and accounts receivable; Cash, Tax receivables & Other Accounts Receivable as at March 31 as per the Public Accounts",https://open.canada.ca/data/en/dataset/32036a30-67ce-49bf-90a4-bf2bc9517c9d,"Trésorerie et créances; Trésorerie et équivalents de trésorerie; Impôts à recevoir & Autres créances selon les Comptes publics du Canada",https://ouvert.canada.ca/data/fr/dataset/32036a30-67ce-49bf-90a4-bf2bc9517c9d,"2009-2025 - data file",https://donnees-data.tpsgc-pwgsc.gc.ca/ba1/tresorerieimpotsrecevoir-cashtaxreceivable/tresorerieimpotsrecevoir-cashtaxreceivable.csv,"2009-2025 - fichier de données",https://donnees-data.tpsgc-pwgsc.gc.ca/ba1/tresorerieimpotsrecevoir-cashtaxreceivable/tresorerieimpotsrecevoir-cashtaxreceivable.csv
2024/2025,I,7,7.4,,,"Aging of taxes receivable",https://www.tpsgc-pwgsc.gc.ca/recgen/cpc-pac/2025/vol1/s7/impots-taxes-eng.html#t7.4,"Classement chronologique des impôts à recevoir",https://www.tpsgc-pwgsc.gc.ca/recgen/cpc-pac/2025/vol1/s7/impots-taxes-fra.html#t7.4,"Aging of Taxes & Other Accounts Receivable as per the Public Accounts",https://open.canada.ca/data/en/dataset/fd9ede21-859d-41d8-8c4a-d3f24d98ef55,"Classement chronologique des impôts et autres créances à recevoir selon les Comptes publics du Canada",https://ouvert.canada.ca/data/fr/dataset/fd9ede21-859d-41d8-8c4a-d3f24d98ef55,"2009-2025 - data file",https://donnees-data.tpsgc-pwgsc.gc.ca/ba1/chronoimpots-agingtaxes/chronoimpots-agingtaxes.csv,"2009-2025 - fichier de données",https://donnees-data.tpsgc-pwgsc.gc.ca/ba1/chronoimpots-agingtaxes/chronoimpots-agingtaxes.csv
2024/2025,I,7,7.5,,,"Other accounts receivable as at March 31",https://www.tpsgc-pwgsc.gc.ca/recgen/cpc-pac/2025/vol1/s7/ac-oar-eng.html#t7.5,"Autres créances au 31 mars",https://www.tpsgc-pwgsc.gc.ca/recgen/cpc-pac/2025/vol1/s7/ac-oar-fra.html#t7.5,"Cash and accounts receivable; Cash, Tax receivables & Other Accounts Receivable as at March 31 as per the Public Accounts",https://open.canada.ca/data/en/dataset/32036a30-67ce-49bf-90a4-bf2bc9517c9d,"Trésorerie et créances; Trésorerie et équivalents de trésorerie; Impôts à recevoir & Autres créances selon les Comptes publics du Canada",https://ouvert.canada.ca/data/fr/dataset/32036a30-67ce-49bf-90a4-bf2bc9517c9d,"2009-2025 - data file",https://donnees-data.tpsgc-pwgsc.gc.ca/ba1/tresorerieimpotsrecevoir-cashtaxreceivable/tresorerieimpotsrecevoir-cashtaxreceivable.csv,"2009-2025 - fichier de données",https://donnees-data.tpsgc-pwgsc.gc.ca/ba1/tresorerieimpotsrecevoir-cashtaxreceivable/tresorerieimpotsrecevoir-cashtaxreceivable.csv
2024/2025,I,8,8.1,,,"Foreign exchange accounts assets",https://www.tpsgc-pwgsc.gc.ca/recgen/cpc-pac/2025/vol1/s8/index-eng.html#t8.1,"Actifs des Comptes d'opérations de change",https://www.tpsgc-pwgsc.gc.ca/recgen/cpc-pac/2025/vol1/s8/index-fra.html#t8.1,"Foreign exchange accounts as per the Public Accounts of Canada",https://open.canada.ca/data/en/dataset/428cdde1-b58d-4efc-b561-57db1d9cdc46,"Comptes d'opérations de change selon les Comptes publics du Canada",https://ouvert.canada.ca/data/fr/dataset/428cdde1-b58d-4efc-b561-57db1d9cdc46,"Data file",https://donnees-data.tpsgc-pwgsc.gc.ca/ba1/comptesoperationsechange-foreignexchangeaccounts/comptesoperationsechange-foreignexchangeaccounts.csv,"Fichier de données",https://donnees-data.tpsgc-pwgsc.gc.ca/ba1/comptesoperationsechange-foreignexchangeaccounts/comptesoperationsechange-foreignexchangeaccounts.csv
2024/2025,I,8,8.2,,,"Foreign exchange accounts liabilities",https://www.tpsgc-pwgsc.gc.ca/recgen/cpc-pac/2025/vol1/s8/index-eng.html#t8.2,"Passifs des comptes d'opérations de change",https://www.tpsgc-pwgsc.gc.ca/recgen/cpc-pac/2025/vol1/s8/index-fra.html#t8.2,"Foreign exchange accounts as per the Public Accounts of Canada",https://open.canada.ca/data/en/dataset/428cdde1-b58d-4efc-b561-57db1d9cdc46,"Comptes d'opérations de change selon les Comptes publics du Canada",https://ouvert.canada.ca/data/fr/dataset/428cdde1-b58d-4efc-b561-57db1d9cdc46,"Data file",https://donnees-data.tpsgc-pwgsc.gc.ca/ba1/comptesoperationsechange-foreignexchangeaccounts/comptesoperationsechange-foreignexchangeaccounts.csv,"Fichier de données",https://donnees-data.tpsgc-pwgsc.gc.ca/ba1/comptesoperationsechange-foreignexchangeaccounts/comptesoperationsechange-foreignexchangeaccounts.csv
2024/2025,I,8,8.3,,,"International reserves held in the Exchange Fund Account",https://www.tpsgc-pwgsc.gc.ca/recgen/cpc-pac/2025/vol1/s8/rlidcfc-irhefa-eng.html#t8.3,"Réserves de liquidités internationales détenues dans le Compte du fonds des changes",https://www.tpsgc-pwgsc.gc.ca/recgen/cpc-pac/2025/vol1/s8/rlidcfc-irhefa-fra.html#t8.3,"International reserves held in the exchange fund account as per the Public Accounts of Canada",https://open.canada.ca/data/en/dataset/193d0818-6403-422e-ba25-a2d3699947f4,"Réserves de liquidités internationales détenues dans le Compte du fonds des changes selon les Comptes publics du Canada",https://ouvert.canada.ca/data/fr/dataset/193d0818-6403-422e-ba25-a2d3699947f4,"Data file",https://donnees-data.tpsgc-pwgsc.gc.ca/ba1/reservesinternationalesdetenues-internationalreservesheld/reservesinternationalesdetenues-internationalreservesheld.csv,"Fichier de données",https://donnees-data.tpsgc-pwgsc.gc.ca/ba1/reservesinternationalesdetenues-internationalreservesheld/reservesinternationalesdetenues-internationalreservesheld.csv
2024/2025,I,9,9.1,,,"Loans, investments and advances",https://www.tpsgc-pwgsc.gc.ca/recgen/cpc-pac/2025/vol1/s9/index-eng.html#t9.1,"Prêts, placements et avances",https://www.tpsgc-pwgsc.gc.ca/recgen/cpc-pac/2025/vol1/s9/index-fra.html#t9.1,"Loans, Investments and Advances as per the Public Accounts of Canada",https://open.canada.ca/data/en/dataset/6c0aa172-47ed-457a-a3f9-ed2eb3cd8d23,"Prêts, placements et avances selon les Comptes publics du Canada",https://ouvert.canada.ca/data/fr/dataset/6c0aa172-47ed-457a-a3f9-ed2eb3cd8d23,"Data file",https://donnees-data.tpsgc-pwgsc.gc.ca/ba1/pretplaceavance-loaninvestadvance/pretplaceavance-loaninvestadvance.csv,"Fichier de données",https://donnees-data.tpsgc-pwgsc.gc.ca/ba1/pretplaceavance-loaninvestadvance/pretplaceavance-loaninvestadvance.csv
2024/2025,I,9,9.2,,,"Enterprise Crown corporations and other government business enterprises",https://www.tpsgc-pwgsc.gc.ca/recgen/cpc-pac/2025/vol1/s9/seeaep-eccogbe-eng.html#t9.2,"Sociétés d'État entreprises et autres entreprises publiques",https://www.tpsgc-pwgsc.gc.ca/recgen/cpc-pac/2025/vol1/s9/seeaep-eccogbe-fra.html#t9.2,"Loans, Investments and Advances as per the Public Accounts of Canada",https://open.canada.ca/data/en/dataset/6c0aa172-47ed-457a-a3f9-ed2eb3cd8d23,"Prêts, placements et avances selon les Comptes publics du Canada",https://ouvert.canada.ca/data/fr/dataset/6c0aa172-47ed-457a-a3f9-ed2eb3cd8d23,"Data file",https://donnees-data.tpsgc-pwgsc.gc.ca/ba1/pretplaceavance-loaninvestadvance/pretplaceavance-loaninvestadvance.csv,"Fichier de données",https://donnees-data.tpsgc-pwgsc.gc.ca/ba1/pretplaceavance-loaninvestadvance/pretplaceavance-loaninvestadvance.csv
2024/2025,I,9,9.2a,,,"Interest paid to the government",https://www.tpsgc-pwgsc.gc.ca/recgen/cpc-pac/2025/vol1/s9/seeaep-eccogbe-eng.html#t9.2a,"Intérêt payé au gouvernement",https://www.tpsgc-pwgsc.gc.ca/recgen/cpc-pac/2025/vol1/s9/seeaep-eccogbe-fra.html#t9.2a,"N/A - Not published","N/A - Not published","s.o. - Non publié","s.o. - Non publié","N/A - Not published","N/A - Not published","s.o. - Non publié","s.o. - Non publié"
2024/2025,I,9,9.3,,,"Financial position of enterprise Crown corporations and other government business enterprises",https://www.tpsgc-pwgsc.gc.ca/recgen/cpc-pac/2025/vol1/s9/seeaep-eccogbe-eng.html#t9.3,"Situation financière des sociétés d'État entreprises et autres entreprises publiques",https://www.tpsgc-pwgsc.gc.ca/recgen/cpc-pac/2025/vol1/s9/seeaep-eccogbe-fra.html#t9.3,"Financial Position of Enterprise Crown Corporations and Other Government Business Enterprises as per the Public Accounts of Canada",https://open.canada.ca/data/en/dataset/ae2dd6b8-e846-4158-980b-41c9dfc63073,"Situation financière des sociétés d'État entreprises et autres entreprises publiques selon les Comptes publics du Canada",https://ouvert.canada.ca/data/fr/dataset/ae2dd6b8-e846-4158-980b-41c9dfc63073,"2006-2025 - data file",https://donnees-data.tpsgc-pwgsc.gc.ca/ba1/fpecc-sfdse/fpecc-sfdse.csv,"2006-2025 - fichier de données",https://donnees-data.tpsgc-pwgsc.gc.ca/ba1/fpecc-sfdse/fpecc-sfdse.csv
2024/2025,I,9,9.4,,,"Revenues, expenses and other changes in equity of enterprise Crown corporations and other government business enterprises for the year",https://www.tpsgc-pwgsc.gc.ca/recgen/cpc-pac/2025/vol1/s9/seeaep-eccogbe-eng.html#t9.4,"Revenus, charges et autres variations des capitaux propres des sociétés d'État entreprises et autres entreprises publiques pour l'exercice",https://www.tpsgc-pwgsc.gc.ca/recgen/cpc-pac/2025/vol1/s9/seeaep-eccogbe-fra.html#t9.4,"Revenues, Expenses and Other Changes in Equity of Enterprise Crown Corporations and Other Government Business Enterprises as per the Public Accounts of Canada",https://open.canada.ca/data/en/dataset/d594608a-2882-40b9-ae8f-79d1a07ea029,"Revenus, charges et autres variations des capitaux propres des sociétés d'État entreprises et autres entreprises publiques selon les Comptes publics du Canada",https://ouvert.canada.ca/data/fr/dataset/d594608a-2882-40b9-ae8f-79d1a07ea029,"2006-2025 - data file",https://donnees-data.tpsgc-pwgsc.gc.ca/ba1/reocee-rcavdl/reocee-rcavdl.csv,"2006-2025 - fichier de données",https://donnees-data.tpsgc-pwgsc.gc.ca/ba1/reocee-rcavdl/reocee-rcavdl.csv
2024/2025,I,9,9.5,,,"Borrowings by enterprise Crown corporations and other government business enterprises",https://www.tpsgc-pwgsc.gc.ca/recgen/cpc-pac/2025/vol1/s9/seeaep-eccogbe-eng.html#t9.5,"Emprunts effectués par les sociétés d'État entreprises et autres entreprises publiques",https://www.tpsgc-pwgsc.gc.ca/recgen/cpc-pac/2025/vol1/s9/seeaep-eccogbe-fra.html#t9.5,"Borrowings by consolidated agent Crown corporations and enterprise Crown corporations and other government business enterprises (GBEs), as per the Public Accounts of Canada",https://open.canada.ca/data/en/dataset/a55ef5d6-312b-44a5-970e-c4a4749e474c,"Emprunts effectués par les sociétés d'État mandataires consolidées et les sociétés d’État entreprises et autres entreprises publiques, selon les Comptes publics du Canada",https://ouvert.canada.ca/data/fr/dataset/a55ef5d6-312b-44a5-970e-c4a4749e474c,"2007-2025 - data file",https://donnees-data.tpsgc-pwgsc.gc.ca/ba1/emcm-bcac/emcm-bcac.csv,"2007-2025 - fichier de données",https://donnees-data.tpsgc-pwgsc.gc.ca/ba1/emcm-bcac/emcm-bcac.csv
2024/2025,I,9,9.6,,,"Maturity and currency of borrowings by enterprise Crown corporations and other government business enterprises",https://www.tpsgc-pwgsc.gc.ca/recgen/cpc-pac/2025/vol1/s9/seeaep-eccogbe-eng.html#t9.6,"Échéances et devises des emprunts des sociétés d'État entreprises et autres entreprises publiques",https://www.tpsgc-pwgsc.gc.ca/recgen/cpc-pac/2025/vol1/s9/seeaep-eccogbe-fra.html#t9.6,"Maturity and currency of borrowings by enterprise Crown corporations and other government enterprises as per the Public Accounts of Canada",https://open.canada.ca/data/en/dataset/b66bfcc6-9e82-4364-ab94-94d42ee828f5,"Échéances et devises des emprunts des sociétés d'État entreprises et autres entreprises publiques selon les Comptes publics du Canada",https://ouvert.canada.ca/data/fr/dataset/b66bfcc6-9e82-4364-ab94-94d42ee828f5,"2009-2025 - Maturity of borrowings by enterprise Crown corporations and other government enterprises",https://donnees-data.tpsgc-pwgsc.gc.ca/ba1/echeances-maturity/echeances-maturity.csv,"2009-2025 - Échéances des emprunts des sociétés d'État entreprises et autres entreprises publiques",https://donnees-data.tpsgc-pwgsc.gc.ca/ba1/echeances-maturity/echeances-maturity.csv
2024/2025,I,9,9.6.1,"Table footnote details","Détails de la note de bas du table","Maturity and currency of borrowings by enterprise Crown corporations and other government business enterprises - footnote",https://www.tpsgc-pwgsc.gc.ca/recgen/cpc-pac/2024/vol1/s9/seeaep-eccogbe-eng.html#ft_w1s9eccT06e-1,"Échéances et devises des emprunts des sociétés d'État entreprises et autres entreprises publiques - note de bas de page",https://www.tpsgc-pwgsc.gc.ca/recgen/cpc-pac/2025/vol1/s9/seeaep-eccogbe-fra.html#ft_w1s9eccT06f_1,"Maturity and currency of borrowings by enterprise Crown corporations and other government enterprises as per the Public Accounts of Canada",https://open.canada.ca/data/en/dataset/b66bfcc6-9e82-4364-ab94-94d42ee828f5,"Échéances et devises des emprunts des sociétés d'État entreprises et autres entreprises publiques selon les Comptes publics du Canada",https://ouvert.canada.ca/data/fr/dataset/b66bfcc6-9e82-4364-ab94-94d42ee828f5,"2009-2025 - Canadian dollar equivalent of borrowings",https://donnees-data.tpsgc-pwgsc.gc.ca/ba1/echeances-maturity/devises-currency.csv,"2009-2025 - Équivalent en dollars canadiens des emprunts",https://donnees-data.tpsgc-pwgsc.gc.ca/ba1/echeances-maturity/devises-currency.csv
2024/2025,I,9,9.7,,,"Contingent liabilities of enterprise Crown corporations and other government business enterprises",https://www.tpsgc-pwgsc.gc.ca/recgen/cpc-pac/2025/vol1/s9/seeaep-eccogbe-eng.html#t9.7,"Passif éventuel des sociétés d'État entreprises et autres entreprises publiques",https://www.tpsgc-pwgsc.gc.ca/recgen/cpc-pac/2025/vol1/s9/seeaep-eccogbe-fra.html#t9.7,"Contingent liabilities of consolidated Crown corporations and other entities and enterprise Crown corporations and other government business enterprises (GBEs), as per the Public Accounts of Canada",https://open.canada.ca/data/en/dataset/176259fb-0ecd-4c0f-a068-1905442f2ad8,"Passif éventuel des sociétés d'État et autres entités consolidées et des sociétés d’État entreprises et autres entreprises publiques, selon les Comptes publics du Canada",https://ouvert.canada.ca/data/fr/dataset/176259fb-0ecd-4c0f-a068-1905442f2ad8,"2018-2025 - data file",https://donnees-data.tpsgc-pwgsc.gc.ca/ba1/pesae-clcce/pesae-clcce.csv,"2018-2025 - fichier de données",https://donnees-data.tpsgc-pwgsc.gc.ca/ba1/pesae-clcce/pesae-clcce.csv
2024/2025,I,9,9.8,,,"Contractual obligations of enterprise Crown corporations and other government business enterprises",https://www.tpsgc-pwgsc.gc.ca/recgen/cpc-pac/2025/vol1/s9/seeaep-eccogbe-eng.html#t9.8,"Obligations contractuelles des sociétés d'État entreprises et autres entreprises publiques",https://www.tpsgc-pwgsc.gc.ca/recgen/cpc-pac/2025/vol1/s9/seeaep-eccogbe-fra.html#t9.8,"N/A - Not published","N/A - Not published","s.o. - Non publié","s.o. - Non publié","N/A - Not published","N/A - Not published","s.o. - Non publié","s.o. - Non publié"
2024/2025,I,9,9.9,,,"Financial assistance to enterprise Crown corporations and other government business enterprises for the year",https://www.tpsgc-pwgsc.gc.ca/recgen/cpc-pac/2025/vol1/s9/seeaep-eccogbe-eng.html#t9.9,"Aide financière aux sociétés d'État entreprises et autres entreprises publiques pour l'exercice",https://www.tpsgc-pwgsc.gc.ca/recgen/cpc-pac/2025/vol1/s9/seeaep-eccogbe-fra.html#t9.9,"Financial assistance under budgetary appropriations to consolidated Crown corporations, enterprise Crown corporations and other government business enterprises (GBEs), as per the Public Accounts of Canada",https://open.canada.ca/data/en/dataset/5e6d0313-b81e-4c8b-a0d5-360e4411b77a,"Aide financière aux sociétés d'État consolidées provenant de crédits budgétaires, aux sociétés d’État entreprises et autres entreprises publiques, selon les Comptes publics du Canada",https://ouvert.canada.ca/data/fr/dataset/5e6d0313-b81e-4c8b-a0d5-360e4411b77a,"2007-2025 - data file",https://donnees-data.tpsgc-pwgsc.gc.ca/ba1/afscpcb-fabacc/afscpcb-fabacc.csv,"2007-2025 - fichier de données",https://donnees-data.tpsgc-pwgsc.gc.ca/ba1/afscpcb-fabacc/afscpcb-fabacc.csv
2024/2025,I,9,9.10,,,"Portfolio investments",https://www.tpsgc-pwgsc.gc.ca/recgen/cpc-pac/2025/vol1/s9/pp-pi-eng.html#t9.10,"Placements de portefeuille",https://www.tpsgc-pwgsc.gc.ca/recgen/cpc-pac/2025/vol1/s9/pp-pi-fra.html#t9.10,"Loans, Investments and Advances as per the Public Accounts of Canada",https://open.canada.ca/data/en/dataset/6c0aa172-47ed-457a-a3f9-ed2eb3cd8d23,"Prêts, placements et avances selon les Comptes publics du Canada",https://ouvert.canada.ca/data/fr/dataset/6c0aa172-47ed-457a-a3f9-ed2eb3cd8d23,"Data file",https://donnees-data.tpsgc-pwgsc.gc.ca/ba1/pretplaceavance-loaninvestadvance/pretplaceavance-loaninvestadvance.csv,"Fichier de données",https://donnees-data.tpsgc-pwgsc.gc.ca/ba1/pretplaceavance-loaninvestadvance/pretplaceavance-loaninvestadvance.csv
2024/2025,I,9,9.11,,,"International organizations",https://www.tpsgc-pwgsc.gc.ca/recgen/cpc-pac/2025/vol1/s9/oi-io-eng.html#t9.11,"Organisations internationales",https://www.tpsgc-pwgsc.gc.ca/recgen/cpc-pac/2025/vol1/s9/oi-io-fra.html#t9.11,"Loans, Investments and Advances as per the Public Accounts of Canada",https://open.canada.ca/data/en/dataset/6c0aa172-47ed-457a-a3f9-ed2eb3cd8d23,"Prêts, placements et avances selon les Comptes publics du Canada",https://ouvert.canada.ca/data/fr/dataset/6c0aa172-47ed-457a-a3f9-ed2eb3cd8d23,"Data file",https://donnees-data.tpsgc-pwgsc.gc.ca/ba1/pretplaceavance-loaninvestadvance/pretplaceavance-loaninvestadvance.csv,"Fichier de données",https://donnees-data.tpsgc-pwgsc.gc.ca/ba1/pretplaceavance-loaninvestadvance/pretplaceavance-loaninvestadvance.csv
2024/2025,I,9,9.12,,,"Other loans and advances",https://www.tpsgc-pwgsc.gc.ca/recgen/cpc-pac/2025/vol1/s9/appa-olia-eng.html#t9.12,"Autres prêts, placements et avances",https://www.tpsgc-pwgsc.gc.ca/recgen/cpc-pac/2025/vol1/s9/appa-olia-fra.html#t9.12,"Loans, Investments and Advances as per the Public Accounts of Canada",https://open.canada.ca/data/en/dataset/6c0aa172-47ed-457a-a3f9-ed2eb3cd8d23,"Prêts, placements et avances selon les Comptes publics du Canada",https://ouvert.canada.ca/data/fr/dataset/6c0aa172-47ed-457a-a3f9-ed2eb3cd8d23,"Data file",https://donnees-data.tpsgc-pwgsc.gc.ca/ba1/pretplaceavance-loaninvestadvance/pretplaceavance-loaninvestadvance.csv,"Fichier de données",https://donnees-data.tpsgc-pwgsc.gc.ca/ba1/pretplaceavance-loaninvestadvance/pretplaceavance-loaninvestadvance.csv
2024/2025,I,9,9.12a,,,"International organizations - Loans and advances",https://www.tpsgc-pwgsc.gc.ca/recgen/cpc-pac/2025/vol1/s9/appa-olia-eng.html#w1s9liatable9_12ae,"Organisations internationales - Prêts et avances",https://www.tpsgc-pwgsc.gc.ca/recgen/cpc-pac/2025/vol1/s9/appa-olia-fra.html#w1s9liatable9_12af,"Loans, Investments and Advances as per the Public Accounts of Canada",https://open.canada.ca/data/en/dataset/6c0aa172-47ed-457a-a3f9-ed2eb3cd8d23,"Prêts, placements et avances selon les Comptes publics du Canada",https://ouvert.canada.ca/data/fr/dataset/6c0aa172-47ed-457a-a3f9-ed2eb3cd8d23,"Data file",https://donnees-data.tpsgc-pwgsc.gc.ca/ba1/pretplaceavance-loaninvestadvance/pretplaceavance-loaninvestadvance.csv,"Fichier de données",https://donnees-data.tpsgc-pwgsc.gc.ca/ba1/pretplaceavance-loaninvestadvance/pretplaceavance-loaninvestadvance.csv
2024/2025,I,9,9.12b,,,"International development assistance—Developing countries",https://www.tpsgc-pwgsc.gc.ca/recgen/cpc-pac/2025/vol1/s9/appa-olia-eng.html#w1s9liatable9_12be,"Aide au développement international – Pays en développement",https://www.tpsgc-pwgsc.gc.ca/recgen/cpc-pac/2025/vol1/s9/appa-olia-fra.html#w1s9liatable9_12bf,"Loans, Investments and Advances as per the Public Accounts of Canada",https://open.canada.ca/data/en/dataset/6c0aa172-47ed-457a-a3f9-ed2eb3cd8d23,"Prêts, placements et avances selon les Comptes publics du Canada",https://ouvert.canada.ca/data/fr/dataset/6c0aa172-47ed-457a-a3f9-ed2eb3cd8d23,"Data file",https://donnees-data.tpsgc-pwgsc.gc.ca/ba1/pretplaceavance-loaninvestadvance/pretplaceavance-loaninvestadvance.csv,"Fichier de données",https://donnees-data.tpsgc-pwgsc.gc.ca/ba1/pretplaceavance-loaninvestadvance/pretplaceavance-loaninvestadvance.csv
2024/2025,I,9,9.12c,,,"International Finance Corporation",https://www.tpsgc-pwgsc.gc.ca/recgen/cpc-pac/2025/vol1/s9/appa-olia-eng.html#w1s9liatable9_12ce,"Société financière internationale",https://www.tpsgc-pwgsc.gc.ca/recgen/cpc-pac/2025/vol1/s9/appa-olia-fra.html#w1s9liatable9_12cf,"Loans, Investments and Advances as per the Public Accounts of Canada",https://open.canada.ca/data/en/dataset/6c0aa172-47ed-457a-a3f9-ed2eb3cd8d23,"Prêts, placements et avances selon les Comptes publics du Canada",https://ouvert.canada.ca/data/fr/dataset/6c0aa172-47ed-457a-a3f9-ed2eb3cd8d23,"Data file",https://donnees-data.tpsgc-pwgsc.gc.ca/ba1/pretplaceavance-loaninvestadvance/pretplaceavance-loaninvestadvance.csv,"Fichier de données",https://donnees-data.tpsgc-pwgsc.gc.ca/ba1/pretplaceavance-loaninvestadvance/pretplaceavance-loaninvestadvance.csv
2024/2025,I,9,9.12d,,,"International financial institutions",https://www.tpsgc-pwgsc.gc.ca/recgen/cpc-pac/2025/vol1/s9/appa-olia-eng.html#w1s9liatable9_12de,"Institutions financières internationales",https://www.tpsgc-pwgsc.gc.ca/recgen/cpc-pac/2025/vol1/s9/appa-olia-fra.html#w1s9liatable9_12df,"Loans, Investments and Advances as per the Public Accounts of Canada",https://open.canada.ca/data/en/dataset/6c0aa172-47ed-457a-a3f9-ed2eb3cd8d23,"Prêts, placements et avances selon les Comptes publics du Canada",https://ouvert.canada.ca/data/fr/dataset/6c0aa172-47ed-457a-a3f9-ed2eb3cd8d23,"Data file",https://donnees-data.tpsgc-pwgsc.gc.ca/ba1/pretplaceavance-loaninvestadvance/pretplaceavance-loaninvestadvance.csv,"Fichier de données",https://donnees-data.tpsgc-pwgsc.gc.ca/ba1/pretplaceavance-loaninvestadvance/pretplaceavance-loaninvestadvance.csv
2024/2025,I,9,9.12e,,,"International organizations and associations",https://www.tpsgc-pwgsc.gc.ca/recgen/cpc-pac/2025/vol1/s9/appa-olia-eng.html#w1s9liatable9_12ee,"Associations et organismes internationaux",https://www.tpsgc-pwgsc.gc.ca/recgen/cpc-pac/2025/vol1/s9/appa-olia-fra.html#w1s9liatable9_12ef,"Loans, Investments and Advances as per the Public Accounts of Canada",https://open.canada.ca/data/en/dataset/6c0aa172-47ed-457a-a3f9-ed2eb3cd8d23,"Prêts, placements et avances selon les Comptes publics du Canada",https://ouvert.canada.ca/data/fr/dataset/6c0aa172-47ed-457a-a3f9-ed2eb3cd8d23,"Data file",https://donnees-data.tpsgc-pwgsc.gc.ca/ba1/pretplaceavance-loaninvestadvance/pretplaceavance-loaninvestadvance.csv,"Fichier de données",https://donnees-data.tpsgc-pwgsc.gc.ca/ba1/pretplaceavance-loaninvestadvance/pretplaceavance-loaninvestadvance.csv
2024/2025,I,9,9.12g,,,"Development of export trade - National governments",https://www.tpsgc-pwgsc.gc.ca/recgen/cpc-pac/2025/vol1/s9/appa-olia-eng.html#w1s9liatable9_12ge,"Expansion du commerce d’exportation – Gouvernements étrangers",https://www.tpsgc-pwgsc.gc.ca/recgen/cpc-pac/2025/vol1/s9/appa-olia-fra.html#w1s9liatable9_12gf,"Loans, Investments and Advances as per the Public Accounts of Canada",https://open.canada.ca/data/en/dataset/6c0aa172-47ed-457a-a3f9-ed2eb3cd8d23,"Prêts, placements et avances selon les Comptes publics du Canada",https://ouvert.canada.ca/data/fr/dataset/6c0aa172-47ed-457a-a3f9-ed2eb3cd8d23,"Data file",https://donnees-data.tpsgc-pwgsc.gc.ca/ba1/pretplaceavance-loaninvestadvance/pretplaceavance-loaninvestadvance.csv,"Fichier de données",https://donnees-data.tpsgc-pwgsc.gc.ca/ba1/pretplaceavance-loaninvestadvance/pretplaceavance-loaninvestadvance.csv
2024/2025,I,9,9.12f,,,"Support and Development of Export Trade",https://www.tpsgc-pwgsc.gc.ca/recgen/cpc-pac/2025/vol1/s9/appa-olia-eng.html#w1s9liatable9_12fe,"Soutien au développement du Commerce d'exportation",https://www.tpsgc-pwgsc.gc.ca/recgen/cpc-pac/2025/vol1/s9/appa-olia-fra.html#w1s9liatable9_12ff,"Loans, Investments and Advances as per the Public Accounts of Canada",https://open.canada.ca/data/en/dataset/6c0aa172-47ed-457a-a3f9-ed2eb3cd8d23,"Prêts, placements et avances selon les Comptes publics du Canada",https://ouvert.canada.ca/data/fr/dataset/6c0aa172-47ed-457a-a3f9-ed2eb3cd8d23,"Data file",https://donnees-data.tpsgc-pwgsc.gc.ca/ba1/pretplaceavance-loaninvestadvance/pretplaceavance-loaninvestadvance.csv,"Fichier de données",https://donnees-data.tpsgc-pwgsc.gc.ca/ba1/pretplaceavance-loaninvestadvance/pretplaceavance-loaninvestadvance.csv
2024/2025,I,10,10.1,,,"Non-financial assets by category",https://www.tpsgc-pwgsc.gc.ca/recgen/cpc-pac/2025/vol1/s10/anf-nfa-eng.html#t10.1,"Actifs non financiers par catégorie",https://www.tpsgc-pwgsc.gc.ca/recgen/cpc-pac/2025/vol1/s10/anf-nfa-fra.html#t10.1,"Non-financial assets; Vehicles & Assets under capital leases as per the Public Accounts of Canada",https://open.canada.ca/data/en/dataset/34e25481-a44d-491f-a1b4-97e37ce3a530,"Actifs non financiers; Véhicules & Biens loués en vertu de contrats de location-acquisition par catégories principales selon les Comptes publics du Canada",https://ouvert.canada.ca/data/fr/dataset/34e25481-a44d-491f-a1b4-97e37ce3a530,"Data file",https://donnees-data.tpsgc-pwgsc.gc.ca/ba1/anfcb-nfava/anfcb-nfava.csv,"Fichier de données",https://donnees-data.tpsgc-pwgsc.gc.ca/ba1/anfcb-nfava/anfcb-nfava.csv
2024/2025,I,10,10.2,,,"Tangible capital assets by main custodian ministries",https://www.tpsgc-pwgsc.gc.ca/recgen/cpc-pac/2025/vol1/s10/ic-tca-eng.html#t10.2,"Immobilisations corporelles par principaux portefeuilles ministériels ayant la garde des actifs",https://www.tpsgc-pwgsc.gc.ca/recgen/cpc-pac/2025/vol1/s10/ic-tca-fra.html#t10.2,"Tangible Capital Assets by Main Custodian Ministries as per the Public Accounts of Canada",https://open.canada.ca/data/en/dataset/1950a386-07cf-49f3-885a-1f0bd0779392,"Immobilisations corporelles par principaux portefeuilles ministériels ayant la garde de biens selon les Comptes publics du Canada",https://ouvert.canada.ca/data/fr/dataset/1950a386-07cf-49f3-885a-1f0bd0779392,"2005-2025 - Tangible Capital Assets",https://donnees-data.tpsgc-pwgsc.gc.ca/ba1/ppm-tca/ppm-tca.csv,"2005-2025 - Immobilisations corporelles",https://donnees-data.tpsgc-pwgsc.gc.ca/ba1/ppm-tca/ppm-tca.csv
2024/2025,I,10,10.3,,,"Vehicles by sub-category",https://www.tpsgc-pwgsc.gc.ca/recgen/cpc-pac/2025/vol1/s10/vehcls-eng.html#t10.3,"Véhicules par sous-catégorie",https://www.tpsgc-pwgsc.gc.ca/recgen/cpc-pac/2025/vol1/s10/vehcls-fra.html#t10.3,"Non-financial assets; Vehicles & Assets under capital leases as per the Public Accounts of Canada",https://open.canada.ca/data/en/dataset/34e25481-a44d-491f-a1b4-97e37ce3a530,"Actifs non financiers; Véhicules & Biens loués en vertu de contrats de location-acquisition par catégories principales selon les Comptes publics du Canada",https://ouvert.canada.ca/data/fr/dataset/34e25481-a44d-491f-a1b4-97e37ce3a530,"Data file",https://donnees-data.tpsgc-pwgsc.gc.ca/ba1/anfcb-nfava/anfcb-nfava.csv,"Fichier de données",https://donnees-data.tpsgc-pwgsc.gc.ca/ba1/anfcb-nfava/anfcb-nfava.csv
2024/2025,I,10,10.4,,,"Assets under capital leases by main category",https://www.tpsgc-pwgsc.gc.ca/recgen/cpc-pac/2025/vol1/s10/bscla-aucl-eng.html#t10.4,"Actifs loués en vertu de contrats de location-acquisition par catégories principales",https://www.tpsgc-pwgsc.gc.ca/recgen/cpc-pac/2025/vol1/s10/bscla-aucl-fra.html#t10.4,"Non-financial assets; Vehicles & Assets under capital leases as per the Public Accounts of Canada",https://open.canada.ca/data/en/dataset/34e25481-a44d-491f-a1b4-97e37ce3a530,"Actifs non financiers; Véhicules & Biens loués en vertu de contrats de location-acquisition par catégories principales selon les Comptes publics du Canada",https://ouvert.canada.ca/data/fr/dataset/34e25481-a44d-491f-a1b4-97e37ce3a530,"Data file",https://donnees-data.tpsgc-pwgsc.gc.ca/ba1/anfcb-nfava/anfcb-nfava.csv,"Fichier de données",https://donnees-data.tpsgc-pwgsc.gc.ca/ba1/anfcb-nfava/anfcb-nfava.csv
2024/2025,I,11,11.1,,,"Contractual obligations",https://www.tpsgc-pwgsc.gc.ca/recgen/cpc-pac/2025/vol1/s11/oc-co-eng.html#t11.1,"Obligations contractuelles",https://www.tpsgc-pwgsc.gc.ca/recgen/cpc-pac/2025/vol1/s11/oc-co-fra.html#t11.1,"Contractual Obligations (information from Transfer Payment Agreements, Capital Assets, Purchases and Operating Leases), as reported in the Public Accounts of Canada",https://open.canada.ca/data/en/dataset/02986ea0-3ab7-4a13-b391-209e535726d9,"Obligations contractuelles (informations sur les accords de paiements de transfert, immobilisations, achats et contrats de location-exploitation), telles que rapportées dans les Comptes publics du Canada",https://ouvert.canada.ca/data/fr/dataset/02986ea0-3ab7-4a13-b391-209e535726d9,"2025 - Contractual Obligations",https://donnees-data.tpsgc-pwgsc.gc.ca/ba1/oc-co/oc-co-2025.csv,"2025 - Obligations contractuelles",https://donnees-data.tpsgc-pwgsc.gc.ca/ba1/oc-co/oc-co-2025.csv
2024/2025,I,11,11.1,,,"Contractual obligations",https://www.tpsgc-pwgsc.gc.ca/recgen/cpc-pac/2025/vol1/s11/oc-co-eng.html#t11.1,"Obligations contractuelles",https://www.tpsgc-pwgsc.gc.ca/recgen/cpc-pac/2025/vol1/s11/oc-co-fra.html#t11.1,"International contractual obligations as per the Public Accounts of Canada",https://open.canada.ca/data/en/dataset/e59fc142-b6d8-4541-8b4b-81453f323709,"Obligations contractuelles internationales selon les Comptes publics du Canada",https://ouvert.canada.ca/data/fr/dataset/e59fc142-b6d8-4541-8b4b-81453f323709,"Data file",https://donnees-data.tpsgc-pwgsc.gc.ca/ba1/obligationscontractint-Intcontractobligations/obligationscontractint-Intcontractobligations.csv,"Fichier de données",https://donnees-data.tpsgc-pwgsc.gc.ca/ba1/obligationscontractint-Intcontractobligations/obligationscontractint-Intcontractobligations.csv
2024/2025,I,11,11.2,,,"Schedule of minimum payments",https://www.tpsgc-pwgsc.gc.ca/recgen/cpc-pac/2025/vol1/s11/oc-co-eng.html#t11.2,"Cédule des paiements minimums",https://www.tpsgc-pwgsc.gc.ca/recgen/cpc-pac/2025/vol1/s11/oc-co-fra.html#t11.2,"Contractual Obligations (information from Transfer Payment Agreements, Capital Assets, Purchases and Operating Leases), as reported in the Public Accounts of Canada",https://open.canada.ca/data/en/dataset/02986ea0-3ab7-4a13-b391-209e535726d9,"Obligations contractuelles (informations sur les accords de paiements de transfert, immobilisations, achats et contrats de location-exploitation), telles que rapportées dans les Comptes publics du Canada",https://ouvert.canada.ca/data/fr/dataset/02986ea0-3ab7-4a13-b391-209e535726d9,"2025 - Contractual Obligations",https://donnees-data.tpsgc-pwgsc.gc.ca/ba1/oc-co/oc-co-2025.csv,"2025 - Obligations contractuelles",https://donnees-data.tpsgc-pwgsc.gc.ca/ba1/oc-co/oc-co-2025.csv
2024/2025,I,11,11.2,,,"Schedule of minimum payments",https://www.tpsgc-pwgsc.gc.ca/recgen/cpc-pac/2025/vol1/s11/oc-co-eng.html#t11.2,"Cédule des paiements minimums",https://www.tpsgc-pwgsc.gc.ca/recgen/cpc-pac/2025/vol1/s11/oc-co-fra.html#t11.2,"International contractual obligations as per the Public Accounts of Canada",https://open.canada.ca/data/en/dataset/e59fc142-b6d8-4541-8b4b-81453f323709,"Obligations contractuelles internationales selon les Comptes publics du Canada",https://ouvert.canada.ca/data/fr/dataset/e59fc142-b6d8-4541-8b4b-81453f323709,"Data file",https://donnees-data.tpsgc-pwgsc.gc.ca/ba1/obligationscontractint-Intcontractobligations/obligationscontractint-Intcontractobligations.csv,"Fichier de données",https://donnees-data.tpsgc-pwgsc.gc.ca/ba1/obligationscontractint-Intcontractobligations/obligationscontractint-Intcontractobligations.csv
2024/2025,I,11,11.3,,,"Transfer payment agreements, capital assets, purchases and operating leases",https://www.tpsgc-pwgsc.gc.ca/recgen/cpc-pac/2025/vol1/s11/oc-co-eng.html#t11.3,"Accords de paiements de transfert, immobilisations, achats et contrats de location-exploitation",https://www.tpsgc-pwgsc.gc.ca/recgen/cpc-pac/2025/vol1/s11/oc-co-fra.html#t11.3,"Contractual Obligations (information from Transfer Payment Agreements, Capital Assets, Purchases and Operating Leases), as reported in the Public Accounts of Canada",https://open.canada.ca/data/en/dataset/02986ea0-3ab7-4a13-b391-209e535726d9,"Obligations contractuelles (informations sur les accords de paiements de transfert, immobilisations, achats et contrats de location-exploitation), telles que rapportées dans les Comptes publics du Canada",https://ouvert.canada.ca/data/fr/dataset/02986ea0-3ab7-4a13-b391-209e535726d9,"2025 - Contractual Obligations",https://donnees-data.tpsgc-pwgsc.gc.ca/ba1/oc-co/oc-co-2025.csv,"2025 - Obligations contractuelles",https://donnees-data.tpsgc-pwgsc.gc.ca/ba1/oc-co/oc-co-2025.csv
2024/2025,I,11,11.4,,,"International contractual obligations",https://www.tpsgc-pwgsc.gc.ca/recgen/cpc-pac/2025/vol1/s11/oc-co-eng.html#t11.4,"Obligations contractuelles internationales",https://www.tpsgc-pwgsc.gc.ca/recgen/cpc-pac/2025/vol1/s11/oc-co-fra.html#t11.4,"International contractual obligations as per the Public Accounts of Canada",https://open.canada.ca/data/en/dataset/e59fc142-b6d8-4541-8b4b-81453f323709,"Obligations contractuelles internationales selon les Comptes publics du Canada",https://ouvert.canada.ca/data/fr/dataset/e59fc142-b6d8-4541-8b4b-81453f323709,"Data file",https://donnees-data.tpsgc-pwgsc.gc.ca/ba1/obligationscontractint-Intcontractobligations/obligationscontractint-Intcontractobligations.csv,"Fichier de données",https://donnees-data.tpsgc-pwgsc.gc.ca/ba1/obligationscontractint-Intcontractobligations/obligationscontractint-Intcontractobligations.csv
2024/2025,I,11,11.5,,,"Sales of goods and services, leases of property, royalties and revenue/profit-sharing arrangements and other contractual rights",https://www.tpsgc-pwgsc.gc.ca/recgen/cpc-pac/2025/vol1/s11/dc-cr-eng.html#t11.5,"Vente de biens et de services, location de biens, ententes de redevances et de partage des revenus et des bénéfices et autres droits contractuels",https://www.tpsgc-pwgsc.gc.ca/recgen/cpc-pac/2025/vol1/s11/dc-cr-fra.html#t11.5,"Contractual rights as reported in the Public Accounts of Canada",https://open.canada.ca/data/en/dataset/e087cc23-20ee-44fb-9891-28fc54831c45,"Droits contractuels tels que rapportés dans les Comptes publics du Canada",https://ouvert.canada.ca/data/fr/dataset/e087cc23-20ee-44fb-9891-28fc54831c45,"Data file",https://donnees-data.tpsgc-pwgsc.gc.ca/ba1/droitscontractuels-contractualrights/droitscontractuels-contractualrights.csv,"Fichier de données",https://donnees-data.tpsgc-pwgsc.gc.ca/ba1/droitscontractuels-contractualrights/droitscontractuels-contractualrights.csv
2024/2025,I,11,11.6,,,"Guarantees provided by the government",https://www.tpsgc-pwgsc.gc.ca/recgen/cpc-pac/2025/vol1/s11/pe-cl-eng.html#t11.6,"Garanties accordées par le gouvernement",https://www.tpsgc-pwgsc.gc.ca/recgen/cpc-pac/2025/vol1/s11/pe-cl-fra.html#t11.6,"Guarantees provided by the Government as per the Public Accounts of Canada",https://open.canada.ca/data/en/dataset/5e3887f0-3b50-49ec-8377-116d79882316,"Garanties accordées par le gouvernement selon les Comptes publics du Canada",https://ouvert.canada.ca/data/fr/dataset/5e3887f0-3b50-49ec-8377-116d79882316,"Data file",https://donnees-data.tpsgc-pwgsc.gc.ca/ba1/garanties-guarantees/garanties-guarantees.csv,"Fichier de données",https://donnees-data.tpsgc-pwgsc.gc.ca/ba1/garanties-guarantees/garanties-guarantees.csv
2024/2025,I,11,11.7,,,"International organizations—Contingent liabilities",https://www.tpsgc-pwgsc.gc.ca/recgen/cpc-pac/2025/vol1/s11/pe-cl-eng.html#t11.7,"Organisations internationales  –  Passif éventuel",https://www.tpsgc-pwgsc.gc.ca/recgen/cpc-pac/2025/vol1/s11/pe-cl-fra.html#t11.7,"International organizations contingent liabilities as per the Public Accounts of Canada",https://open.canada.ca/data/en/dataset/8c77c1b3-6b53-4b1f-a0ab-f361ea9b1807,"Organisations internationales - Passif éventuel selon les Comptes publics du Canada",https://ouvert.canada.ca/data/fr/dataset/8c77c1b3-6b53-4b1f-a0ab-f361ea9b1807,"Data file",https://donnees-data.tpsgc-pwgsc.gc.ca/ba1/orgintpassifeventuel-Intorgcontingentliab/orgintpassifeventuel-Intorgcontingentliab.csv,"Fichier de données",https://donnees-data.tpsgc-pwgsc.gc.ca/ba1/orgintpassifeventuel-Intorgcontingentliab/orgintpassifeventuel-Intorgcontingentliab.csv
2024/2025,I,11,11.8,,,"Summary of insurance programs of agent enterprise Crown corporations for the year",https://www.tpsgc-pwgsc.gc.ca/recgen/cpc-pac/2025/vol1/s11/pe-cl-eng.html#t11.8,"Sommaire des programmes d'assurance des sociétés d'État entreprises mandataires pour l'exercice",https://www.tpsgc-pwgsc.gc.ca/recgen/cpc-pac/2025/vol1/s11/pe-cl-fra.html#t11.8,"N/A - Not published","N/A - Not published","s.o. - Non publié","s.o. - Non publié","N/A - Not published","N/A - Not published","s.o. - Non publié","s.o. - Non publié"
2024/2025,II,1,1,,,"Consolidated statement of revenues and expenses",https://www.tpsgc-pwgsc.gc.ca/recgen/cpc-pac/2025/vol2/s1/ecrc-csre-eng.html#t1,"État consolidé des revenus et charges",https://www.tpsgc-pwgsc.gc.ca/recgen/cpc-pac/2025/vol2/s1/ecrc-csre-fra.html#t1,"Consolidated Statement of Revenues and Expenses as per the Public Accounts",https://open.canada.ca/data/en/dataset/dff11e4c-c258-46cf-94e4-e4cc4b8a04e9,"État consolidé des revenus et charges selon les Comptes publics du Canada",https://ouvert.canada.ca/data/fr/dataset/dff11e4c-c258-46cf-94e4-e4cc4b8a04e9,"Data file",https://donnees-data.tpsgc-pwgsc.gc.ca/ba1/ecrc-csre/ecrc-csre.csv,"Fichier de données",https://donnees-data.tpsgc-pwgsc.gc.ca/ba1/ecrc-csre/ecrc-csre.csv
2024/2025,II,1,2,,,"Ministerial expenditures by type",https://www.tpsgc-pwgsc.gc.ca/recgen/cpc-pac/2025/vol2/s1/dmc-met-eng.html#t2,"Dépenses ministérielles par catégorie",https://www.tpsgc-pwgsc.gc.ca/recgen/cpc-pac/2025/vol2/s1/dmc-met-fra.html#t2,"Ministerial Expenditures by Type as per the Public Accounts of Canada",https://open.canada.ca/data/en/dataset/9df1d5f2-3c03-4dad-9b9b-67fcbafcc791,"Dépenses ministérielles par catégorie selon les Comptes publics du Canada",https://ouvert.canada.ca/data/fr/dataset/9df1d5f2-3c03-4dad-9b9b-67fcbafcc791,"2025 - Volume 2, Table 2 - Ministerial Expenditures by Type",https://donnees-data.tpsgc-pwgsc.gc.ca/ba1/dmc-met/dmc-met-2025.csv,"2025 - Volume 2, Tableau 2 - Dépenses ministérielles par catégorie",https://donnees-data.tpsgc-pwgsc.gc.ca/ba1/dmc-met/dmc-met-2025.csv
2024/2025,II,1,2a,,,"Recapitulation of external expenses by type",https://www.tpsgc-pwgsc.gc.ca/recgen/cpc-pac/2025/vol2/s1/rcec-reet-eng.html#t2a,"Récapitulation des charges externes par catégorie",https://www.tpsgc-pwgsc.gc.ca/recgen/cpc-pac/2025/vol2/s1/rcec-reet-fra.html#t2a,"Recapitulation of External Expenses by Type as per the Public Accounts of Canada",https://open.canada.ca/data/en/dataset/1c0cb853-80ae-48f6-b237-36185cfe8b1b,"Récapitulation des charges externes par catégorie selon les Comptes publics du Canada",https://ouvert.canada.ca/data/fr/dataset/1c0cb853-80ae-48f6-b237-36185cfe8b1b,"Data file",https://donnees-data.tpsgc-pwgsc.gc.ca/ba1/externalexp-charexterne/externalexp-charexterne.csv,"Fichier de données",https://donnees-data.tpsgc-pwgsc.gc.ca/ba1/externalexp-charexterne/externalexp-charexterne.csv
2024/2025,II,1,2b,,,"Details of other transfer payments by ministry",https://www.tpsgc-pwgsc.gc.ca/recgen/cpc-pac/2025/vol2/s1/daptpm-dotpm-eng.html#t2b,"Détail des autres paiements de transfert par portefeuille ministériel",https://www.tpsgc-pwgsc.gc.ca/recgen/cpc-pac/2025/vol2/s1/daptpm-dotpm-fra.html#t2b,"Details of Other Transfer Payments by Ministry and Details of Other Program Expenses of Other Ministries",https://open.canada.ca/data/en/dataset/f6db2071-1f97-4d88-8af0-1deeb949ee2f,"Détail des autres paiements de transfert par portefeuille ministériel et Détail des autres charges de programmes des autres portefeuilles ministériels",https://ouvert.canada.ca/data/fr/dataset/f6db2071-1f97-4d88-8af0-1deeb949ee2f,"2025 - Other Transfer Payments and Other Program Expenses",https://donnees-data.tpsgc-pwgsc.gc.ca/ba1/otpmopeom-apdtmacdpam/otpmopeom-apdtmacdpam-2025.csv,"2025 - autres paiements de transfert et autres charges de programmes",https://donnees-data.tpsgc-pwgsc.gc.ca/ba1/otpmopeom-apdtmacdpam/otpmopeom-apdtmacdpam-2025.csv
2024/2025,II,1,3,,,"Ministerial expenditures by standard object",https://www.tpsgc-pwgsc.gc.ca/recgen/cpc-pac/2025/vol2/s1/dmac-meso-eng.html#t3,"Dépenses ministérielles par article courant",https://www.tpsgc-pwgsc.gc.ca/recgen/cpc-pac/2025/vol2/s1/dmac-meso-fra.html#t3,"Ministerial Expenditures by Standard Object as per the Public Accounts of Canada",https://open.canada.ca/data/en/dataset/9c4bcc95-bd73-4476-b86f-03553d489a45,"Dépenses ministérielles par article courant selon les Comptes publics du Canada",https://ouvert.canada.ca/data/fr/dataset/9c4bcc95-bd73-4476-b86f-03553d489a45,"2025 - Volume 2, Table 3 - Ministerial Expenditures by Standard Object",https://donnees-data.tpsgc-pwgsc.gc.ca/ba1/dmac-meso/dmac-meso-2025.csv,"2025 - Volume 2, Tableau 3 - Dépenses ministérielles par article courant",https://donnees-data.tpsgc-pwgsc.gc.ca/ba1/dmac-meso/dmac-meso-2025.csv
2024/2025,II,1,3a,,,"Reconciliation of external expenditures by standard object to expenses",https://www.tpsgc-pwgsc.gc.ca/recgen/cpc-pac/2025/vol2/s1/rdeacc-reesoe-eng.html#t3a,"Rapprochement des dépenses externes par article courant avec les charges",https://www.tpsgc-pwgsc.gc.ca/recgen/cpc-pac/2025/vol2/s1/rdeacc-reesoe-fra.html#t3a,"Reconciliation of External Expenditures by Standard Object to Expenses as per the Public Accounts of Canada",https://open.canada.ca/data/en/dataset/fd5f8b66-649d-42e8-8d86-7f09928f5f19,"Rapprochement des dépenses externes par article courant avec les charges selon les Comptes publics du Canada",https://ouvert.canada.ca/data/fr/dataset/fd5f8b66-649d-42e8-8d86-7f09928f5f19,"2025 - Reconciliation of External Expenditures to Expenses",https://donnees-data.tpsgc-pwgsc.gc.ca/ba1/reesoe-rdeacc/reesoe-rdeacc-2025.csv,"2025 - Rapprochement des dépenses externes avec les charges",https://donnees-data.tpsgc-pwgsc.gc.ca/ba1/reesoe-rdeacc/reesoe-rdeacc-2025.csv
2024/2025,II,1,4,,,"Ministerial revenues",https://www.tpsgc-pwgsc.gc.ca/recgen/cpc-pac/2025/vol2/s1/rm-mr-eng.html#t4,"Revenus ministériels",https://www.tpsgc-pwgsc.gc.ca/recgen/cpc-pac/2025/vol2/s1/rm-mr-fra.html#t4,"Ministerial Revenues as per the Public Accounts of Canada",https://open.canada.ca/data/en/dataset/e5e419f8-7219-4faa-8b0d-22c006b5434f,"Revenus ministériels selon les Comptes publics du Canada",https://ouvert.canada.ca/data/fr/dataset/e5e419f8-7219-4faa-8b0d-22c006b5434f,"2025 - Volume 2, Table 4 - Ministerial Revenues",https://donnees-data.tpsgc-pwgsc.gc.ca/ba1/rm-mr/rm-mr-2025.csv,"2025 - Volume 2, Tableau 4 - Revenus ministériels",https://donnees-data.tpsgc-pwgsc.gc.ca/ba1/rm-mr/rm-mr-2025.csv
2024/2025,II,1,4a,,,"Recapitulation of external revenues by source",https://www.tpsgc-pwgsc.gc.ca/recgen/cpc-pac/2025/vol2/s1/rrep-rers-eng.html#t4a,"Récapitulation des revenus externes par provenance",https://www.tpsgc-pwgsc.gc.ca/recgen/cpc-pac/2025/vol2/s1/rrep-rers-fra.html#t4a,"Recapitulation of External Revenues by Source as per the Public Accounts of Canada",https://open.canada.ca/data/en/dataset/1dd16480-fd7e-4c45-b1cc-be6c07f11ab7,"Récapitulation des revenus externes par provenance selon les Comptes publics du Canada",https://ouvert.canada.ca/data/fr/dataset/1dd16480-fd7e-4c45-b1cc-be6c07f11ab7,"Data file",https://donnees-data.tpsgc-pwgsc.gc.ca/ba1/recaprevenu/recaprevenu.csv,"Fichier de données",https://donnees-data.tpsgc-pwgsc.gc.ca/ba1/recaprevenu/recaprevenu.csv
2024/2025,II,1,4b,,,"Sales of goods and services",https://www.tpsgc-pwgsc.gc.ca/recgen/cpc-pac/2025/vol2/s1/vbs-sgs-eng.html#t4b,"Ventes de biens et de services",https://www.tpsgc-pwgsc.gc.ca/recgen/cpc-pac/2025/vol2/s1/vbs-sgs-fra.html#t4b,"Sales of Goods and Services as per the Public Accounts of Canada",https://open.canada.ca/data/en/dataset/57bd4dfa-8321-4123-aa74-2a740b9e25ae,"Ventes de biens et de services selon les Comptes publics du Canada",https://ouvert.canada.ca/data/fr/dataset/57bd4dfa-8321-4123-aa74-2a740b9e25ae,"2025 - Sales of Goods and Services",https://donnees-data.tpsgc-pwgsc.gc.ca/ba1/vbs-sgs/vbs-sgs-2025.csv,"2025 - Ventes de biens et de services",https://donnees-data.tpsgc-pwgsc.gc.ca/ba1/vbs-sgs/vbs-sgs-2025.csv
2024/2025,II,1,5,,,"Source and disposition of budgetary authorities by ministry",https://www.tpsgc-pwgsc.gc.ca/recgen/cpc-pac/2025/vol2/s1/puabpm-sdbam-eng.html#t5,"Provenance et utilisation des autorisations budgétaires par portefeuille ministériel",https://www.tpsgc-pwgsc.gc.ca/recgen/cpc-pac/2025/vol2/s1/puabpm-sdbam-fra.html#t5,"Source and Disposition of Budgetary and Non-Budgetary Authorities by Ministry as per the Public Accounts of Canada",https://open.canada.ca/data/en/dataset/5ec5a46d-a050-4ddf-b9f9-4607f186c801,"Provenance et utilisation des autorisations budgétaires et non budgétaires par portefeuille ministériel selon les Comptes publics du Canada",https://ouvert.canada.ca/data/fr/dataset/5ec5a46d-a050-4ddf-b9f9-4607f186c801,"Data file",https://donnees-data.tpsgc-pwgsc.gc.ca/ba1/budgetaires-budgetary/budgetaires-budgetary.csv,"Fichier de données",https://donnees-data.tpsgc-pwgsc.gc.ca/ba1/budgetaires-budgetary/budgetaires-budgetary.csv
2024/2025,II,1,6,,,"Source and disposition of non-budgetary authorities by ministry",https://www.tpsgc-pwgsc.gc.ca/recgen/cpc-pac/2025/vol2/s1/puanbpm-sdnbam-eng.html#t6,"Provenance et utilisation des autorisations non budgétaires par portefeuille ministériel",https://www.tpsgc-pwgsc.gc.ca/recgen/cpc-pac/2025/vol2/s1/puanbpm-sdnbam-fra.html#t6,"Source and Disposition of Budgetary and Non-Budgetary Authorities by Ministry as per the Public Accounts of Canada",https://open.canada.ca/data/en/dataset/5ec5a46d-a050-4ddf-b9f9-4607f186c801,"Provenance et utilisation des autorisations budgétaires et non budgétaires par portefeuille ministériel selon les Comptes publics du Canada",https://ouvert.canada.ca/data/fr/dataset/5ec5a46d-a050-4ddf-b9f9-4607f186c801,"Data file",https://donnees-data.tpsgc-pwgsc.gc.ca/ba1/budgetaires-budgetary/budgetaires-budgetary.csv,"Fichier de données",https://donnees-data.tpsgc-pwgsc.gc.ca/ba1/budgetaires-budgetary/budgetaires-budgetary.csv
2024/2025,II,1,7,,,"Source and disposition of authorities by type (voted and statutory)",https://www.tpsgc-pwgsc.gc.ca/recgen/cpc-pac/2025/vol2/s1/puagvl-sdatvs-eng.html#t7,"Provenance et utilisation des autorisations par genre (votées et législatives)",https://www.tpsgc-pwgsc.gc.ca/recgen/cpc-pac/2025/vol2/s1/puagvl-sdatvs-fra.html#t7,"Source and Disposition of Authorities by Type (voted and statutory) as per the Public Accounts of Canada",https://open.canada.ca/data/en/dataset/d18df88b-657e-4418-b830-3b41f80e4339,"Provenance et utilisation des autorisations par genre (votées et législatives) selon les Comptes publics du Canada",https://ouvert.canada.ca/data/fr/dataset/d18df88b-657e-4418-b830-3b41f80e4339,"Data file",https://donnees-data.tpsgc-pwgsc.gc.ca/ba1/provutiliautorisationsgenre-srcdispauthoritiestype/provutiliautorisationsgenre-srcdispauthoritiestype.csv,"Fichier de données",https://donnees-data.tpsgc-pwgsc.gc.ca/ba1/provutiliautorisationsgenre-srcdispauthoritiestype/provutiliautorisationsgenre-srcdispauthoritiestype.csv
2024/2025,II,1,"App. 1",,,"Authorities granted in current year appropriation acts",https://www.tpsgc-pwgsc.gc.ca/recgen/cpc-pac/2025/vol2/s1/aalce-agcyaa-eng.html#wv2s1app1e,"Autorisations accordées dans les lois de crédits de l'exercice",https://www.tpsgc-pwgsc.gc.ca/recgen/cpc-pac/2025/vol2/s1/aalce-agcyaa-fra.html#wv2s1app1f,"N/A - Not published","N/A - Not published","s.o. - Non publié","s.o. - Non publié","N/A - Not published","N/A - Not published","s.o. - Non publié","s.o. - Non publié"
2024/2025,II,1,"App. 2",,,"Authorities granted by statutes other than Appropriation Acts",https://www.tpsgc-pwgsc.gc.ca/recgen/cpc-pac/2025/vol2/s1/aalaqlc-agsotaa-eng.html#wv2s1app2e,"Autorisations accordées par des lois autres que les lois de crédits",https://www.tpsgc-pwgsc.gc.ca/recgen/cpc-pac/2025/vol2/s1/aalaqlc-agsotaa-fra.html#wv2s1app2f,"N/A - Not published","N/A - Not published","s.o. - Non publié","s.o. - Non publié","N/A - Not published","N/A - Not published","s.o. - Non publié","s.o. - Non publié"
2024/2025,II,1,"App. 3",,,"Authorities available from previous years",https://www.tpsgc-pwgsc.gc.ca/recgen/cpc-pac/2025/vol2/s1/adea-aaopy-eng.html#wv2s1app3e,"Autorisations disponibles des exercices antérieurs",https://www.tpsgc-pwgsc.gc.ca/recgen/cpc-pac/2025/vol2/s1/adea-aaopy-fra.html#wv2s1app3f,"Authorities Available from Previous Years as per the Public Accounts of Canada",https://open.canada.ca/data/en/dataset/cef9908c-ee31-4279-b77a-499f408f73a9,"Autorisations disponibles des exercices antérieurs selon les Comptes publics du Canada",https://ouvert.canada.ca/data/fr/dataset/cef9908c-ee31-4279-b77a-499f408f73a9,"Data file",https://donnees-data.tpsgc-pwgsc.gc.ca/ba1/autodisp-authoravail/autodisp-authoravail.csv,"Fichier de données",https://donnees-data.tpsgc-pwgsc.gc.ca/ba1/autodisp-authoravail/autodisp-authoravail.csv
2024/2025,II,1,"App. 4",,,"Non-lapsing authorities granted/repealed in the current year",https://www.tpsgc-pwgsc.gc.ca/recgen/cpc-pac/2025/vol2/s1/apaace-nlagrcy-eng.html#wv2s1app4e,"Autorisations permanentes accordées/abrogées au cours de l'exercice",https://www.tpsgc-pwgsc.gc.ca/recgen/cpc-pac/2025/vol2/s1/apaace-nlagrcy-fra.html#wv2s1app4f,"Non-Lapsing Authorities Granted/Repealed In the Current Year as per the Public Accounts of Canada",https://open.canada.ca/data/en/dataset/72005e14-f916-4111-8a1f-5b37416077d1,"Autorisations permanentes accordées/abrogées au cours de l'exercice selon les Comptes publics du Canada",https://ouvert.canada.ca/data/fr/dataset/72005e14-f916-4111-8a1f-5b37416077d1,"Data file",https://donnees-data.tpsgc-pwgsc.gc.ca/ba1/autopermanent-nonlapseauth/autopermanent-nonlapseauth.csv,"Ficher de données",https://donnees-data.tpsgc-pwgsc.gc.ca/ba1/autopermanent-nonlapseauth/autopermanent-nonlapseauth.csv
2024/2025,II,1,"App. 5",,,"Authorities for the spending of proceeds from the disposal of surplus Crown assets",https://www.tpsgc-pwgsc.gc.ca/recgen/cpc-pac/2025/vol2/s1/ardpvbee-aspdsca-eng.html#wv2s1app5e,"Autorisations relatives à la dépense des produits de la vente de biens excédentaires de l'État",https://www.tpsgc-pwgsc.gc.ca/recgen/cpc-pac/2025/vol2/s1/ardpvbee-aspdsca-fra.html#wv2s1app5f,"Authorities for the Spending of Proceeds from the Disposal of Surplus Crown Assets as per the Public Accounts",https://open.canada.ca/data/en/dataset/61b122cf-7bff-4451-8c88-f233fcd508b0,"Autorisations relatives à la dépense des produits de la vente de biens excédentaires de l'État selon les Comptes publics du Canada",https://ouvert.canada.ca/data/fr/dataset/61b122cf-7bff-4451-8c88-f233fcd508b0,"Data file",https://donnees-data.tpsgc-pwgsc.gc.ca/ba1/ardpvbe-aspdsca/ardpvbe-aspdsca.csv,"Ficher de données",https://donnees-data.tpsgc-pwgsc.gc.ca/ba1/ardpvbe-aspdsca/ardpvbe-aspdsca.csv
2024/2025,II,"2 to/à 30","Various / Divers","Refer to Supporting Documentation","Reportez-vous à la documentation de soutien","Ministry summary",https://www.tpsgc-pwgsc.gc.ca/recgen/cpc-pac/2025/vol2/intro-eng.html,"Sommaire du portefeuille ministériel",https://www.tpsgc-pwgsc.gc.ca/recgen/cpc-pac/2025/vol2/intro-fra.html,"N/A - Not published","N/A - Not published","s.o. - Non publié","s.o. - Non publié","N/A - Not published","N/A - Not published","s.o. - Non publié","s.o. - Non publié"
2024/2025,II,"2 to/à 30","Various / Divers","Refer to Supporting Documentation","Reportez-vous à la documentation de soutien","Budgetary details by allotment",https://www.tpsgc-pwgsc.gc.ca/recgen/cpc-pac/2025/vol2/intro-eng.html,"Détail budgétaire par affectation",https://www.tpsgc-pwgsc.gc.ca/recgen/cpc-pac/2025/vol2/intro-fra.html,"Budgetary details by allotment as per the Public Accounts of Canada",https://open.canada.ca/data/en/dataset/63f81721-208c-4ef3-8d18-8ffe378803ef,"Détail budgétaire par affectation selon les Comptes publics du Canada",https://ouvert.canada.ca/data/fr/dataset/63f81721-208c-4ef3-8d18-8ffe378803ef,"Data file",https://donnees-data.tpsgc-pwgsc.gc.ca/ba1/detailbudgetaireaffectation-budgetarydetailsallotment/detailbudgetaireaffectation-budgetarydetailsallotment.csv,"Fichier de données",https://donnees-data.tpsgc-pwgsc.gc.ca/ba1/detailbudgetaireaffectation-budgetarydetailsallotment/detailbudgetaireaffectation-budgetarydetailsallotment.csv
2024/2025,II,"2 to/à 30","Various / Divers","Refer to Supporting Documentation","Reportez-vous à la documentation de soutien","Core responsibilities",https://www.tpsgc-pwgsc.gc.ca/recgen/cpc-pac/2025/vol2/intro-eng.html,"Responsabilités essentielles",https://www.tpsgc-pwgsc.gc.ca/recgen/cpc-pac/2025/vol2/intro-fra.html,"Core responsibilities as per the Public Accounts of Canada",https://open.canada.ca/data/en/dataset/c9675417-100a-433a-92d4-79b710408def,"Responsabilités essentielles selon les Comptes publics du Canada",https://open.canada.ca/data/fr/dataset/c9675417-100a-433a-92d4-79b710408def,"Data file",https://donnees-data.tpsgc-pwgsc.gc.ca/ba1/respessentielles-coreresp/respessentielles-coreresp.csv,"Fichier de données",https://donnees-data.tpsgc-pwgsc.gc.ca/ba1/respessentielles-coreresp/respessentielles-coreresp.csv
2024/2025,II,"2 to/à 30","Various / Divers","Refer to Supporting Documentation","Reportez-vous à la documentation de soutien","Transfer payments",https://www.tpsgc-pwgsc.gc.ca/recgen/cpc-pac/2025/vol2/intro-eng.html,"Paiements de transfert",https://www.tpsgc-pwgsc.gc.ca/recgen/cpc-pac/2025/vol2/intro-fra.html,"Transfer payments as per the Public Accounts of Canada",https://open.canada.ca/data/en/dataset/2c408900-c540-4a98-994e-06465b15c27a,"Paiements de transfert selon les Comptes publics du Canada",https://open.canada.ca/data/fr/dataset/2c408900-c540-4a98-994e-06465b15c27a,"Data file",https://donnees-data.tpsgc-pwgsc.gc.ca/ba1/paiementstransfert-transferpayments/paiementstransfert-transferpayments.csv,"Fichier de données",https://donnees-data.tpsgc-pwgsc.gc.ca/ba1/paiementstransfert-transferpayments/paiementstransfert-transferpayments.csv
2024/2025,II,"2 to/à 30","Various / Divers","Refer to Supporting Documentation","Reportez-vous à la documentation de soutien","Details of respendable amounts",https://www.tpsgc-pwgsc.gc.ca/recgen/cpc-pac/2025/vol2/intro-eng.html,"Détail des montants disponibles pour être dépensés",https://www.tpsgc-pwgsc.gc.ca/recgen/cpc-pac/2025/vol2/intro-fra.html,"Details of Respendable Amounts as per the Public Accounts of Canada",https://open.canada.ca/data/en/dataset/3eac04b7-b790-4b90-a6b0-a088f44f76d7,"Détails des montants disponibles pour être dépensés selon les Comptes publics du Canada",https://open.canada.ca/data/fr/dataset/3eac04b7-b790-4b90-a6b0-a088f44f76d7,"Data file",https://donnees-data.tpsgc-pwgsc.gc.ca/ba1/detailsmontantsdepenses-detailsrespendableamounts/detailsmontantsdepenses-detailsrespendableamounts.csv,"Fichier de données",https://donnees-data.tpsgc-pwgsc.gc.ca/ba1/detailsmontantsdepenses-detailsrespendableamounts/detailsmontantsdepenses-detailsrespendableamounts.csv
2024/2025,II,"2 to/à 30","Various / Divers","Refer to Supporting Documentation","Reportez-vous à la documentation de soutien",Revenues,https://www.tpsgc-pwgsc.gc.ca/recgen/cpc-pac/2025/vol2/intro-eng.html,Revenus,https://www.tpsgc-pwgsc.gc.ca/recgen/cpc-pac/2025/vol2/intro-fra.html,"N/A - Not published","N/A - Not published","s.o. - Non publié","s.o. - Non publié","N/A - Not published","N/A - Not published","s.o. - Non publié","s.o. - Non publié"
2024/2025,III,2,1,,,"Summary of remissions of taxes, fees, penalties and other debts",https://www.tpsgc-pwgsc.gc.ca/recgen/cpc-pac/2025/vol3/s2/rtdpad-rtfpod-eng.html#w3s2remisst2e,"Sommaire sur les remises de taxes, droits, pénalités et autres dettes",https://www.tpsgc-pwgsc.gc.ca/recgen/cpc-pac/2025/vol3/s2/rtdpad-rtfpod-fra.html#w3s2remisst2f,"Remissions of Taxes, fees, Penalties and Other Debts as per the Public Accounts of Canada",https://open.canada.ca/data/en/dataset/192eaf3d-c5f0-4d0b-a2e9-504c96e796ea,"Remises de taxes, droits, pénalités et autres dettes selon les Comptes publics du Canada",https://ouvert.canada.ca/data/fr/dataset/192eaf3d-c5f0-4d0b-a2e9-504c96e796ea,"Data file",https://donnees-data.tpsgc-pwgsc.gc.ca/ba1/remtaxesdroitspenalitesad-remtaxesfeespenaltiesod/remtaxesdroitspenalitesad-remtaxesfeespenaltiesod.csv,"Fichier de données",https://donnees-data.tpsgc-pwgsc.gc.ca/ba1/remtaxesdroitspenalitesad-remtaxesfeespenaltiesod/remtaxesdroitspenalitesad-remtaxesfeespenaltiesod.csv
2024/2025,III,2,2,,,"Details of remissions of taxes, fees, penalties and other debts",https://www.tpsgc-pwgsc.gc.ca/recgen/cpc-pac/2025/vol3/s2/rtdpad-rtfpod-eng.html#w3s2remisst1e,"Détail sur les remises de taxes, droits, pénalités et autres dettes",https://www.tpsgc-pwgsc.gc.ca/recgen/cpc-pac/2025/vol3/s2/rtdpad-rtfpod-fra.html#w3s2remisst1f,"Remissions of Taxes, fees, Penalties and Other Debts as per the Public Accounts of Canada",https://open.canada.ca/data/en/dataset/192eaf3d-c5f0-4d0b-a2e9-504c96e796ea,"Remises de taxes, droits, pénalités et autres dettes selon les Comptes publics du Canada",https://ouvert.canada.ca/data/fr/dataset/192eaf3d-c5f0-4d0b-a2e9-504c96e796ea,"Data file",https://donnees-data.tpsgc-pwgsc.gc.ca/ba1/remtaxesdroitspenalitesad-remtaxesfeespenaltiesod/remtaxesdroitspenalitesad-remtaxesfeespenaltiesod.csv,"Fichier de données",https://donnees-data.tpsgc-pwgsc.gc.ca/ba1/remtaxesdroitspenalitesad-remtaxesfeespenaltiesod/remtaxesdroitspenalitesad-remtaxesfeespenaltiesod.csv
2024/2025,III,2,1,,,"Debts, obligations and claims written off or forgiven",https://www.tpsgc-pwgsc.gc.ca/recgen/cpc-pac/2025/vol3/s2/crr-docwof-eng.html#t2.8,"Créances, radiations ou renonciations",https://www.tpsgc-pwgsc.gc.ca/recgen/cpc-pac/2025/vol3/s2/crr-docwof-fra.html#t2.8,"Debts, Obligations and Claims Written Off or Forgiven as per the Public Accounts of Canada",https://open.canada.ca/data/en/dataset/257d9576-1d54-43bd-aee8-294c955c956d,"Créances - radiations ou renonciations selon les Comptes publics du Canada",https://ouvert.canada.ca/data/fr/dataset/257d9576-1d54-43bd-aee8-294c955c956d,"Data file",https://donnees-data.tpsgc-pwgsc.gc.ca/ba1/creancerenon-debtforgive/creancerenon-debtforgive.csv,"Fichier de données",https://donnees-data.tpsgc-pwgsc.gc.ca/ba1/creancerenon-debtforgive/creancerenon-debtforgive.csv
2024/2025,III,2,1,,,"Accountable advances",https://www.tpsgc-pwgsc.gc.ca/recgen/cpc-pac/2025/vol3/s2/aj-aa-eng.html#w3s2acctadvt1e,"Avances à justifier",https://www.tpsgc-pwgsc.gc.ca/recgen/cpc-pac/2025/vol3/s2/aj-aa-fra.html#w3s2acctadvt1f,"Accountable Advances as per the Public Accounts of Canada",https://open.canada.ca/data/en/dataset/8d8699ae-c080-4e73-90a1-daaab94b84df,"Avances à justifier selon les Comptes publics du Canada",https://ouvert.canada.ca/data/fr/dataset/8d8699ae-c080-4e73-90a1-daaab94b84df,"Data file",https://donnees-data.tpsgc-pwgsc.gc.ca/ba1/avancesjustifier-accountableadvances/avancesjustifier-accountableadvances.csv,"Fichier de données",https://donnees-data.tpsgc-pwgsc.gc.ca/ba1/avancesjustifier-accountableadvances/avancesjustifier-accountableadvances.csv
2024/2025,III,2,1,,,"Losses of revenues due to fraud or willful misrepresentation",https://www.tpsgc-pwgsc.gc.ca/recgen/cpc-pac/2025/vol3/s2/pfbp-lpmp-eng.html#w3s2lossT1e,"Pertes de revenus suite à une fraude ou à une fausse déclaration intentionnelle",https://www.tpsgc-pwgsc.gc.ca/recgen/cpc-pac/2025/vol3/s2/pfbp-lpmp-fra.html#w3s2lossT1f,"Losses of Public Money or Property as per the Public Accounts of Canada",https://open.canada.ca/data/en/dataset/024ec008-653b-4632-ade8-3d6c0c27729a,"Pertes de fonds ou de biens publics selon les Comptes publics du Canada",https://ouvert.canada.ca/data/fr/dataset/024ec008-653b-4632-ade8-3d6c0c27729a,"Data file",https://donnees-data.tpsgc-pwgsc.gc.ca/ba1/perteargentbienspublic-losspublicmoneyproperty/perteargentbienspublic-losspublicmoneyproperty.csv,"Fichier de données",https://donnees-data.tpsgc-pwgsc.gc.ca/ba1/perteargentbienspublic-losspublicmoneyproperty/perteargentbienspublic-losspublicmoneyproperty.csv
2024/2025,III,2,2,,,"Losses of public money due to an offence, illegal act or accident",https://www.tpsgc-pwgsc.gc.ca/recgen/cpc-pac/2025/vol3/s2/pfbp-lpmp-eng.html#w3s2lossT2e,"Pertes de fonds publics attribuables à une infraction, un acte illégal ou un accident",https://www.tpsgc-pwgsc.gc.ca/recgen/cpc-pac/2025/vol3/s2/pfbp-lpmp-fra.html#w3s2lossT2f,"Losses of Public Money or Property as per the Public Accounts of Canada",https://open.canada.ca/data/en/dataset/024ec008-653b-4632-ade8-3d6c0c27729a,"Pertes de fonds ou de biens publics selon les Comptes publics du Canada",https://ouvert.canada.ca/data/fr/dataset/024ec008-653b-4632-ade8-3d6c0c27729a,"Data file",https://donnees-data.tpsgc-pwgsc.gc.ca/ba1/perteargentbienspublic-losspublicmoneyproperty/perteargentbienspublic-losspublicmoneyproperty.csv,"Fichier de données",https://donnees-data.tpsgc-pwgsc.gc.ca/ba1/perteargentbienspublic-losspublicmoneyproperty/perteargentbienspublic-losspublicmoneyproperty.csv
2024/2025,III,2,3,,,"Losses of public property due to an offence or other illegal act",https://www.tpsgc-pwgsc.gc.ca/recgen/cpc-pac/2025/vol3/s2/pfbp-lpmp-eng.html#w3s2lossT3e,"Pertes de biens publics attribuables à une infraction ou autre acte illégal",https://www.tpsgc-pwgsc.gc.ca/recgen/cpc-pac/2025/vol3/s2/pfbp-lpmp-fra.html#w3s2lossT3f,"Losses of Public Money or Property as per the Public Accounts of Canada",https://open.canada.ca/data/en/dataset/024ec008-653b-4632-ade8-3d6c0c27729a,"Pertes de fonds ou de biens publics selon les Comptes publics du Canada",https://ouvert.canada.ca/data/fr/dataset/024ec008-653b-4632-ade8-3d6c0c27729a,"Data file",https://donnees-data.tpsgc-pwgsc.gc.ca/ba1/perteargentbienspublic-losspublicmoneyproperty/perteargentbienspublic-losspublicmoneyproperty.csv,"Fichier de données",https://donnees-data.tpsgc-pwgsc.gc.ca/ba1/perteargentbienspublic-losspublicmoneyproperty/perteargentbienspublic-losspublicmoneyproperty.csv
2024/2025,III,2,4,,,"Losses of public property due to accidental loss, destruction or damage",https://www.tpsgc-pwgsc.gc.ca/recgen/cpc-pac/2025/vol3/s2/pfbp-lpmp-eng.html#w3s2lossT4e,"Pertes de biens publics attribuables à une perte, destruction ou un dommage accidentel",https://www.tpsgc-pwgsc.gc.ca/recgen/cpc-pac/2025/vol3/s2/pfbp-lpmp-fra.html#w3s2lossT4f,"Losses of Public Money or Property as per the Public Accounts of Canada",https://open.canada.ca/data/en/dataset/024ec008-653b-4632-ade8-3d6c0c27729a,"Pertes de fonds ou de biens publics selon les Comptes publics du Canada",https://ouvert.canada.ca/data/fr/dataset/024ec008-653b-4632-ade8-3d6c0c27729a,"Data file",https://donnees-data.tpsgc-pwgsc.gc.ca/ba1/perteargentbienspublic-losspublicmoneyproperty/perteargentbienspublic-losspublicmoneyproperty.csv,"Fichier de données",https://donnees-data.tpsgc-pwgsc.gc.ca/ba1/perteargentbienspublic-losspublicmoneyproperty/perteargentbienspublic-losspublicmoneyproperty.csv
2024/2025,III,2,5,,,"Losses of public money or property—Update to cases reported in previous years' Public Accounts of Canada",https://www.tpsgc-pwgsc.gc.ca/recgen/cpc-pac/2025/vol3/s2/pfbp-lpmp-eng.html#w3s2lossT5e,"Pertes de fonds ou de biens publics  —  Mise à jour des cas déclarés dans les Comptes publics du Canada des exercices antérieurs",https://www.tpsgc-pwgsc.gc.ca/recgen/cpc-pac/2025/vol3/s2/pfbp-lpmp-fra.html#w3s2lossT5f,"Losses of Public Money or Property as per the Public Accounts of Canada",https://open.canada.ca/data/en/dataset/024ec008-653b-4632-ade8-3d6c0c27729a,"Pertes de fonds ou de biens publics selon les Comptes publics du Canada",https://ouvert.canada.ca/data/fr/dataset/024ec008-653b-4632-ade8-3d6c0c27729a,"Data file",https://donnees-data.tpsgc-pwgsc.gc.ca/ba1/perteargentbienspublic-losspublicmoneyproperty/perteargentbienspublic-losspublicmoneyproperty.csv,"Fichier de données",https://donnees-data.tpsgc-pwgsc.gc.ca/ba1/perteargentbienspublic-losspublicmoneyproperty/perteargentbienspublic-losspublicmoneyproperty.csv
2024/2025,III,3,1,,,"Professional and special services",https://www.tpsgc-pwgsc.gc.ca/recgen/cpc-pac/2025/vol3/s3/index-eng.html#w3s3proft1e,"Services professionnels et spéciaux",https://www.tpsgc-pwgsc.gc.ca/recgen/cpc-pac/2025/vol3/s3/index-fra.html#w3s3proft1f,"Detailed information on Professional and Special Services, as per the Public Accounts of Canada",https://open.canada.ca/data/en/dataset/ac597ff8-ee13-48c3-b315-42e528090af2,"Information détaillée sur les Services professionnels et spéciaux, selon les Comptes publics du Canada",https://ouvert.canada.ca/data/fr/dataset/ac597ff8-ee13-48c3-b315-42e528090af2,"2025 - Professional and Special Services",https://donnees-data.tpsgc-pwgsc.gc.ca/ba1/idsps-dipss/idsps-dipss-2025.csv,"2025 - Services professionnels et spéciaux",https://donnees-data.tpsgc-pwgsc.gc.ca/ba1/idsps-dipss/idsps-dipss-2025.csv
2024/2025,III,4,1,,,"Acquisition of land, buildings and works",https://www.tpsgc-pwgsc.gc.ca/recgen/cpc-pac/2025/vol3/s4/index-eng.html#w3s4landT1e,"Acquisition de terrains, bâtiments et travaux",https://www.tpsgc-pwgsc.gc.ca/recgen/cpc-pac/2025/vol3/s4/index-fra.html#w3s4landT1f,"Detailed information on Acquisition of Land, Building and Works, as per the Public Accounts of Canada",https://open.canada.ca/data/en/dataset/8776785b-445c-42bb-bb53-c29a1bff44dd,"Information détaillée sur l’acquisition de terrains, bâtiments et travaux, selon les Comptes publics du Canada",https://ouvert.canada.ca/data/fr/dataset/8776785b-445c-42bb-bb53-c29a1bff44dd,"2025 - Acquisition of Land, Buildings and Works",https://donnees-data.tpsgc-pwgsc.gc.ca/ba1/atbt-albw/atbt-albw-2025.csv,"2025 - Acquisition de terrains, bâtiments et travaux",https://donnees-data.tpsgc-pwgsc.gc.ca/ba1/atbt-albw/atbt-albw-2025.csv
2024/2025,III,5,1,,,"Acquisition of machinery and equipment",https://www.tpsgc-pwgsc.gc.ca/recgen/cpc-pac/2025/vol3/s5/index-eng.html#w3s5machineryT1e,"Acquisition de machinerie et matériel",https://www.tpsgc-pwgsc.gc.ca/recgen/cpc-pac/2025/vol3/s5/index-fra.html#w3s5machineryT1f,"Detailed information on Acquisition of Machinery and Equipment, as per the Public Accounts of Canada",https://open.canada.ca/data/en/dataset/2667652d-0484-4e93-b67e-9aa129cf152d,"Information détaillée sur l’acquisition de matériel et d'outillage, selon les Comptes publics du Canada",https://ouvert.canada.ca/data/fr/dataset/2667652d-0484-4e93-b67e-9aa129cf152d,"2025 - Detailed information on Acquisition of Machinery and Equipment",https://donnees-data.tpsgc-pwgsc.gc.ca/ba1/amo-ame/amo-ame-2025.csv,"2025 - Information détaillée sur l’acquisition de matériel et d'outillage",https://donnees-data.tpsgc-pwgsc.gc.ca/ba1/amo-ame/amo-ame-2025.csv
2024/2025,III,6,1,,,"Transfer payments",https://www.tpsgc-pwgsc.gc.ca/recgen/cpc-pac/2025/vol3/s6/index-eng.html#w3s6transpmtT1e,"Paiements de transfert",https://www.tpsgc-pwgsc.gc.ca/recgen/cpc-pac/2025/vol3/s6/index-fra.html#w3s6transpmtT1f,"Detailed information on Transfer Payments, as per the Public Accounts of Canada",https://open.canada.ca/data/en/dataset/69bdc3eb-e919-4854-bc52-a435a3e19092,"Information détaillée sur les paiements de transfert, selon les Comptes publics du Canada",https://ouvert.canada.ca/data/fr/dataset/69bdc3eb-e919-4854-bc52-a435a3e19092,"2025 - Transfer Payments",https://donnees-data.tpsgc-pwgsc.gc.ca/ba1/pt-tp/pt-tp-2025.csv,"2025 - Paiements de transfert",https://donnees-data.tpsgc-pwgsc.gc.ca/ba1/pt-tp/pt-tp-2025.csv
2024/2025,III,7,1,,,"Public debt charges",https://www.tpsgc-pwgsc.gc.ca/recgen/cpc-pac/2025/vol3/s7/index-eng.html#w3s7pdcT1e,"Frais de la dette publique",https://www.tpsgc-pwgsc.gc.ca/recgen/cpc-pac/2025/vol3/s7/index-fra.html#w3s7pdcT1f,"Public Debt Charges as per the Public Accounts",https://open.canada.ca/data/en/dataset/38be36d2-7c40-40c8-a782-783f4c56c4ce,"Frais de la dette publique selon les Comptes publics du Canada",https://ouvert.canada.ca/data/fr/dataset/38be36d2-7c40-40c8-a782-783f4c56c4ce,"Data file",https://donnees-data.tpsgc-pwgsc.gc.ca/ba1/fraisdettepublique-publicdebtcharges/fraisdettepublique-publicdebtcharges.csv,"Fichier de données",https://donnees-data.tpsgc-pwgsc.gc.ca/ba1/fraisdettepublique-publicdebtcharges/fraisdettepublique-publicdebtcharges.csv
2024/2025,III,8,1,,,"Payments of claims against the Crown",https://www.tpsgc-pwgsc.gc.ca/recgen/cpc-pac/2025/vol3/s8/prce-pcac-eng.html#w3s8claimt1e,"Paiements de réclamations contre l'État",https://www.tpsgc-pwgsc.gc.ca/recgen/cpc-pac/2025/vol3/s8/prce-pcac-fra.html#w3s8claimt1f,"Payments of Claims against the Crown as per Public Accounts of Canada",https://open.canada.ca/data/en/dataset/d7ea1810-69d6-4934-a5ad-1cfdce27d45b,"Paiements de réclamations contre l'État selon les Comptes publics du Canada",https://ouvert.canada.ca/data/fr/dataset/d7ea1810-69d6-4934-a5ad-1cfdce27d45b,"2025 - Volume 3, Section 8, Payments of Claims against the Crown",https://donnees-data.tpsgc-pwgsc.gc.ca/ba1/pocatc-pdrclsl/pocatc-pdrclsl-2025.csv,"2025 - Volume 3, Section 8, Paiements de réclamations contre l'État",https://donnees-data.tpsgc-pwgsc.gc.ca/ba1/pocatc-pdrclsl/pocatc-pdrclsl-2025.csv
2024/2025,III,8,1,,,"Ex gratia payments",https://www.tpsgc-pwgsc.gc.ca/recgen/cpc-pac/2025/vol3/s8/ptg-egp-eng.html#w3s8exgratia1e,"Paiements à titre gracieux",https://www.tpsgc-pwgsc.gc.ca/recgen/cpc-pac/2025/vol3/s8/ptg-egp-fra.html#w3s8exgratia1f,"Ex Gratia Payments as per the Public Accounts of Canada",https://open.canada.ca/data/en/dataset/87906970-eae3-4b4a-8726-d688ee6dcaba,"Paiements à titre gracieux selon les Comptes publics du Canada",https://ouvert.canada.ca/data/fr/dataset/87906970-eae3-4b4a-8726-d688ee6dcaba,"Data file",https://donnees-data.tpsgc-pwgsc.gc.ca/ba1/exgp-ptgs/exgp-ptgs.csv,"Fichier de données",https://donnees-data.tpsgc-pwgsc.gc.ca/ba1/exgp-ptgs/exgp-ptgs.csv
2024/2025,III,8,1,,,"Court awards",https://www.tpsgc-pwgsc.gc.ca/recgen/cpc-pac/2025/vol3/s8/mapuc-ca-eng.html#w3s8courtawt1e,"Montants adjugés par une cour",https://www.tpsgc-pwgsc.gc.ca/recgen/cpc-pac/2025/vol3/s8/mapuc-ca-fra.html#w3s8courtawt1f,"Court awards as per the Public Accounts of Canada",https://open.canada.ca/data/en/dataset/d02f1c50-5e0b-4aa8-8874-6960b2d1c63e,"Montants adjugés par une cour selon les Comptes publics du Canada",https://ouvert.canada.ca/data/fr/dataset/d02f1c50-5e0b-4aa8-8874-6960b2d1c63e,"Data file",https://donnees-data.tpsgc-pwgsc.gc.ca/ba1/montantadjuges-courtawards/montantadjuges-courtawards.csv,"Fichier de données",https://donnees-data.tpsgc-pwgsc.gc.ca/ba1/montantadjuges-courtawards/montantadjuges-courtawards.csv
2024/2025,III,9,"Various / Divers","Refer to Supporting Documentation","Reportez-vous à la documentation de soutien","Federal-provincial shared-cost programs",https://www.tpsgc-pwgsc.gc.ca/recgen/cpc-pac/2025/vol3/s9/index-eng.html#wb-cont,"Programmes fédéraux-provinciaux à frais partagés",https://www.tpsgc-pwgsc.gc.ca/recgen/cpc-pac/2025/vol3/s9/index-fra.html#wb-cont,"Federal-Provincial Shared-Cost Programs as per the Public Accounts of Canada",https://open.canada.ca/data/en/dataset/f198074c-9e91-419a-a5c1-c5ad3c805474,"Programmes fédéraux-provinciaux à frais partagés selon les Comptes publics du Canada",https://ouvert.canada.ca/data/fr/dataset/f198074c-9e91-419a-a5c1-c5ad3c805474,"Data file",https://donnees-data.tpsgc-pwgsc.gc.ca/ba1/programmesfraispartages-sharedcostprograms/programmesfraispartages-sharedcostprograms.csv,"Fichier de données",https://donnees-data.tpsgc-pwgsc.gc.ca/ba1/programmesfraispartages-sharedcostprograms/programmesfraispartages-sharedcostprograms.csv
2024/2025,III,10,1,,,"General information by commission",https://www.tpsgc-pwgsc.gc.ca/recgen/cpc-pac/2025/vol3/s10/commissions-eng.html#w3s10commissT1e,"Information générale par commission",https://www.tpsgc-pwgsc.gc.ca/recgen/cpc-pac/2025/vol3/s10/commissions-fra.html#w3s10commissT1f,"Commissions - General Information by Commission as per the Public Accounts of Canada",https://open.canada.ca/data/en/dataset/202331df-5e12-4666-a694-abc830649b02,"Commissions - Information générale par commission selon les Comptes publics du Canada",https://ouvert.canada.ca/data/fr/dataset/202331df-5e12-4666-a694-abc830649b02,"Data file",https://donnees-data.tpsgc-pwgsc.gc.ca/ba1/commission/commission.csv,"Fichier de données",https://donnees-data.tpsgc-pwgsc.gc.ca/ba1/commission/commission.csv
2024/2025,III,10,1,,,"Travel and living costs by commission",https://www.tpsgc-pwgsc.gc.ca/recgen/cpc-pac/2025/vol3/s10/fdsc-tlec-eng.html#w3s10commissT2e,"Frais de déplacement et de séjour par commission",https://www.tpsgc-pwgsc.gc.ca/recgen/cpc-pac/2025/vol3/s10/fdsc-tlec-fra.html#w3s10commissT2f,"Commissions - Details of Travel and Living Expenses as per the Public Accounts of Canada",https://open.canada.ca/data/en/dataset/f768e7db-5b5f-490c-9948-3b151e5734cf,"Commissions - Frais de déplacement et de séjour par commission selon les Comptes publics du Canada",https://ouvert.canada.ca/data/fr/dataset/f768e7db-5b5f-490c-9948-3b151e5734cf,"Data file",https://donnees-data.tpsgc-pwgsc.gc.ca/ba1/deplacement-travel/deplacement-travel.csv,"Fichier de données",https://donnees-data.tpsgc-pwgsc.gc.ca/ba1/deplacement-travel/deplacement-travel.csv
2024/2025,III,10,1,,,"Education costs",https://www.tpsgc-pwgsc.gc.ca/recgen/cpc-pac/2025/vol3/s10/fe-ec-eng.html#w3s10educT1e,"Frais d'études",https://www.tpsgc-pwgsc.gc.ca/recgen/cpc-pac/2025/vol3/s10/fe-ec-fra.html#w3s10educT1f,"Education Costs as per the Public Accounts of Canada",https://open.canada.ca/data/en/dataset/f2f51625-148b-40b7-8a4c-140c285e4d70,"Frais d'études selon les Comptes publics du Canada",https://ouvert.canada.ca/data/fr/dataset/f2f51625-148b-40b7-8a4c-140c285e4d70,"Data file",https://donnees-data.tpsgc-pwgsc.gc.ca/ba1/etudes-education/etudes-education.csv,"Fichier de données",https://donnees-data.tpsgc-pwgsc.gc.ca/ba1/etudes-education/etudes-education.csv
2024/2025,III,10,1,,,"Return on investments",https://www.tpsgc-pwgsc.gc.ca/recgen/cpc-pac/2025/vol3/s10/rdp-roi-eng.html#w3s10roiT1e,"Revenus de placements",https://www.tpsgc-pwgsc.gc.ca/recgen/cpc-pac/2025/vol3/s10/rdp-roi-fra.html#w3s10roiT1f,"Return on Investments as per the Public Accounts of Canada",https://open.canada.ca/data/en/dataset/9da36050-9a09-476f-ac85-3d580a328443,"Revenus de placements selon les Comptes publics du Canada",https://ouvert.canada.ca/data/fr/dataset/9da36050-9a09-476f-ac85-3d580a328443,"Data file",https://donnees-data.tpsgc-pwgsc.gc.ca/ba1/revenusplace-returninvest/revenusplace-returninvest.csv,"Fichier de données",https://donnees-data.tpsgc-pwgsc.gc.ca/ba1/revenusplace-returninvest/revenusplace-returninvest.csv
2024/2025,III,10,1,,,"Expenditures of ministers' offices",https://www.tpsgc-pwgsc.gc.ca/recgen/cpc-pac/2025/vol3/s10/dcm-emo-eng.html#w3s10expendT1e,"Dépenses des cabinets des ministres",https://www.tpsgc-pwgsc.gc.ca/recgen/cpc-pac/2025/vol3/s10/dcm-emo-fra.html#w3s10expendT1f,"Ministers’ offices expenses",https://open.canada.ca/data/en/dataset/508edfe7-0cba-4d76-afe8-d19e42e9df8a,"Dépenses des bureaux des ministres",https://ouvert.canada.ca/data/fr/dataset/508edfe7-0cba-4d76-afe8-d19e42e9df8a,"Data file 2024 - 2025",https://donnees-data.tpsgc-pwgsc.gc.ca/ba1/depensesbureauminstre-ministerofficeexpenses/depensesbureauminstre-ministerofficeexpenses-2024-2025.csv,"Fichier de données 2024 - 2025",https://donnees-data.tpsgc-pwgsc.gc.ca/ba1/depensesbureauminstre-ministerofficeexpenses/depensesbureauminstre-ministerofficeexpenses-2024-2025.csv
2024/2025,III,10,1,,,"Travel expenditures of ministers and parliamentary secretaries",https://www.tpsgc-pwgsc.gc.ca/recgen/cpc-pac/2025/vol3/s10/fdmsp-temps-eng.html#w3s10travelT1e,"Frais de déplacement des ministres et secrétaires parlementaires",https://www.tpsgc-pwgsc.gc.ca/recgen/cpc-pac/2025/vol3/s10/fdmsp-temps-fra.html#w3s10travelT1f,"Travel expenditures of ministers and parliamentary secretaries as per the Public Accounts of Canada",https://open.canada.ca/data/en/dataset/b7447260-62b5-493b-a9d9-285edd3587c2,"Frais de déplacement des ministres et secrétaires parlementaires selon les Comptes publics du Canada",https://ouvert.canada.ca/data/fr/dataset/b7447260-62b5-493b-a9d9-285edd3587c2,"Data file",https://donnees-data.tpsgc-pwgsc.gc.ca/ba1/fraisdeplacminparlemen-travelexpenminparlimen/fraisdeplacminparlemen-travelexpenminparlimen.csv,"Fichier de données",https://donnees-data.tpsgc-pwgsc.gc.ca/ba1/fraisdeplacminparlemen-travelexpenminparlimen/fraisdeplacminparlemen-travelexpenminparlimen.csv
2024/2025,III,10,1,,,"International travel expenditures of ministers, parliamentary secretaries and ministers' staff",https://www.tpsgc-pwgsc.gc.ca/recgen/cpc-pac/2025/vol3/s10/ddimsppm-itempsms-eng.html#w3s10internt1e,"Dépenses de déplacements internationaux des ministres, des secrétaires parlementaires et du personnel des ministres",https://www.tpsgc-pwgsc.gc.ca/recgen/cpc-pac/2025/vol3/s10/ddimsppm-itempsms-fra.html#w3s10internt1f,"International travel expenditures of ministers, parliamentary secretaries, and ministers' staff as per the Public Accounts of Canada",https://open.canada.ca/data/en/dataset/1fb0df6c-3666-4d87-8b7b-b1d9bd21a3ba,"Dépenses de déplacements internationaux des ministres, des secrétaires parlementaires selon les Comptes publics du Canada",https://ouvert.canada.ca/data/fr/dataset/1fb0df6c-3666-4d87-8b7b-b1d9bd21a3ba,"Data file",https://donnees-data.tpsgc-pwgsc.gc.ca/ba1/deplaceinternation-internationaltravel/deplaceinternation-internationaltravel.csv,"Fichier de données",https://donnees-data.tpsgc-pwgsc.gc.ca/ba1/deplaceinternation-internationaltravel/deplaceinternation-internationaltravel.csv
2024/2025,III,"N/A | s.o.","N/A | s.o.","Does not apply to a specific table","Ne s'applique pas à un tableau spécifique","N/A - Does not apply to a specific table","N/A - Does not apply to a specific table","s.o. - Ne s'applique pas à un tableau spécifique","s.o. - Ne s'applique pas à un tableau spécifique","The Public Accounts of Canada posted on the web",https://open.canada.ca/data/en/dataset/256ea1e0-fe32-4808-a95d-619d54f4466e,"Les comptes publics du Canada affichés sur le Web",https://ouvert.canada.ca/data/fr/dataset/256ea1e0-fe32-4808-a95d-619d54f4466e,"Data file",https://donnees-data.tpsgc-pwgsc.gc.ca/ba1/cpcweb-pacweb/cpcweb-pacweb.csv,"Ficher de données",https://donnees-data.tpsgc-pwgsc.gc.ca/ba1/cpcweb-pacweb/cpcweb-pacweb.csv
